{
  "metadata": {
    "run_number": 34,
    "julia_version": "1.11.8",
    "commit_hash": "78f7310be0dca6c1da92582012fe67d056722b64",
    "timestamp": "2026-01-13T18:24:02.762",
    "group": "trixi"
  },
  "benchmarks": {
    "tree_2d_dgsem/elixir_euler_ec.jl/p7_analysis": {
      "max_time_ns": 1.6490939e7,
      "allocs": 0,
      "min_time_ns": 1.0854241e7,
      "mean_time_ns": 1.1038671480088495e7,
      "samples": 452,
      "std_time_ns": 784005.8839381601,
      "median_time_ns": 1.0880651e7,
      "memory_bytes": 0
    },
    "tree_1d_dgsem/elixir_mhd_ec.jl/p3_analysis": {
      "max_time_ns": 23744.0,
      "allocs": 0,
      "min_time_ns": 3126.0,
      "mean_time_ns": 3206.7163,
      "samples": 10000,
      "std_time_ns": 518.4982692929997,
      "median_time_ns": 3166.0,
      "memory_bytes": 0
    },
    "tree_2d_dgsem/elixir_euler_ec.jl/p3_rhs!": {
      "max_time_ns": 1.924371e6,
      "allocs": 0,
      "min_time_ns": 1.384812e6,
      "mean_time_ns": 1.3986098330532212e6,
      "samples": 3570,
      "std_time_ns": 25210.06585514973,
      "median_time_ns": 1.394825e6,
      "memory_bytes": 0
    },
    "tree_1d_dgsem/elixir_mhd_ec.jl/p3_rhs!": {
      "max_time_ns": 32150.0,
      "allocs": 0,
      "min_time_ns": 5310.0,
      "mean_time_ns": 5425.6287,
      "samples": 10000,
      "std_time_ns": 745.796163993978,
      "median_time_ns": 5350.0,
      "memory_bytes": 0
    },
    "tree_2d_dgsem/elixir_advection_amr_nonperiodic.jl/p3_analysis": {
      "max_time_ns": 1.067958e6,
      "allocs": 0,
      "min_time_ns": 851764.0,
      "mean_time_ns": 868550.9300382875,
      "samples": 5746,
      "std_time_ns": 10030.192305914426,
      "median_time_ns": 867673.0,
      "memory_bytes": 0
    },
    "tree_2d_dgsem/elixir_advection_amr_nonperiodic.jl/p7_rhs!": {
      "max_time_ns": 1.38915e6,
      "allocs": 0,
      "min_time_ns": 316663.0,
      "mean_time_ns": 323501.313,
      "samples": 10000,
      "std_time_ns": 14711.603364398665,
      "median_time_ns": 319919.0,
      "memory_bytes": 0
    },
    "tree_2d_dgsem/elixir_euler_ec.jl/p7_rhs!": {
      "max_time_ns": 1.0640712e7,
      "allocs": 0,
      "min_time_ns": 9.42125e6,
      "mean_time_ns": 9.470606698863637e6,
      "samples": 528,
      "std_time_ns": 86775.22547331812,
      "median_time_ns": 9.449553e6,
      "memory_bytes": 0
    },
    "tree_2d_dgsem/elixir_euler_vortex_mortar.jl/p7_rhs!": {
      "max_time_ns": 1.858638e6,
      "allocs": 0,
      "min_time_ns": 1.121489e6,
      "mean_time_ns": 1.138325376226329e6,
      "samples": 4383,
      "std_time_ns": 35513.851164999556,
      "median_time_ns": 1.132209e6,
      "memory_bytes": 0
    },
    "tree_1d_dgsem/elixir_mhd_ec.jl/p7_rhs!": {
      "max_time_ns": 66404.0,
      "allocs": 0,
      "min_time_ns": 14387.0,
      "mean_time_ns": 14667.445,
      "samples": 10000,
      "std_time_ns": 1173.172130277448,
      "median_time_ns": 14518.0,
      "memory_bytes": 0
    },
    "structured_1d_dgsem/elixir_euler_sedov.jl/p3_rhs!": {
      "max_time_ns": 35647.0,
      "allocs": 0,
      "min_time_ns": 11993.0,
      "mean_time_ns": 12356.205,
      "samples": 10000,
      "std_time_ns": 1095.1120562830918,
      "median_time_ns": 12203.0,
      "memory_bytes": 0
    },
    "tree_2d_dgsem/elixir_euler_ec.jl/p3_analysis": {
      "max_time_ns": 2.89308e6,
      "allocs": 0,
      "min_time_ns": 2.32422e6,
      "mean_time_ns": 2.3410226504217433e6,
      "samples": 2134,
      "std_time_ns": 30396.901809542156,
      "median_time_ns": 2.335533e6,
      "memory_bytes": 0
    },
    "structured_1d_dgsem/elixir_euler_sedov.jl/p7_analysis": {
      "max_time_ns": 59802.0,
      "allocs": 128,
      "min_time_ns": 7805.0,
      "mean_time_ns": 8201.0523,
      "samples": 10000,
      "std_time_ns": 1081.290365836224,
      "median_time_ns": 8046.0,
      "memory_bytes": 8192
    },
    "tree_2d_dgsem/elixir_euler_vortex_mortar.jl/p7_analysis": {
      "max_time_ns": 6.992085e6,
      "allocs": 0,
      "min_time_ns": 6.275764e6,
      "mean_time_ns": 6.303096583858764e6,
      "samples": 793,
      "std_time_ns": 44790.17876590987,
      "median_time_ns": 6.292125e6,
      "memory_bytes": 0
    },
    "tree_2d_dgsem/elixir_euler_vortex_mortar.jl/p3_rhs!": {
      "max_time_ns": 670626.0,
      "allocs": 0,
      "min_time_ns": 350456.0,
      "mean_time_ns": 358926.9271,
      "samples": 10000,
      "std_time_ns": 11875.65568617511,
      "median_time_ns": 354564.0,
      "memory_bytes": 0
    },
    "tree_2d_dgsem/elixir_advection_amr_nonperiodic.jl/p7_analysis": {
      "max_time_ns": 5.219432e6,
      "allocs": 0,
      "min_time_ns": 3.937466e6,
      "mean_time_ns": 3.9797311886942675e6,
      "samples": 1256,
      "std_time_ns": 77088.30860363423,
      "median_time_ns": 3.9583335e6,
      "memory_bytes": 0
    },
    "tree_2d_dgsem/elixir_euler_vortex_mortar.jl/p3_analysis": {
      "max_time_ns": 1.945027e6,
      "allocs": 0,
      "min_time_ns": 1.307068e6,
      "mean_time_ns": 1.31609433456367e6,
      "samples": 3793,
      "std_time_ns": 23831.567782173694,
      "median_time_ns": 1.311245e6,
      "memory_bytes": 0
    },
    "tree_2d_dgsem/elixir_advection_extended.jl/p7_analysis": {
      "max_time_ns": 1.162989e6,
      "allocs": 0,
      "min_time_ns": 814925.0,
      "mean_time_ns": 826042.2222222222,
      "samples": 6039,
      "std_time_ns": 14759.715068452964,
      "median_time_ns": 825073.0,
      "memory_bytes": 0
    },
    "tree_2d_dgsem/elixir_advection_extended.jl/p7_rhs!": {
      "max_time_ns": 306006.0,
      "allocs": 0,
      "min_time_ns": 166354.0,
      "mean_time_ns": 170037.3336,
      "samples": 10000,
      "std_time_ns": 6773.293079693612,
      "median_time_ns": 167947.0,
      "memory_bytes": 0
    },
    "structured_1d_dgsem/elixir_euler_sedov.jl/p3_analysis": {
      "max_time_ns": 194046.0,
      "allocs": 128,
      "min_time_ns": 5020.0,
      "mean_time_ns": 5716.6733,
      "samples": 10000,
      "std_time_ns": 5988.212713967156,
      "median_time_ns": 5230.0,
      "memory_bytes": 6144
    },
    "tree_2d_dgsem/elixir_advection_extended.jl/p3_analysis": {
      "max_time_ns": 274156.0,
      "allocs": 0,
      "min_time_ns": 170611.0,
      "mean_time_ns": 173466.6039,
      "samples": 10000,
      "std_time_ns": 5521.082965516458,
      "median_time_ns": 171743.0,
      "memory_bytes": 0
    },
    "structured_1d_dgsem/elixir_euler_sedov.jl/p7_rhs!": {
      "max_time_ns": 60534.0,
      "allocs": 0,
      "min_time_ns": 33022.0,
      "mean_time_ns": 33694.8948,
      "samples": 10000,
      "std_time_ns": 1988.6099633894046,
      "median_time_ns": 33283.0,
      "memory_bytes": 0
    },
    "tree_2d_dgsem/elixir_advection_extended.jl/p3_rhs!": {
      "max_time_ns": 86753.0,
      "allocs": 0,
      "min_time_ns": 43462.0,
      "mean_time_ns": 44519.1479,
      "samples": 10000,
      "std_time_ns": 2345.7981563051417,
      "median_time_ns": 44033.0,
      "memory_bytes": 0
    },
    "tree_1d_dgsem/elixir_mhd_ec.jl/p7_analysis": {
      "max_time_ns": 26400.0,
      "allocs": 0,
      "min_time_ns": 6742.0,
      "mean_time_ns": 6901.6323,
      "samples": 10000,
      "std_time_ns": 748.1711788808767,
      "median_time_ns": 6823.0,
      "memory_bytes": 0
    },
    "tree_2d_dgsem/elixir_advection_amr_nonperiodic.jl/p3_rhs!": {
      "max_time_ns": 184427.0,
      "allocs": 0,
      "min_time_ns": 88337.0,
      "mean_time_ns": 90732.2479,
      "samples": 10000,
      "std_time_ns": 6659.759375933947,
      "median_time_ns": 89188.0,
      "memory_bytes": 0
    }
  }
}