{
  "metadata": {
    "run_number": 18,
    "julia_version": "1.11.9",
    "commit_hash": "90b2c7dc6438cbd66b6eff029a42700de93af5d0",
    "git_dirty": false,
    "hostname": "runnervmnay03",
    "git_branch": "main",
    "timestamp": "2026-02-28T03:14:55.390",
    "group": "enzyme",
    "system": {
      "julia_threads": 1,
      "arch": "x86_64",
      "word_size": 64,
      "os": "Linux",
      "cpu_threads": 4
    }
  },
  "benchmarks": {
    "basics/make_zero/array": {
      "cv": 0.8987061597590775,
      "p25_time_ns": 50.0,
      "std_time_ns": 65.7550044967806,
      "median_time_ns": 60.0,
      "allocs": 2,
      "gc_time_ns": 0.0,
      "memory_bytes": 928,
      "iqr_time_ns": 10.0,
      "p75_time_ns": 60.0,
      "min_time_ns": 40.0,
      "mean_time_ns": 73.1663,
      "max_time_ns": 1854.0,
      "p99_time_ns": 350.0,
      "samples": 10000,
      "p95_time_ns": 211.0
    },
    "basics/make_zero/namedtuple": {
      "cv": 2.835887170391039,
      "p25_time_ns": 30.0,
      "std_time_ns": 85.5459544384309,
      "median_time_ns": 30.0,
      "allocs": 0,
      "gc_time_ns": 0.0,
      "memory_bytes": 0,
      "iqr_time_ns": 0.0,
      "p75_time_ns": 30.0,
      "min_time_ns": 20.0,
      "mean_time_ns": 30.1655,
      "max_time_ns": 8576.0,
      "p99_time_ns": 31.0,
      "samples": 10000,
      "p95_time_ns": 31.0
    },
    "autodiff/reverse/complex": {
      "cv": 0.15858704075212074,
      "p25_time_ns": 28263.0,
      "std_time_ns": 4863.148852411333,
      "median_time_ns": 31339.0,
      "allocs": 3,
      "gc_time_ns": 0.0,
      "memory_bytes": 8072,
      "iqr_time_ns": 3236.0,
      "p75_time_ns": 31499.0,
      "min_time_ns": 27932.0,
      "mean_time_ns": 30665.4871,
      "max_time_ns": 399517.0,
      "p99_time_ns": 40656.0,
      "samples": 10000,
      "p95_time_ns": 34555.0
    },
    "autodiff/forward/complex": {
      "cv": 0.14435926730319631,
      "p25_time_ns": 18955.0,
      "std_time_ns": 2862.0898155485247,
      "median_time_ns": 19066.0,
      "allocs": 3,
      "gc_time_ns": 0.0,
      "memory_bytes": 8072,
      "iqr_time_ns": 351.0,
      "p75_time_ns": 19306.0,
      "min_time_ns": 18725.0,
      "mean_time_ns": 19826.1592,
      "max_time_ns": 221163.0,
      "p99_time_ns": 27952.0,
      "samples": 10000,
      "p95_time_ns": 22513.0
    },
    "basics/make_zero/struct": {
      "cv": 0.69499204531871,
      "p25_time_ns": 191.0,
      "std_time_ns": 152.5731326913161,
      "median_time_ns": 200.0,
      "allocs": 7,
      "gc_time_ns": 0.0,
      "memory_bytes": 496,
      "iqr_time_ns": 10.0,
      "p75_time_ns": 201.0,
      "min_time_ns": 180.0,
      "mean_time_ns": 219.5322,
      "max_time_ns": 10279.0,
      "p99_time_ns": 471.0,
      "samples": 10000,
      "p95_time_ns": 320.0
    },
    "autodiff/forward/simple": {
      "cv": 0.7432953274776914,
      "p25_time_ns": 201.0,
      "std_time_ns": 1161.3221667765645,
      "median_time_ns": 2064.0,
      "allocs": 4,
      "gc_time_ns": 0.0,
      "memory_bytes": 2720,
      "iqr_time_ns": 1933.0,
      "p75_time_ns": 2134.0,
      "min_time_ns": 190.0,
      "mean_time_ns": 1562.3967,
      "max_time_ns": 21851.0,
      "p99_time_ns": 5149.0,
      "samples": 10000,
      "p95_time_ns": 2344.0
    },
    "autodiff/reverse/simple": {
      "cv": 0.41209548929273904,
      "p25_time_ns": 1764.0,
      "std_time_ns": 1341.6598614240554,
      "median_time_ns": 3787.0,
      "allocs": 4,
      "gc_time_ns": 0.0,
      "memory_bytes": 2720,
      "iqr_time_ns": 2103.0,
      "p75_time_ns": 3867.0,
      "min_time_ns": 1612.0,
      "mean_time_ns": 3255.7014,
      "max_time_ns": 25738.0,
      "p99_time_ns": 6923.0,
      "samples": 10000,
      "p95_time_ns": 4108.0
    }
  }
}