{
  "metadata": {
    "run_number": 12,
    "julia_version": "1.11.9",
    "commit_hash": "90b2c7dc6438cbd66b6eff029a42700de93af5d0",
    "git_dirty": false,
    "hostname": "runnervmwffz4",
    "git_branch": "main",
    "timestamp": "2026-02-22T03:22:26.355",
    "group": "enzyme",
    "system": {
      "julia_threads": 1,
      "arch": "x86_64",
      "word_size": 64,
      "os": "Linux",
      "cpu_threads": 4
    }
  },
  "benchmarks": {
    "basics/make_zero/array": {
      "cv": 0.9604147359134493,
      "p25_time_ns": 51.0,
      "std_time_ns": 71.85506117241576,
      "median_time_ns": 60.0,
      "allocs": 2,
      "gc_time_ns": 0.0,
      "memory_bytes": 928,
      "iqr_time_ns": 9.0,
      "p75_time_ns": 60.0,
      "min_time_ns": 49.0,
      "mean_time_ns": 74.8167,
      "max_time_ns": 4017.0,
      "p99_time_ns": 340.0,
      "samples": 10000,
      "p95_time_ns": 220.0
    },
    "basics/make_zero/namedtuple": {
      "cv": 6.183733634913624,
      "p25_time_ns": 30.0,
      "std_time_ns": 197.36993666571908,
      "median_time_ns": 30.0,
      "allocs": 0,
      "gc_time_ns": 0.0,
      "memory_bytes": 0,
      "iqr_time_ns": 0.0,
      "p75_time_ns": 30.0,
      "min_time_ns": 20.0,
      "mean_time_ns": 31.9176,
      "max_time_ns": 19757.0,
      "p99_time_ns": 50.0,
      "samples": 10000,
      "p95_time_ns": 31.0
    },
    "autodiff/reverse/complex": {
      "cv": 0.09392827094329244,
      "p25_time_ns": 28553.0,
      "std_time_ns": 2862.944049247011,
      "median_time_ns": 31037.0,
      "allocs": 3,
      "gc_time_ns": 0.0,
      "memory_bytes": 8072,
      "iqr_time_ns": 2606.0,
      "p75_time_ns": 31159.0,
      "min_time_ns": 28213.0,
      "mean_time_ns": 30480.1102,
      "max_time_ns": 103803.0,
      "p99_time_ns": 39544.0,
      "samples": 10000,
      "p95_time_ns": 34204.0
    },
    "autodiff/forward/complex": {
      "cv": 0.12977759532032634,
      "p25_time_ns": 18935.0,
      "std_time_ns": 2554.9317786264555,
      "median_time_ns": 19045.0,
      "allocs": 3,
      "gc_time_ns": 0.0,
      "memory_bytes": 8072,
      "iqr_time_ns": 321.0,
      "p75_time_ns": 19256.0,
      "min_time_ns": 18685.0,
      "mean_time_ns": 19687.002,
      "max_time_ns": 198479.0,
      "p99_time_ns": 27401.0,
      "samples": 10000,
      "p95_time_ns": 21891.0
    },
    "basics/make_zero/struct": {
      "cv": 0.7823902583632262,
      "p25_time_ns": 190.0,
      "std_time_ns": 171.6335768893476,
      "median_time_ns": 191.0,
      "allocs": 7,
      "gc_time_ns": 0.0,
      "memory_bytes": 496,
      "iqr_time_ns": 11.0,
      "p75_time_ns": 201.0,
      "min_time_ns": 180.0,
      "mean_time_ns": 219.3708,
      "max_time_ns": 9237.0,
      "p99_time_ns": 501.0,
      "samples": 10000,
      "p95_time_ns": 370.0
    },
    "autodiff/forward/simple": {
      "cv": 1.0894677629543312,
      "p25_time_ns": 201.0,
      "std_time_ns": 1543.0146089803113,
      "median_time_ns": 1794.0,
      "allocs": 4,
      "gc_time_ns": 0.0,
      "memory_bytes": 2720,
      "iqr_time_ns": 1703.0,
      "p75_time_ns": 1904.0,
      "min_time_ns": 180.0,
      "mean_time_ns": 1416.3013,
      "max_time_ns": 97642.0,
      "p99_time_ns": 4970.0,
      "samples": 10000,
      "p95_time_ns": 2164.0
    },
    "autodiff/reverse/simple": {
      "cv": 0.30740743046875896,
      "p25_time_ns": 2865.0,
      "std_time_ns": 1272.5553576878601,
      "median_time_ns": 4539.0,
      "allocs": 4,
      "gc_time_ns": 0.0,
      "memory_bytes": 2720,
      "iqr_time_ns": 1773.0,
      "p75_time_ns": 4638.0,
      "min_time_ns": 1874.0,
      "mean_time_ns": 4139.6376,
      "max_time_ns": 23163.0,
      "p99_time_ns": 7794.0,
      "samples": 10000,
      "p95_time_ns": 4899.0
    }
  }
}