{
  "metadata": {
    "run_number": 12,
    "julia_version": "1.11.9",
    "commit_hash": "90b2c7dc6438cbd66b6eff029a42700de93af5d0",
    "git_dirty": true,
    "hostname": "runnervmwffz4",
    "git_branch": "main",
    "timestamp": "2026-02-22T03:18:16.244",
    "group": "trixi",
    "system": {
      "julia_threads": 1,
      "arch": "x86_64",
      "word_size": 64,
      "os": "Linux",
      "cpu_threads": 4
    }
  },
  "benchmarks": {
    "tree_2d_dgsem/elixir_euler_ec.jl/p7_analysis": {
      "cv": 0.008523858280673518,
      "p25_time_ns": 1.0989188e7,
      "std_time_ns": 93829.5717776119,
      "median_time_ns": 1.0995811e7,
      "allocs": 0,
      "gc_time_ns": 0.0,
      "memory_bytes": 0,
      "iqr_time_ns": 14998.0,
      "p75_time_ns": 1.1004186e7,
      "min_time_ns": 1.0974423e7,
      "mean_time_ns": 1.1007875622516556e7,
      "max_time_ns": 1.2791537e7,
      "p99_time_ns": 1.1232527e7,
      "samples": 453,
      "p95_time_ns": 1.103784e7
    },
    "tree_1d_dgsem/elixir_mhd_ec.jl/p3_analysis": {
      "cv": 0.16579817302301866,
      "p25_time_ns": 3216.0,
      "std_time_ns": 541.3423091959215,
      "median_time_ns": 3226.0,
      "allocs": 0,
      "gc_time_ns": 0.0,
      "memory_bytes": 0,
      "iqr_time_ns": 20.0,
      "p75_time_ns": 3236.0,
      "min_time_ns": 3185.0,
      "mean_time_ns": 3265.068,
      "max_time_ns": 18706.0,
      "p99_time_ns": 3316.0,
      "samples": 10000,
      "p95_time_ns": 3277.0
    },
    "tree_2d_dgsem/elixir_euler_ec.jl/p3_rhs!": {
      "cv": 0.019410220158702536,
      "p25_time_ns": 1.393552e6,
      "std_time_ns": 27215.02532998284,
      "median_time_ns": 1.3984165e6,
      "allocs": 0,
      "gc_time_ns": 0.0,
      "memory_bytes": 0,
      "iqr_time_ns": 10079.0,
      "p75_time_ns": 1.403631e6,
      "min_time_ns": 1.38655e6,
      "mean_time_ns": 1.4020977148876404e6,
      "max_time_ns": 2.241211e6,
      "p99_time_ns": 1.460047e6,
      "samples": 3560,
      "p95_time_ns": 1.426334e6
    },
    "tree_1d_dgsem/elixir_mhd_ec.jl/p3_rhs!": {
      "cv": 0.14537577050868908,
      "p25_time_ns": 5340.0,
      "std_time_ns": 792.1364367913203,
      "median_time_ns": 5350.0,
      "allocs": 0,
      "gc_time_ns": 0.0,
      "memory_bytes": 0,
      "iqr_time_ns": 20.0,
      "p75_time_ns": 5360.0,
      "min_time_ns": 5310.0,
      "mean_time_ns": 5448.889,
      "max_time_ns": 24286.0,
      "p99_time_ns": 7915.0,
      "samples": 10000,
      "p95_time_ns": 5420.0
    },
    "tree_2d_dgsem/elixir_advection_amr_nonperiodic.jl/p3_analysis": {
      "cv": 0.011681257327080486,
      "p25_time_ns": 835837.0,
      "std_time_ns": 9778.61882417397,
      "median_time_ns": 836638.0,
      "allocs": 0,
      "gc_time_ns": 0.0,
      "memory_bytes": 0,
      "iqr_time_ns": 2003.0,
      "p75_time_ns": 837840.0,
      "min_time_ns": 826960.0,
      "mean_time_ns": 837120.4015431063,
      "max_time_ns": 1.110432e6,
      "p99_time_ns": 862577.0,
      "samples": 5962,
      "p95_time_ns": 843692.0
    },
    "tree_2d_dgsem/elixir_advection_amr_nonperiodic.jl/p7_rhs!": {
      "cv": 0.02133471911608544,
      "p25_time_ns": 320540.0,
      "std_time_ns": 6932.291419530171,
      "median_time_ns": 321678.0,
      "allocs": 0,
      "gc_time_ns": 0.0,
      "memory_bytes": 0,
      "iqr_time_ns": 9318.0,
      "p75_time_ns": 329858.0,
      "min_time_ns": 318737.0,
      "mean_time_ns": 324930.0533,
      "max_time_ns": 454272.0,
      "p99_time_ns": 346670.0,
      "samples": 10000,
      "p95_time_ns": 333185.0
    },
    "tree_2d_dgsem/elixir_euler_ec.jl/p7_rhs!": {
      "cv": 0.009933942011227494,
      "p25_time_ns": 9.419548e6,
      "std_time_ns": 93805.41124343798,
      "median_time_ns": 9.4286795e6,
      "allocs": 0,
      "gc_time_ns": 0.0,
      "memory_bytes": 0,
      "iqr_time_ns": 23193.0,
      "p75_time_ns": 9.442741e6,
      "min_time_ns": 9.404418e6,
      "mean_time_ns": 9.442919149056604e6,
      "max_time_ns": 1.1320932e7,
      "p99_time_ns": 9.683272e6,
      "samples": 530,
      "p95_time_ns": 9.487786e6
    },
    "tree_2d_dgsem/elixir_euler_vortex_mortar.jl/p7_rhs!": {
      "cv": 0.019689968044927494,
      "p25_time_ns": 1.127684e6,
      "std_time_ns": 22367.150962250882,
      "median_time_ns": 1.1316165e6,
      "allocs": 0,
      "gc_time_ns": 0.0,
      "memory_bytes": 0,
      "iqr_time_ns": 10239.0,
      "p75_time_ns": 1.137923e6,
      "min_time_ns": 1.113958e6,
      "mean_time_ns": 1.1359668492714025e6,
      "max_time_ns": 1.760189e6,
      "p99_time_ns": 1.189169e6,
      "samples": 4392,
      "p95_time_ns": 1.162689e6
    },
    "tree_1d_dgsem/elixir_mhd_ec.jl/p7_rhs!": {
      "cv": 0.07235591558108893,
      "p25_time_ns": 14547.0,
      "std_time_ns": 1064.2443867470772,
      "median_time_ns": 14567.0,
      "allocs": 0,
      "gc_time_ns": 0.0,
      "memory_bytes": 0,
      "iqr_time_ns": 50.0,
      "p75_time_ns": 14597.0,
      "min_time_ns": 14437.0,
      "mean_time_ns": 14708.4641,
      "max_time_ns": 32370.0,
      "p99_time_ns": 22252.0,
      "samples": 10000,
      "p95_time_ns": 14657.0
    },
    "structured_1d_dgsem/elixir_euler_sedov.jl/p3_rhs!": {
      "cv": 0.0834220137332889,
      "p25_time_ns": 11872.0,
      "std_time_ns": 1002.1201373337055,
      "median_time_ns": 11892.0,
      "allocs": 0,
      "gc_time_ns": 0.0,
      "memory_bytes": 0,
      "iqr_time_ns": 51.0,
      "p75_time_ns": 11923.0,
      "min_time_ns": 11811.0,
      "mean_time_ns": 12012.6582,
      "max_time_ns": 44794.0,
      "p99_time_ns": 19376.0,
      "samples": 10000,
      "p95_time_ns": 11983.0
    },
    "tree_2d_dgsem/elixir_euler_ec.jl/p3_analysis": {
      "cv": 0.007190306782623657,
      "p25_time_ns": 2.296173e6,
      "std_time_ns": 16560.021046980077,
      "median_time_ns": 2.299641e6,
      "allocs": 0,
      "gc_time_ns": 0.0,
      "memory_bytes": 0,
      "iqr_time_ns": 9097.0,
      "p75_time_ns": 2.30527e6,
      "min_time_ns": 2.290684e6,
      "mean_time_ns": 2.3031035458736746e6,
      "max_time_ns": 2.615442e6,
      "p99_time_ns": 2.356176e6,
      "samples": 2169,
      "p95_time_ns": 2.319067e6
    },
    "structured_1d_dgsem/elixir_euler_sedov.jl/p7_analysis": {
      "cv": 0.1346079785153324,
      "p25_time_ns": 8046.0,
      "std_time_ns": 1126.7155295242706,
      "median_time_ns": 8156.0,
      "allocs": 128,
      "gc_time_ns": 0.0,
      "memory_bytes": 8192,
      "iqr_time_ns": 300.0,
      "p75_time_ns": 8346.0,
      "min_time_ns": 7825.0,
      "mean_time_ns": 8370.3473,
      "max_time_ns": 32451.0,
      "p99_time_ns": 12383.0,
      "samples": 10000,
      "p95_time_ns": 8907.0
    },
    "tree_2d_dgsem/elixir_euler_vortex_mortar.jl/p7_analysis": {
      "cv": 0.029844582992371124,
      "p25_time_ns": 6.282566e6,
      "std_time_ns": 188318.83152180002,
      "median_time_ns": 6.288988e6,
      "allocs": 0,
      "gc_time_ns": 0.0,
      "memory_bytes": 0,
      "iqr_time_ns": 15919.0,
      "p75_time_ns": 6.298485e6,
      "min_time_ns": 6.268629e6,
      "mean_time_ns": 6.309983676767677e6,
      "max_time_ns": 1.0161025e7,
      "p99_time_ns": 6.566759e6,
      "samples": 792,
      "p95_time_ns": 6.341085e6
    },
    "tree_2d_dgsem/elixir_euler_vortex_mortar.jl/p3_rhs!": {
      "cv": 0.03947021395372538,
      "p25_time_ns": 353252.0,
      "std_time_ns": 14164.288206430067,
      "median_time_ns": 354565.0,
      "allocs": 0,
      "gc_time_ns": 0.0,
      "memory_bytes": 0,
      "iqr_time_ns": 9347.0,
      "p75_time_ns": 362599.0,
      "min_time_ns": 350126.0,
      "mean_time_ns": 358860.1831,
      "max_time_ns": 768009.0,
      "p99_time_ns": 390412.0,
      "samples": 10000,
      "p95_time_ns": 371016.0
    },
    "tree_2d_dgsem/elixir_advection_amr_nonperiodic.jl/p7_analysis": {
      "cv": 0.003194586606762869,
      "p25_time_ns": 3.947911e6,
      "std_time_ns": 12633.079536192517,
      "median_time_ns": 3.9504855e6,
      "allocs": 0,
      "gc_time_ns": 0.0,