{
  "metadata": {
    "run_number": 62,
    "julia_version": "1.11.9",
    "commit_hash": "0b8dd93cc66465870759104d1b30c99a4accad75",
    "git_dirty": false,
    "hostname": "runnervm46oaq",
    "git_branch": "main",
    "timestamp": "2026-03-16T03:14:38.258",
    "group": "enzyme",
    "system": {
      "julia_threads": 1,
      "arch": "x86_64",
      "word_size": 64,
      "os": "Linux",
      "cpu_threads": 4
    }
  },
  "benchmarks": {
    "basics/make_zero/array": {
      "cv": 0.9181038585024718,
      "p25_time_ns": 50.0,
      "std_time_ns": 69.86127690502859,
      "median_time_ns": 60.0,
      "allocs": 2,
      "gc_time_ns": 0.0,
      "memory_bytes": 928,
      "iqr_time_ns": 10.0,
      "p75_time_ns": 60.0,
      "min_time_ns": 40.0,
      "mean_time_ns": 76.093,
      "max_time_ns": 1243.0,
      "p99_time_ns": 401.0,
      "samples": 10000,
      "p95_time_ns": 220.0
    },
    "basics/make_zero/namedtuple": {
      "cv": 0.12182436155887502,
      "p25_time_ns": 30.0,
      "std_time_ns": 3.5739856599250284,
      "median_time_ns": 30.0,
      "allocs": 0,
      "gc_time_ns": 0.0,
      "memory_bytes": 0,
      "iqr_time_ns": 0.0,
      "p75_time_ns": 30.0,
      "min_time_ns": 20.0,
      "mean_time_ns": 29.3372,
      "max_time_ns": 260.0,
      "p99_time_ns": 31.0,
      "samples": 10000,
      "p95_time_ns": 31.0
    },
    "autodiff/reverse/complex": {
      "cv": 0.14908338419365405,
      "p25_time_ns": 28333.0,
      "std_time_ns": 4546.7745845564705,
      "median_time_ns": 31323.5,
      "allocs": 3,
      "gc_time_ns": 0.0,
      "memory_bytes": 8072,
      "iqr_time_ns": 3206.0,
      "p75_time_ns": 31539.0,
      "min_time_ns": 27963.0,
      "mean_time_ns": 30498.1981,
      "max_time_ns": 402200.0,
      "p99_time_ns": 40325.0,
      "samples": 10000,
      "p95_time_ns": 34574.0
    },
    "autodiff/forward/complex": {
      "cv": 0.13441909261488622,
      "p25_time_ns": 19166.0,
      "std_time_ns": 2701.1887657657003,
      "median_time_ns": 19316.0,
      "allocs": 3,
      "gc_time_ns": 0.0,
      "memory_bytes": 8072,
      "iqr_time_ns": 441.0,
      "p75_time_ns": 19607.0,
      "min_time_ns": 18855.0,
      "mean_time_ns": 20095.276,
      "max_time_ns": 201386.0,
      "p99_time_ns": 28343.0,
      "samples": 10000,
      "p95_time_ns": 22693.0
    },
    "basics/make_zero/struct": {
      "cv": 0.6980986304025553,
      "p25_time_ns": 190.0,
      "std_time_ns": 151.1880581046379,
      "median_time_ns": 191.0,
      "allocs": 7,
      "gc_time_ns": 0.0,
      "memory_bytes": 496,
      "iqr_time_ns": 11.0,
      "p75_time_ns": 201.0,
      "min_time_ns": 180.0,
      "mean_time_ns": 216.5712,
      "max_time_ns": 9618.0,
      "p99_time_ns": 471.0,
      "samples": 10000,
      "p95_time_ns": 361.0
    },
    "autodiff/forward/simple": {
      "cv": 0.7524132309557123,
      "p25_time_ns": 211.0,
      "std_time_ns": 1173.1492415093126,
      "median_time_ns": 2044.0,
      "allocs": 4,
      "gc_time_ns": 0.0,
      "memory_bytes": 2720,
      "iqr_time_ns": 1913.0,
      "p75_time_ns": 2124.0,
      "min_time_ns": 200.0,
      "mean_time_ns": 1559.1821,
      "max_time_ns": 17022.0,
      "p99_time_ns": 5140.0,
      "samples": 10000,
      "p95_time_ns": 2364.0
    },
    "autodiff/reverse/simple": {
      "cv": 0.42354975903314557,
      "p25_time_ns": 1753.0,
      "std_time_ns": 1377.7771670370034,
      "median_time_ns": 3787.0,
      "allocs": 4,
      "gc_time_ns": 0.0,
      "memory_bytes": 2720,
      "iqr_time_ns": 2115.0,
      "p75_time_ns": 3868.0,
      "min_time_ns": 1583.0,
      "mean_time_ns": 3252.9287,
      "max_time_ns": 24245.0,
      "p99_time_ns": 6924.0,
      "samples": 10000,
      "p95_time_ns": 4098.0
    }
  }
}