{
  "metadata": {
    "run_number": 57,
    "julia_version": "1.11.8",
    "commit_hash": "9ed7154b276b6f1fbb0cc5fd7bc294332d83ef3d",
    "git_dirty": false,
    "hostname": "runnervmwffz4",
    "git_branch": "main",
    "timestamp": "2026-02-06T03:09:36.989",
    "group": "enzyme",
    "system": {
      "julia_threads": 1,
      "arch": "x86_64",
      "word_size": 64,
      "os": "Linux",
      "cpu_threads": 4
    }
  },
  "benchmarks": {
    "basics/make_zero/array": {
      "cv": 1.5037240186678285,
      "p25_time_ns": 50.0,
      "std_time_ns": 107.13507329601744,
      "median_time_ns": 60.0,
      "allocs": 2,
      "gc_time_ns": 0.0,
      "memory_bytes": 928,
      "iqr_time_ns": 10.0,
      "p75_time_ns": 60.0,
      "min_time_ns": 49.0,
      "mean_time_ns": 71.2465,
      "max_time_ns": 9258.0,
      "p99_time_ns": 331.0,
      "samples": 10000,
      "p95_time_ns": 191.0
    },
    "basics/make_zero/namedtuple": {
      "cv": 0.13628160718058002,
      "p25_time_ns": 30.0,
      "std_time_ns": 4.003367608054564,
      "median_time_ns": 30.0,
      "allocs": 0,
      "gc_time_ns": 0.0,
      "memory_bytes": 0,
      "iqr_time_ns": 0.0,
      "p75_time_ns": 30.0,
      "min_time_ns": 20.0,
      "mean_time_ns": 29.3757,
      "max_time_ns": 280.0,
      "p99_time_ns": 31.0,
      "samples": 10000,
      "p95_time_ns": 31.0
    },
    "autodiff/reverse/complex": {
      "cv": 0.16648055968391612,
      "p25_time_ns": 28664.0,
      "std_time_ns": 5096.794759857627,
      "median_time_ns": 31098.5,
      "allocs": 3,
      "gc_time_ns": 0.0,
      "memory_bytes": 8072,
      "iqr_time_ns": 2675.0,
      "p75_time_ns": 31339.0,
      "min_time_ns": 28033.0,
      "mean_time_ns": 30614.9545,
      "max_time_ns": 399781.0,
      "p99_time_ns": 40135.0,
      "samples": 10000,
      "p95_time_ns": 34464.0
    },
    "autodiff/forward/complex": {
      "cv": 0.12389753885793973,
      "p25_time_ns": 19085.0,
      "std_time_ns": 2461.9727275321047,
      "median_time_ns": 19206.0,
      "allocs": 3,
      "gc_time_ns": 0.0,
      "memory_bytes": 8072,
      "iqr_time_ns": 371.0,
      "p75_time_ns": 19456.0,
      "min_time_ns": 18835.0,
      "mean_time_ns": 19871.0382,
      "max_time_ns": 188654.0,
      "p99_time_ns": 27492.0,
      "samples": 10000,
      "p95_time_ns": 22121.0
    },
    "basics/make_zero/struct": {
      "cv": 0.7114764518733661,
      "p25_time_ns": 180.0,
      "std_time_ns": 148.4733961445156,
      "median_time_ns": 190.0,
      "allocs": 7,
      "gc_time_ns": 0.0,
      "memory_bytes": 496,
      "iqr_time_ns": 11.0,
      "p75_time_ns": 191.0,
      "min_time_ns": 170.0,
      "mean_time_ns": 208.6835,
      "max_time_ns": 10069.0,
      "p99_time_ns": 411.0,
      "samples": 10000,
      "p95_time_ns": 301.0
    },
    "autodiff/forward/simple": {
      "cv": 0.8364520072161243,
      "p25_time_ns": 201.0,
      "std_time_ns": 1146.867460678498,
      "median_time_ns": 1753.0,
      "allocs": 4,
      "gc_time_ns": 0.0,
      "memory_bytes": 2720,
      "iqr_time_ns": 1632.0,
      "p75_time_ns": 1833.0,
      "min_time_ns": 190.0,
      "mean_time_ns": 1371.1097,
      "max_time_ns": 38702.0,
      "p99_time_ns": 4879.0,
      "samples": 10000,
      "p95_time_ns": 2074.0
    },
    "autodiff/reverse/simple": {
      "cv": 0.4374781794885971,
      "p25_time_ns": 1773.0,
      "std_time_ns": 1319.6061620099656,
      "median_time_ns": 3426.0,
      "allocs": 4,
      "gc_time_ns": 0.0,
      "memory_bytes": 2720,
      "iqr_time_ns": 1734.0,
      "p75_time_ns": 3507.0,
      "min_time_ns": 1603.0,
      "mean_time_ns": 3016.3931,
      "max_time_ns": 48041.0,
      "p99_time_ns": 6603.0,
      "samples": 10000,
      "p95_time_ns": 3737.0
    }
  }
}