{
  "metadata": {
    "run_number": 59,
    "julia_version": "1.11.8",
    "commit_hash": "9ed7154b276b6f1fbb0cc5fd7bc294332d83ef3d",
    "git_dirty": true,
    "hostname": "runnervmwffz4",
    "git_branch": "main",
    "timestamp": "2026-02-06T03:05:37.207",
    "group": "trixi",
    "system": {
      "julia_threads": 1,
      "arch": "x86_64",
      "word_size": 64,
      "os": "Linux",
      "cpu_threads": 4
    }
  },
  "benchmarks": {
    "tree_2d_dgsem/elixir_euler_ec.jl/p7_analysis": {
      "cv": 0.006026179783129845,
      "p25_time_ns": 1.0884082e7,
      "std_time_ns": 65767.41783612163,
      "median_time_ns": 1.0903022e7,
      "allocs": 0,
      "gc_time_ns": 0.0,
      "memory_bytes": 0,
      "iqr_time_ns": 41482.0,
      "p75_time_ns": 1.0925564e7,
      "min_time_ns": 1.0856491e7,
      "mean_time_ns": 1.0913616951859957e7,
      "max_time_ns": 1.1861979e7,
      "p99_time_ns": 1.1093912e7,
      "samples": 457,
      "p95_time_ns": 1.0967952e7
    },
    "tree_1d_dgsem/elixir_mhd_ec.jl/p3_analysis": {
      "cv": 0.16916104536684662,
      "p25_time_ns": 3266.0,
      "std_time_ns": 561.1493762465448,
      "median_time_ns": 3276.0,
      "allocs": 0,
      "gc_time_ns": 0.0,
      "memory_bytes": 0,
      "iqr_time_ns": 20.0,
      "p75_time_ns": 3286.0,
      "min_time_ns": 3235.0,
      "mean_time_ns": 3317.2494,
      "max_time_ns": 21720.0,
      "p99_time_ns": 3367.0,
      "samples": 10000,
      "p95_time_ns": 3327.0
    },
    "tree_2d_dgsem/elixir_euler_ec.jl/p3_rhs!": {
      "cv": 0.014275708733613926,
      "p25_time_ns": 1.381664e6,
      "std_time_ns": 19824.03414469507,
      "median_time_ns": 1.386222e6,
      "allocs": 0,
      "gc_time_ns": 0.0,
      "memory_bytes": 0,
      "iqr_time_ns": 9117.0,
      "p75_time_ns": 1.390781e6,
      "min_time_ns": 1.377877e6,
      "mean_time_ns": 1.388654988317107e6,
      "max_time_ns": 1.868707e6,
      "p99_time_ns": 1.429512e6,
      "samples": 3595,
      "p95_time_ns": 1.403264e6
    },
    "tree_1d_dgsem/elixir_mhd_ec.jl/p3_rhs!": {
      "cv": 0.11454664386571452,
      "p25_time_ns": 5360.0,
      "std_time_ns": 620.463477086347,
      "median_time_ns": 5370.0,
      "allocs": 0,
      "gc_time_ns": 0.0,
      "memory_bytes": 0,
      "iqr_time_ns": 20.0,
      "p75_time_ns": 5380.0,
      "min_time_ns": 5320.0,
      "mean_time_ns": 5416.6884,
      "max_time_ns": 29314.0,
      "p99_time_ns": 5460.0,
      "samples": 10000,
      "p95_time_ns": 5430.0
    },
    "tree_2d_dgsem/elixir_advection_amr_nonperiodic.jl/p3_analysis": {
      "cv": 0.008146815544967125,
      "p25_time_ns": 836522.0,
      "std_time_ns": 6822.806235261489,
      "median_time_ns": 837393.0,
      "allocs": 0,
      "gc_time_ns": 0.0,
      "memory_bytes": 0,
      "iqr_time_ns": 2073.0,
      "p75_time_ns": 838595.0,
      "min_time_ns": 828045.0,
      "mean_time_ns": 837481.3689597315,
      "max_time_ns": 1.079593e6,
      "p99_time_ns": 859575.0,
      "samples": 5960,
      "p95_time_ns": 841761.0
    },
    "tree_2d_dgsem/elixir_advection_amr_nonperiodic.jl/p7_rhs!": {
      "cv": 0.018978364034680287,
      "p25_time_ns": 319383.0,
      "std_time_ns": 6145.636540531432,
      "median_time_ns": 320961.0,
      "allocs": 0,
      "gc_time_ns": 0.0,
      "memory_bytes": 0,
      "iqr_time_ns": 9046.0,
      "p75_time_ns": 328429.0,
      "min_time_ns": 317830.0,
      "mean_time_ns": 323823.3037,
      "max_time_ns": 419688.0,
      "p99_time_ns": 342625.0,
      "samples": 10000,
      "p95_time_ns": 332617.0
    },
    "tree_2d_dgsem/elixir_euler_ec.jl/p7_rhs!": {
      "cv": 0.00516951767726687,
      "p25_time_ns": 9.416468e6,
      "std_time_ns": 48813.79964183284,
      "median_time_ns": 9.426398e6,
      "allocs": 0,
      "gc_time_ns": 0.0,
      "memory_bytes": 0,
      "iqr_time_ns": 31177.0,
      "p75_time_ns": 9.447645e6,
      "min_time_ns": 9.399357e6,
      "mean_time_ns": 9.442621669811321e6,
      "max_time_ns": 9.728006e6,
      "p99_time_ns": 9.694915e6,
      "samples": 530,
      "p95_time_ns": 9.540489e6
    },
    "tree_2d_dgsem/elixir_euler_vortex_mortar.jl/p7_rhs!": {
      "cv": 0.06433594927335648,
      "p25_time_ns": 1.126368e6,
      "std_time_ns": 73566.11664375685,
      "median_time_ns": 1.131048e6,
      "allocs": 0,
      "gc_time_ns": 0.0,
      "memory_bytes": 0,
      "iqr_time_ns": 11992.0,
      "p75_time_ns": 1.13836e6,
      "min_time_ns": 1.118225e6,
      "mean_time_ns": 1.1434682704561083e6,
      "max_time_ns": 1.829321e6,
      "p99_time_ns": 1.733613e6,
      "samples": 4363,
      "p95_time_ns": 1.161242e6
    },
    "tree_1d_dgsem/elixir_mhd_ec.jl/p7_rhs!": {
      "cv": 0.07291217099101595,
      "p25_time_ns": 14517.0,
      "std_time_ns": 1070.0210998440177,
      "median_time_ns": 14537.0,
      "allocs": 0,
      "gc_time_ns": 0.0,
      "memory_bytes": 0,
      "iqr_time_ns": 50.0,
      "p75_time_ns": 14567.0,
      "min_time_ns": 14417.0,
      "mean_time_ns": 14675.4799,
      "max_time_ns": 34644.0,
      "p99_time_ns": 22051.0,
      "samples": 10000,
      "p95_time_ns": 14617.0
    },
    "structured_1d_dgsem/elixir_euler_sedov.jl/p3_rhs!": {
      "cv": 0.09922428967678788,
      "p25_time_ns": 11862.0,
      "std_time_ns": 1194.654345414711,
      "median_time_ns": 11882.0,
      "allocs": 0,
      "gc_time_ns": 0.0,
      "memory_bytes": 0,
      "iqr_time_ns": 61.0,
      "p75_time_ns": 11923.0,
      "min_time_ns": 11802.0,
      "mean_time_ns": 12039.9385,
      "max_time_ns": 49993.0,
      "p99_time_ns": 19195.0,
      "samples": 10000,
      "p95_time_ns": 11993.0
    },
    "tree_2d_dgsem/elixir_euler_ec.jl/p3_analysis": {
      "cv": 0.008385859576549607,
      "p25_time_ns": 2.292071e6,
      "std_time_ns": 19282.28830150014,
      "median_time_ns": 2.295869e6,
      "allocs": 0,
      "gc_time_ns": 0.0,
      "memory_bytes": 0,
      "iqr_time_ns": 8947.0,
      "p75_time_ns": 2.301018e6,
      "min_time_ns": 2.286972e6,
      "mean_time_ns": 2.2993812531063044e6,
      "max_time_ns": 2.747426e6,
      "p99_time_ns": 2.354537e6,
      "samples": 2173,
      "p95_time_ns": 2.316788e6
    },
    "structured_1d_dgsem/elixir_euler_sedov.jl/p7_analysis": {
      "cv": 0.11420696431570658,
      "p25_time_ns": 8235.0,
      "std_time_ns": 972.6689426994002,
      "median_time_ns": 8356.0,
      "allocs": 128,
      "gc_time_ns": 0.0,
      "memory_bytes": 8192,
      "iqr_time_ns": 331.0,
      "p75_time_ns": 8566.0,
      "min_time_ns": 8045.0,
      "mean_time_ns": 8516.7218,
      "max_time_ns": 34193.0,
      "p99_time_ns": 11942.0,
      "samples": 10000,
      "p95_time_ns": 8916.0
    },
    "tree_2d_dgsem/elixir_euler_vortex_mortar.jl/p7_analysis": {
      "cv": 0.011566442646096938,
      "p25_time_ns": 6.288999e6,
      "std_time_ns": 72942.61572655548,
      "median_time_ns": 6.296219e6,
      "allocs": 0,
      "gc_time_ns": 0.0,
      "memory_bytes": 0,
      "iqr_time_ns": 18020.0,
      "p75_time_ns": 6.307019e6,
      "min_time_ns": 6.271904e6,
      "mean_time_ns": 6.306400157629256e6,
      "max_time_ns": 7.790922e6,
      "p99_time_ns": 6.476817e6,
      "samples": 793,
      "p95_time_ns": 6.339659e6
    },
    "tree_2d_dgsem/elixir_euler_vortex_mortar.jl/p3_rhs!": {
      "cv": 0.022591485773766063,
      "p25_time_ns": 350790.0,
      "std_time_ns": 8034.198204862057,
      "median_time_ns": 352213.0,
      "allocs": 0,
      "gc_time_ns": 0.0,
      "memory_bytes": 0,
      "iqr_time_ns": 8816.0,
      "p75_time_ns": 359606.0,
      "min_time_ns": 348586.0,
      "mean_time_ns": 355629.4741,
      "max_time_ns": 532607.0,
      "p99_time_ns": 378331.0,
      "samples": 10000,
      "p95_time_ns": 366298.0
    },
    "tree_2d_dgsem/elixir_advection_amr_nonperiodic.jl/p7_analysis": {
      "cv": 0.01054268055508531,
      "p25_time_ns": 3.939166e6,
      "std_time_ns": 41598.64567733031,
      "median_time_ns": 3.941214e6,
      "allocs": 0,
      "gc_time_ns": 0.0,
      "memory_bytes": 0,