{
  "metadata": {
    "run_number": 64,
    "julia_version": "1.11.9",
    "commit_hash": "76b9fe550e727c84ad79adf8496c1e1195389740",
    "git_dirty": true,
    "hostname": "runnervm0kj6c",
    "git_branch": "main",
    "timestamp": "2026-03-12T10:21:08.633",
    "group": "trixi",
    "system": {
      "julia_threads": 1,
      "arch": "x86_64",
      "word_size": 64,
      "os": "Linux",
      "cpu_threads": 4
    }
  },
  "benchmarks": {
    "tree_2d_dgsem/elixir_euler_ec.jl/p7_analysis": {
      "cv": 0.005498244061868514,
      "p25_time_ns": 1.0848336e7,
      "std_time_ns": 59767.5419780112,
      "median_time_ns": 1.0856642e7,
      "allocs": 0,
      "gc_time_ns": 0.0,
      "memory_bytes": 0,
      "iqr_time_ns": 24535.0,
      "p75_time_ns": 1.0872871e7,
      "min_time_ns": 1.0833267e7,
      "mean_time_ns": 1.0870296281045752e7,
      "max_time_ns": 1.1921615e7,
      "p99_time_ns": 1.1050423e7,
      "samples": 459,
      "p95_time_ns": 1.0933465e7
    },
    "tree_1d_dgsem/elixir_mhd_ec.jl/p3_analysis": {
      "cv": 0.18801319779075742,
      "p25_time_ns": 3166.0,
      "std_time_ns": 604.6982558512741,
      "median_time_ns": 3176.0,
      "allocs": 0,
      "gc_time_ns": 0.0,
      "memory_bytes": 0,
      "iqr_time_ns": 20.0,
      "p75_time_ns": 3186.0,
      "min_time_ns": 3126.0,
      "mean_time_ns": 3216.2543,
      "max_time_ns": 27121.0,
      "p99_time_ns": 3266.0,
      "samples": 10000,
      "p95_time_ns": 3226.0
    },
    "tree_2d_dgsem/elixir_euler_ec.jl/p3_rhs!": {
      "cv": 0.016052114004332776,
      "p25_time_ns": 1.383216e6,
      "std_time_ns": 22333.581502614765,
      "median_time_ns": 1.3888615e6,
      "allocs": 0,
      "gc_time_ns": 0.0,
      "memory_bytes": 0,
      "iqr_time_ns": 9638.0,
      "p75_time_ns": 1.392854e6,
      "min_time_ns": 1.37992e6,
      "mean_time_ns": 1.3913171496655517e6,
      "max_time_ns": 2.27639e6,
      "p99_time_ns": 1.452816e6,
      "samples": 3588,
      "p95_time_ns": 1.409355e6
    },
    "tree_1d_dgsem/elixir_mhd_ec.jl/p3_rhs!": {
      "cv": 0.13424242422129762,
      "p25_time_ns": 5340.0,
      "std_time_ns": 726.3447866735692,
      "median_time_ns": 5350.0,
      "allocs": 0,
      "gc_time_ns": 0.0,
      "memory_bytes": 0,
      "iqr_time_ns": 20.0,
      "p75_time_ns": 5360.0,
      "min_time_ns": 5301.0,
      "mean_time_ns": 5410.6948,
      "max_time_ns": 27771.0,
      "p99_time_ns": 5490.0,
      "samples": 10000,
      "p95_time_ns": 5410.0
    },
    "tree_2d_dgsem/elixir_advection_amr_nonperiodic.jl/p3_analysis": {
      "cv": 0.01701623081166171,
      "p25_time_ns": 838762.0,
      "std_time_ns": 14314.586810292209,
      "median_time_ns": 839614.0,
      "allocs": 0,
      "gc_time_ns": 0.0,
      "memory_bytes": 0,
      "iqr_time_ns": 3076.0,
      "p75_time_ns": 841838.0,
      "min_time_ns": 829224.0,
      "mean_time_ns": 841231.3495702005,
      "max_time_ns": 1.33161e6,
      "p99_time_ns": 875600.0,
      "samples": 5933,
      "p95_time_ns": 850444.0
    },
    "tree_2d_dgsem/elixir_advection_amr_nonperiodic.jl/p7_rhs!": {
      "cv": 0.02855406725901838,
      "p25_time_ns": 321198.0,
      "std_time_ns": 9305.905491934616,
      "median_time_ns": 322551.0,
      "allocs": 0,
      "gc_time_ns": 0.0,
      "memory_bytes": 0,
      "iqr_time_ns": 9327.0,
      "p75_time_ns": 330525.0,
      "min_time_ns": 319054.0,
      "mean_time_ns": 325904.7269,
      "max_time_ns": 580892.0,
      "p99_time_ns": 349812.0,
      "samples": 10000,
      "p95_time_ns": 334192.0
    },
    "tree_2d_dgsem/elixir_euler_ec.jl/p7_rhs!": {
      "cv": 0.007469033589566948,
      "p25_time_ns": 9.384929e6,
      "std_time_ns": 70291.45365944589,
      "median_time_ns": 9.39605e6,
      "allocs": 0,
      "gc_time_ns": 0.0,
      "memory_bytes": 0,
      "iqr_time_ns": 31879.0,
      "p75_time_ns": 9.416808e6,
      "min_time_ns": 9.371584e6,
      "mean_time_ns": 9.411050682330826e6,
      "max_time_ns": 1.0665344e7,
      "p99_time_ns": 9.57372e6,
      "samples": 532,
      "p95_time_ns": 9.482462e6
    },
    "tree_2d_dgsem/elixir_euler_vortex_mortar.jl/p7_rhs!": {
      "cv": 0.013445813306161196,
      "p25_time_ns": 1.125998e6,
      "std_time_ns": 15260.87197727808,
      "median_time_ns": 1.130366e6,
      "allocs": 0,
      "gc_time_ns": 0.0,
      "memory_bytes": 0,
      "iqr_time_ns": 12953.0,
      "p75_time_ns": 1.138951e6,
      "min_time_ns": 1.115518e6,
      "mean_time_ns": 1.1349906197407322e6,
      "max_time_ns": 1.372807e6,
      "p99_time_ns": 1.187943e6,
      "samples": 4397,
      "p95_time_ns": 1.162014e6
    },
    "tree_1d_dgsem/elixir_mhd_ec.jl/p7_rhs!": {
      "cv": 0.0787991420097946,
      "p25_time_ns": 14467.0,
      "std_time_ns": 1153.5905039784468,
      "median_time_ns": 14487.0,
      "allocs": 0,
      "gc_time_ns": 0.0,
      "memory_bytes": 0,
      "iqr_time_ns": 49.0,
      "p75_time_ns": 14516.0,
      "min_time_ns": 14356.0,
      "mean_time_ns": 14639.6328,
      "max_time_ns": 39574.0,
      "p99_time_ns": 22302.0,
      "samples": 10000,
      "p95_time_ns": 14567.0
    },
    "structured_1d_dgsem/elixir_euler_sedov.jl/p3_rhs!": {
      "cv": 0.09420579508740065,
      "p25_time_ns": 11842.0,
      "std_time_ns": 1131.4665398193767,
      "median_time_ns": 11872.0,
      "allocs": 0,
      "gc_time_ns": 0.0,
      "memory_bytes": 0,
      "iqr_time_ns": 70.0,
      "p75_time_ns": 11912.0,
      "min_time_ns": 11771.0,
      "mean_time_ns": 12010.5832,
      "max_time_ns": 49773.0,
      "p99_time_ns": 19496.0,
      "samples": 10000,
      "p95_time_ns": 11992.0
    },
    "tree_2d_dgsem/elixir_euler_ec.jl/p3_analysis": {
      "cv": 0.011104941690252628,
      "p25_time_ns": 2.293501e6,
      "std_time_ns": 25576.57344731003,
      "median_time_ns": 2.297388e6,
      "allocs": 0,
      "gc_time_ns": 0.0,
      "memory_bytes": 0,
      "iqr_time_ns": 9659.0,
      "p75_time_ns": 2.30316e6,
      "min_time_ns": 2.288552e6,
      "mean_time_ns": 2.3031704407561086e6,
      "max_time_ns": 2.842924e6,
      "p99_time_ns": 2.404347e6,
      "samples": 2169,
      "p95_time_ns": 2.333375e6
    },
    "structured_1d_dgsem/elixir_euler_sedov.jl/p7_analysis": {
      "cv": 0.12587065176755105,
      "p25_time_ns": 7985.0,
      "std_time_ns": 1040.8037011565987,
      "median_time_ns": 8095.0,
      "allocs": 128,
      "gc_time_ns": 0.0,
      "memory_bytes": 8192,
      "iqr_time_ns": 331.0,
      "p75_time_ns": 8316.0,
      "min_time_ns": 7855.0,
      "mean_time_ns": 8268.8354,
      "max_time_ns": 34394.0,
      "p99_time_ns": 11081.0,
      "samples": 10000,
      "p95_time_ns": 8656.0
    },
    "tree_2d_dgsem/elixir_euler_vortex_mortar.jl/p7_analysis": {
      "cv": 0.024121372031282364,
      "p25_time_ns": 6.288263e6,
      "std_time_ns": 152273.5246663206,
      "median_time_ns": 6.2943495e6,
      "allocs": 0,
      "gc_time_ns": 0.0,
      "memory_bytes": 0,
      "iqr_time_ns": 15379.0,
      "p75_time_ns": 6.303642e6,
      "min_time_ns": 6.276211e6,
      "mean_time_ns": 6.312805277777778e6,
      "max_time_ns": 9.354315e6,
      "p99_time_ns": 6.626914e6,
      "samples": 792,
      "p95_time_ns": 6.349157e6
    },
    "tree_2d_dgsem/elixir_euler_vortex_mortar.jl/p3_rhs!": {
      "cv": 0.06195342296461839,
      "p25_time_ns": 358728.0,
      "std_time_ns": 22686.0793796104,
      "median_time_ns": 360401.5,
      "allocs": 0,
      "gc_time_ns": 0.0,
      "memory_bytes": 0,
      "iqr_time_ns": 9448.0,
      "p75_time_ns": 368176.0,
      "min_time_ns": 355822.0,
      "mean_time_ns": 366179.5958,
      "max_time_ns": 925283.0,
      "p99_time_ns": 432375.0,
      "samples": 10000,
      "p95_time_ns": 379837.0
    },
    "tree_2d_dgsem/elixir_advection_amr_nonperiodic.jl/p7_analysis": {
      "cv": 0.011909495967411952,
      "p25_time_ns": 3.964975e6,
      "std_time_ns": 47468.03270297524,
      "median_time_ns": 3.9774085e6,
      "allocs": 0,
      "gc_time_ns": 0.0,
      "memory_bytes": 0,