{
  "metadata": {
    "run_number": 64,
    "julia_version": "1.11.9",
    "commit_hash": "9d1b26a8ba6b00ee327b2be37ea99d88e62c6048",
    "git_dirty": true,
    "hostname": "runnervm0kj6c",
    "git_branch": "main",
    "timestamp": "2026-03-07T02:58:03.144",
    "group": "trixi",
    "system": {
      "julia_threads": 1,
      "arch": "x86_64",
      "word_size": 64,
      "os": "Linux",
      "cpu_threads": 4
    }
  },
  "benchmarks": {
    "tree_2d_dgsem/elixir_euler_ec.jl/p7_analysis": {
      "cv": 0.00610037376050981,
      "p25_time_ns": 1.0998968e7,
      "std_time_ns": 67311.14740237834,
      "median_time_ns": 1.10166015e7,
      "allocs": 0,
      "gc_time_ns": 0.0,
      "memory_bytes": 0,
      "iqr_time_ns": 48581.0,
      "p75_time_ns": 1.1047549e7,
      "min_time_ns": 1.0978361e7,
      "mean_time_ns": 1.1033938254424779e7,
      "max_time_ns": 1.1615338e7,
      "p99_time_ns": 1.1333593e7,
      "samples": 452,
      "p95_time_ns": 1.1115837e7
    },
    "tree_1d_dgsem/elixir_mhd_ec.jl/p3_analysis": {
      "cv": 0.1948870274760468,
      "p25_time_ns": 3156.0,
      "std_time_ns": 625.9731760464045,
      "median_time_ns": 3166.0,
      "allocs": 0,
      "gc_time_ns": 0.0,
      "memory_bytes": 0,
      "iqr_time_ns": 20.0,
      "p75_time_ns": 3176.0,
      "min_time_ns": 3126.0,
      "mean_time_ns": 3211.9797,
      "max_time_ns": 27030.0,
      "p99_time_ns": 3267.0,
      "samples": 10000,
      "p95_time_ns": 3226.0
    },
    "tree_2d_dgsem/elixir_euler_ec.jl/p3_rhs!": {
      "cv": 0.013721405327233364,
      "p25_time_ns": 1.387046e6,
      "std_time_ns": 19157.667648125698,
      "median_time_ns": 1.393258e6,
      "allocs": 0,
      "gc_time_ns": 0.0,
      "memory_bytes": 0,
      "iqr_time_ns": 11302.0,
      "p75_time_ns": 1.398348e6,
      "min_time_ns": 1.379993e6,
      "mean_time_ns": 1.396188450909091e6,
      "max_time_ns": 1.914928e6,
      "p99_time_ns": 1.462273e6,
      "samples": 3575,
      "p95_time_ns": 1.418746e6
    },
    "tree_1d_dgsem/elixir_mhd_ec.jl/p3_rhs!": {
      "cv": 0.14917847738279397,
      "p25_time_ns": 5359.0,
      "std_time_ns": 810.1032490981504,
      "median_time_ns": 5370.0,
      "allocs": 0,
      "gc_time_ns": 0.0,
      "memory_bytes": 0,
      "iqr_time_ns": 21.0,
      "p75_time_ns": 5380.0,
      "min_time_ns": 5310.0,
      "mean_time_ns": 5430.4298,
      "max_time_ns": 47439.0,
      "p99_time_ns": 5661.0,
      "samples": 10000,
      "p95_time_ns": 5431.0
    },
    "tree_2d_dgsem/elixir_advection_amr_nonperiodic.jl/p3_analysis": {
      "cv": 0.010548038511411784,
      "p25_time_ns": 837973.0,
      "std_time_ns": 8865.795585101052,
      "median_time_ns": 839015.0,
      "allocs": 0,
      "gc_time_ns": 0.0,
      "memory_bytes": 0,
      "iqr_time_ns": 3236.0,
      "p75_time_ns": 841209.0,
      "min_time_ns": 827423.0,
      "mean_time_ns": 840516.0424385315,
      "max_time_ns": 1.054296e6,
      "p99_time_ns": 870845.0,
      "samples": 5938,
      "p95_time_ns": 853472.0
    },
    "tree_2d_dgsem/elixir_advection_amr_nonperiodic.jl/p7_rhs!": {
      "cv": 0.02127449655554371,
      "p25_time_ns": 317051.0,
      "std_time_ns": 6841.67616325135,
      "median_time_ns": 318654.0,
      "allocs": 0,
      "gc_time_ns": 0.0,
      "memory_bytes": 0,
      "iqr_time_ns": 9328.0,
      "p75_time_ns": 326379.0,
      "min_time_ns": 314738.0,
      "mean_time_ns": 321590.5084,
      "max_time_ns": 486988.0,
      "p99_time_ns": 342299.0,
      "samples": 10000,
      "p95_time_ns": 330547.0
    },
    "tree_2d_dgsem/elixir_euler_ec.jl/p7_rhs!": {
      "cv": 0.01229668472269558,
      "p25_time_ns": 9.444889e6,
      "std_time_ns": 116723.40750930364,
      "median_time_ns": 9.4669e6,
      "allocs": 0,
      "gc_time_ns": 0.0,
      "memory_bytes": 0,
      "iqr_time_ns": 58389.0,
      "p75_time_ns": 9.503278e6,
      "min_time_ns": 9.412239e6,
      "mean_time_ns": 9.492266423149904e6,
      "max_time_ns": 1.1650786e7,
      "p99_time_ns": 9.779331e6,
      "samples": 527,
      "p95_time_ns": 9.634061e6
    },
    "tree_2d_dgsem/elixir_euler_vortex_mortar.jl/p7_rhs!": {
      "cv": 0.013565306527520388,
      "p25_time_ns": 1.126852e6,
      "std_time_ns": 15401.290031612347,
      "median_time_ns": 1.132472e6,
      "allocs": 0,
      "gc_time_ns": 0.0,
      "memory_bytes": 0,
      "iqr_time_ns": 12804.0,
      "p75_time_ns": 1.139656e6,
      "min_time_ns": 1.114048e6,
      "mean_time_ns": 1.135344048464164e6,
      "max_time_ns": 1.433454e6,
      "p99_time_ns": 1.185712e6,
      "samples": 4395,
      "p95_time_ns": 1.15778e6
    },
    "tree_1d_dgsem/elixir_mhd_ec.jl/p7_rhs!": {
      "cv": 0.06764715345897977,
      "p25_time_ns": 14517.0,
      "std_time_ns": 992.3462106024942,
      "median_time_ns": 14537.0,
      "allocs": 0,
      "gc_time_ns": 0.0,
      "memory_bytes": 0,
      "iqr_time_ns": 50.0,
      "p75_time_ns": 14567.0,
      "min_time_ns": 14407.0,
      "mean_time_ns": 14669.4452,
      "max_time_ns": 34715.0,
      "p99_time_ns": 21981.0,
      "samples": 10000,
      "p95_time_ns": 14627.0
    },
    "structured_1d_dgsem/elixir_euler_sedov.jl/p3_rhs!": {
      "cv": 0.08105525414820029,
      "p25_time_ns": 11852.0,
      "std_time_ns": 972.4729265742734,
      "median_time_ns": 11882.0,
      "allocs": 0,
      "gc_time_ns": 0.0,
      "memory_bytes": 0,
      "iqr_time_ns": 60.0,
      "p75_time_ns": 11912.0,
      "min_time_ns": 11762.0,
      "mean_time_ns": 11997.6544,
      "max_time_ns": 34424.0,
      "p99_time_ns": 19266.0,
      "samples": 10000,
      "p95_time_ns": 11973.0
    },
    "tree_2d_dgsem/elixir_euler_ec.jl/p3_analysis": {
      "cv": 0.0921258217884289,
      "p25_time_ns": 2.287456e6,
      "std_time_ns": 214118.52454222002,
      "median_time_ns": 2.292502e6,
      "allocs": 0,
      "gc_time_ns": 0.0,
      "memory_bytes": 0,
      "iqr_time_ns": 10308.0,
      "p75_time_ns": 2.297764e6,
      "min_time_ns": 2.283658e6,
      "mean_time_ns": 2.3241966300604935e6,
      "max_time_ns": 5.820632e6,
      "p99_time_ns": 3.43235e6,
      "samples": 2149,
      "p95_time_ns": 2.347216e6
    },
    "structured_1d_dgsem/elixir_euler_sedov.jl/p7_analysis": {
      "cv": 0.12340928143521669,
      "p25_time_ns": 8126.0,
      "std_time_ns": 1036.5266118611812,
      "median_time_ns": 8245.0,
      "allocs": 128,
      "gc_time_ns": 0.0,
      "memory_bytes": 8192,
      "iqr_time_ns": 319.0,
      "p75_time_ns": 8445.0,
      "min_time_ns": 7974.0,
      "mean_time_ns": 8399.0977,
      "max_time_ns": 37600.0,
      "p99_time_ns": 11401.0,
      "samples": 10000,
      "p95_time_ns": 8747.0
    },
    "tree_2d_dgsem/elixir_euler_vortex_mortar.jl/p7_analysis": {
      "cv": 0.009669577478972638,
      "p25_time_ns": 6.277089e6,
      "std_time_ns": 60872.851243770536,
      "median_time_ns": 6.283257e6,
      "allocs": 0,
      "gc_time_ns": 0.0,
      "memory_bytes": 0,
      "iqr_time_ns": 18365.0,
      "p75_time_ns": 6.295454e6,
      "min_time_ns": 6.265634e6,
      "mean_time_ns": 6.295295877833753e6,
      "max_time_ns": 7.608442e6,
      "p99_time_ns": 6.445824e6,
      "samples": 794,
      "p95_time_ns": 6.344215e6
    },
    "tree_2d_dgsem/elixir_euler_vortex_mortar.jl/p3_rhs!": {
      "cv": 0.02607519046169441,
      "p25_time_ns": 351846.0,
      "std_time_ns": 9316.445255716797,
      "median_time_ns": 353429.0,
      "allocs": 0,
      "gc_time_ns": 0.0,
      "memory_bytes": 0,
      "iqr_time_ns": 9298.0,
      "p75_time_ns": 361144.0,
      "min_time_ns": 349652.0,
      "mean_time_ns": 357291.5515,
      "max_time_ns": 599478.0,
      "p99_time_ns": 387393.0,
      "samples": 10000,
      "p95_time_ns": 368788.0
    },
    "tree_2d_dgsem/elixir_advection_amr_nonperiodic.jl/p7_analysis": {
      "cv": 0.004901757604884242,
      "p25_time_ns": 3.937727e6,
      "std_time_ns": 19339.83562796989,
      "median_time_ns": 3.940388e6,
      "allocs": 0,
      "gc_time_ns": 0.0,
      "memory_bytes": 0,