{
  "metadata": {
    "run_number": 66,
    "julia_version": "1.11.9",
    "commit_hash": "371cdc403d32215d76c24368bd09a1a0500815fd",
    "git_dirty": true,
    "hostname": "runnervm46oaq",
    "git_branch": "main",
    "timestamp": "2026-03-18T16:35:15.394",
    "group": "trixi",
    "system": {
      "julia_threads": 1,
      "arch": "x86_64",
      "word_size": 64,
      "os": "Linux",
      "cpu_threads": 4
    }
  },
  "benchmarks": {
    "tree_2d_dgsem/elixir_euler_ec.jl/p7_analysis": {
      "cv": 0.019316460064300534,
      "p25_time_ns": 1.1849108e7,
      "std_time_ns": 231756.77562443007,
      "median_time_ns": 1.2010329e7,
      "allocs": 0,
      "gc_time_ns": 0.0,
      "memory_bytes": 0,
      "iqr_time_ns": 303567.0,
      "p75_time_ns": 1.2152675e7,
      "min_time_ns": 1.1134492e7,
      "mean_time_ns": 1.1997890651442308e7,
      "max_time_ns": 1.2610212e7,
      "p99_time_ns": 1.2501251e7,
      "samples": 416,
      "p95_time_ns": 1.2374169e7
    },
    "tree_1d_dgsem/elixir_mhd_ec.jl/p3_analysis": {
      "cv": 0.1323279721801415,
      "p25_time_ns": 3047.0,
      "std_time_ns": 411.0649095945189,
      "median_time_ns": 3071.0,
      "allocs": 0,
      "gc_time_ns": 0.0,
      "memory_bytes": 0,
      "iqr_time_ns": 48.0,
      "p75_time_ns": 3095.0,
      "min_time_ns": 3018.0,
      "mean_time_ns": 3106.4098,
      "max_time_ns": 14212.0,
      "p99_time_ns": 3185.0,
      "samples": 10000,
      "p95_time_ns": 3132.0
    },
    "tree_2d_dgsem/elixir_euler_ec.jl/p3_rhs!": {
      "cv": 0.010221149854527345,
      "p25_time_ns": 1.135504e6,
      "std_time_ns": 11651.326283830782,
      "median_time_ns": 1.1367725e6,
      "allocs": 0,
      "gc_time_ns": 0.0,
      "memory_bytes": 0,
      "iqr_time_ns": 4654.0,
      "p75_time_ns": 1.140158e6,
      "min_time_ns": 1.132514e6,
      "mean_time_ns": 1.1399232424588664e6,
      "max_time_ns": 1.40504e6,
      "p99_time_ns": 1.189931e6,
      "samples": 4376,
      "p95_time_ns": 1.155621e6
    },
    "tree_1d_dgsem/elixir_mhd_ec.jl/p3_rhs!": {
      "cv": 0.12486274400000189,
      "p25_time_ns": 4499.0,
      "std_time_ns": 570.4153930073222,
      "median_time_ns": 4521.0,
      "allocs": 0,
      "gc_time_ns": 0.0,
      "memory_bytes": 0,
      "iqr_time_ns": 49.0,
      "p75_time_ns": 4548.0,
      "min_time_ns": 4433.0,
      "mean_time_ns": 4568.3394,
      "max_time_ns": 33975.0,
      "p99_time_ns": 4674.0,
      "samples": 10000,
      "p95_time_ns": 4601.0
    },
    "tree_2d_dgsem/elixir_advection_amr_nonperiodic.jl/p3_analysis": {
      "cv": 0.03853036226227965,
      "p25_time_ns": 636454.0,
      "std_time_ns": 25160.425573391287,
      "median_time_ns": 654305.0,
      "allocs": 0,
      "gc_time_ns": 0.0,
      "memory_bytes": 0,
      "iqr_time_ns": 37423.0,
      "p75_time_ns": 673877.0,
      "min_time_ns": 567117.0,
      "mean_time_ns": 653002.569820704,
      "max_time_ns": 1.092059e6,
      "p99_time_ns": 696837.0,
      "samples": 7641,
      "p95_time_ns": 683809.0
    },
    "tree_2d_dgsem/elixir_advection_amr_nonperiodic.jl/p7_rhs!": {
      "cv": 0.0338579208224988,
      "p25_time_ns": 377017.0,
      "std_time_ns": 13113.155504257877,
      "median_time_ns": 386707.5,
      "allocs": 0,
      "gc_time_ns": 0.0,
      "memory_bytes": 0,
      "iqr_time_ns": 19218.0,
      "p75_time_ns": 396235.0,
      "min_time_ns": 334263.0,
      "mean_time_ns": 387299.4911,
      "max_time_ns": 521090.0,
      "p99_time_ns": 416438.0,
      "samples": 10000,
      "p95_time_ns": 407705.0
    },
    "tree_2d_dgsem/elixir_euler_ec.jl/p7_rhs!": {
      "cv": 0.012365491120570121,
      "p25_time_ns": 7.619615e6,
      "std_time_ns": 95033.75786156839,
      "median_time_ns": 7.6588495e6,
      "allocs": 0,
      "gc_time_ns": 0.0,
      "memory_bytes": 0,
      "iqr_time_ns": 102916.0,
      "p75_time_ns": 7.722531e6,
      "min_time_ns": 7.578845e6,
      "mean_time_ns": 7.685401003076923e6,
      "max_time_ns": 8.495359e6,
      "p99_time_ns": 7.990256e6,
      "samples": 650,
      "p95_time_ns": 7.877533e6
    },
    "tree_2d_dgsem/elixir_euler_vortex_mortar.jl/p7_rhs!": {
      "cv": 0.019223545872933297,
      "p25_time_ns": 1.191712e6,
      "std_time_ns": 23021.927118909192,
      "median_time_ns": 1.194876e6,
      "allocs": 0,
      "gc_time_ns": 0.0,
      "memory_bytes": 0,
      "iqr_time_ns": 7829.0,
      "p75_time_ns": 1.199541e6,
      "min_time_ns": 1.150167e6,
      "mean_time_ns": 1.1975900424969988e6,
      "max_time_ns": 1.806185e6,
      "p99_time_ns": 1.26e6,
      "samples": 4165,
      "p95_time_ns": 1.213594e6
    },
    "tree_1d_dgsem/elixir_mhd_ec.jl/p7_rhs!": {
      "cv": 0.2167072298867,
      "p25_time_ns": 12069.0,
      "std_time_ns": 2757.420326770587,
      "median_time_ns": 12329.0,
      "allocs": 0,
      "gc_time_ns": 0.0,
      "memory_bytes": 0,
      "iqr_time_ns": 358.0,
      "p75_time_ns": 12427.0,
      "min_time_ns": 11914.0,
      "mean_time_ns": 12724.1732,
      "max_time_ns": 40804.0,
      "p99_time_ns": 31335.0,
      "samples": 10000,
      "p95_time_ns": 12660.0
    },
    "structured_1d_dgsem/elixir_euler_sedov.jl/p3_rhs!": {
      "cv": 0.07432165841512203,
      "p25_time_ns": 10442.0,
      "std_time_ns": 784.4794709481848,
      "median_time_ns": 10473.0,
      "allocs": 0,
      "gc_time_ns": 0.0,
      "memory_bytes": 0,
      "iqr_time_ns": 66.0,
      "p75_time_ns": 10508.0,
      "min_time_ns": 10330.0,
      "mean_time_ns": 10555.1933,
      "max_time_ns": 33273.0,
      "p99_time_ns": 15515.0,
      "samples": 10000,
      "p95_time_ns": 10570.0
    },
    "tree_2d_dgsem/elixir_euler_ec.jl/p3_analysis": {
      "cv": 0.025073529633678256,
      "p25_time_ns": 2.536168e6,
      "std_time_ns": 64702.01846405623,
      "median_time_ns": 2.583331e6,
      "allocs": 0,
      "gc_time_ns": 0.0,
      "memory_bytes": 0,
      "iqr_time_ns": 104346.0,
      "p75_time_ns": 2.640514e6,
      "min_time_ns": 2.27496e6,
      "mean_time_ns": 2.580491036138358e6,
      "max_time_ns": 2.830778e6,
      "p99_time_ns": 2.691053e6,
      "samples": 1937,
      "p95_time_ns": 2.659456e6
    },
    "structured_1d_dgsem/elixir_euler_sedov.jl/p7_analysis": {
      "cv": 0.1265931093003873,
      "p25_time_ns": 7375.0,
      "std_time_ns": 975.2248035706998,
      "median_time_ns": 7500.0,
      "allocs": 128,
      "gc_time_ns": 0.0,
      "memory_bytes": 8192,
      "iqr_time_ns": 360.0,
      "p75_time_ns": 7735.0,
      "min_time_ns": 7292.0,
      "mean_time_ns": 7703.6168,
      "max_time_ns": 38022.0,
      "p99_time_ns": 10680.0,
      "samples": 10000,
      "p95_time_ns": 8718.0
    },
    "tree_2d_dgsem/elixir_euler_vortex_mortar.jl/p7_analysis": {
      "cv": 0.021234621008831955,
      "p25_time_ns": 6.317746e6,
      "std_time_ns": 136253.57937878807,
      "median_time_ns": 6.418526e6,
      "allocs": 0,
      "gc_time_ns": 0.0,
      "memory_bytes": 0,
      "iqr_time_ns": 200563.0,
      "p75_time_ns": 6.518309e6,
      "min_time_ns": 5.916256e6,
      "mean_time_ns": 6.41657693453145e6,
      "max_time_ns": 6.929472e6,
      "p99_time_ns": 6.688964e6,
      "samples": 779,
      "p95_time_ns": 6.634739e6
    },
    "tree_2d_dgsem/elixir_euler_vortex_mortar.jl/p3_rhs!": {
      "cv": 0.02670590121201214,
      "p25_time_ns": 353903.0,
      "std_time_ns": 9567.185033388649,
      "median_time_ns": 354987.0,
      "allocs": 0,
      "gc_time_ns": 0.0,
      "memory_bytes": 0,
      "iqr_time_ns": 8076.0,
      "p75_time_ns": 361979.0,
      "min_time_ns": 350001.0,
      "mean_time_ns": 358242.3584,
      "max_time_ns": 648466.0,
      "p99_time_ns": 393850.0,
      "samples": 10000,
      "p95_time_ns": 365411.0
    },
    "tree_2d_dgsem/elixir_advection_amr_nonperiodic.jl/p7_analysis": {
      "cv": 0.0257630618446193,
      "p25_time_ns": 2.924646e6,
      "std_time_ns": 76887.26709567227,
      "median_time_ns": 2.983362e6,
      "allocs": 0,
      "gc_time_ns": 0.0,
      "memory_bytes": 0,