{
  "metadata": {
    "run_number": 56,
    "julia_version": "1.11.8",
    "commit_hash": "b599fc4a2f4a2372981b101d64321d5a281086ef",
    "git_dirty": true,
    "hostname": "runnervmkj6or",
    "git_branch": "main",
    "timestamp": "2026-02-04T16:22:42.685",
    "group": "trixi",
    "system": {
      "julia_threads": 1,
      "arch": "x86_64",
      "word_size": 64,
      "os": "Linux",
      "cpu_threads": 4
    }
  },
  "benchmarks": {
    "tree_2d_dgsem/elixir_euler_ec.jl/p7_analysis": {
      "cv": 0.0049632889121464935,
      "p25_time_ns": 1.0926744e7,
      "std_time_ns": 54316.85919765305,
      "median_time_ns": 1.0933477e7,
      "allocs": 0,
      "gc_time_ns": 0.0,
      "memory_bytes": 0,
      "iqr_time_ns": 17263.0,
      "p75_time_ns": 1.0944007e7,
      "min_time_ns": 1.0909633e7,
      "mean_time_ns": 1.094372303508772e7,
      "max_time_ns": 1.1814195e7,
      "p99_time_ns": 1.1126437e7,
      "samples": 456,
      "p95_time_ns": 1.0990203e7
    },
    "tree_1d_dgsem/elixir_mhd_ec.jl/p3_analysis": {
      "cv": 0.16709365824047598,
      "p25_time_ns": 3155.0,
      "std_time_ns": 534.271996732525,
      "median_time_ns": 3156.0,
      "allocs": 0,
      "gc_time_ns": 0.0,
      "memory_bytes": 0,
      "iqr_time_ns": 11.0,
      "p75_time_ns": 3166.0,
      "min_time_ns": 3125.0,
      "mean_time_ns": 3197.4403,
      "max_time_ns": 22332.0,
      "p99_time_ns": 3256.0,
      "samples": 10000,
      "p95_time_ns": 3216.0
    },
    "tree_2d_dgsem/elixir_euler_ec.jl/p3_rhs!": {
      "cv": 0.016863643825734388,
      "p25_time_ns": 1.40553e6,
      "std_time_ns": 23835.965230158494,
      "median_time_ns": 1.411481e6,
      "allocs": 0,
      "gc_time_ns": 0.0,
      "memory_bytes": 0,
      "iqr_time_ns": 9578.0,
      "p75_time_ns": 1.415108e6,
      "min_time_ns": 1.4004e6,
      "mean_time_ns": 1.413452838335221e6,
      "max_time_ns": 2.238849e6,
      "p99_time_ns": 1.459911e6,
      "samples": 3532,
      "p95_time_ns": 1.431579e6
    },
    "tree_1d_dgsem/elixir_mhd_ec.jl/p3_rhs!": {
      "cv": 0.11605695024936943,
      "p25_time_ns": 5350.0,
      "std_time_ns": 627.9441993913672,
      "median_time_ns": 5360.0,
      "allocs": 0,
      "gc_time_ns": 0.0,
      "memory_bytes": 0,
      "iqr_time_ns": 20.0,
      "p75_time_ns": 5370.0,
      "min_time_ns": 5310.0,
      "mean_time_ns": 5410.6557,
      "max_time_ns": 23453.0,
      "p99_time_ns": 5571.0,
      "samples": 10000,
      "p95_time_ns": 5420.0
    },
    "tree_2d_dgsem/elixir_advection_amr_nonperiodic.jl/p3_analysis": {
      "cv": 0.00680377180371269,
      "p25_time_ns": 836125.0,
      "std_time_ns": 5692.546771742641,
      "median_time_ns": 836916.0,
      "allocs": 0,
      "gc_time_ns": 0.0,
      "memory_bytes": 0,
      "iqr_time_ns": 1572.0,
      "p75_time_ns": 837697.0,
      "min_time_ns": 827769.0,
      "mean_time_ns": 836675.1466644318,
      "max_time_ns": 984702.0,
      "p99_time_ns": 857234.0,
      "samples": 5966,
      "p95_time_ns": 840192.0
    },
    "tree_2d_dgsem/elixir_advection_amr_nonperiodic.jl/p7_rhs!": {
      "cv": 0.029189266206977923,
      "p25_time_ns": 320420.0,
      "std_time_ns": 9488.814465722684,
      "median_time_ns": 322243.0,
      "allocs": 0,
      "gc_time_ns": 0.0,
      "memory_bytes": 0,
      "iqr_time_ns": 8886.0,
      "p75_time_ns": 329306.0,
      "min_time_ns": 317695.0,
      "mean_time_ns": 325078.8971,
      "max_time_ns": 544208.0,
      "p99_time_ns": 345978.0,
      "samples": 10000,
      "p95_time_ns": 333414.0
    },
    "tree_2d_dgsem/elixir_euler_ec.jl/p7_rhs!": {
      "cv": 0.027155550460180335,
      "p25_time_ns": 9.451813e6,
      "std_time_ns": 257900.24154952492,
      "median_time_ns": 9.459078e6,
      "allocs": 0,
      "gc_time_ns": 0.0,
      "memory_bytes": 0,
      "iqr_time_ns": 24116.0,
      "p75_time_ns": 9.475929e6,
      "min_time_ns": 9.432197e6,
      "mean_time_ns": 9.497146519924099e6,
      "max_time_ns": 1.3054475e7,
      "p99_time_ns": 1.0517297e7,
      "samples": 527,
      "p95_time_ns": 9.539609e6
    },
    "tree_2d_dgsem/elixir_euler_vortex_mortar.jl/p7_rhs!": {
      "cv": 0.026351618835172685,
      "p25_time_ns": 1.126798e6,
      "std_time_ns": 29898.36349108969,
      "median_time_ns": 1.129393e6,
      "allocs": 0,
      "gc_time_ns": 0.0,
      "memory_bytes": 0,
      "iqr_time_ns": 9228.0,
      "p75_time_ns": 1.136026e6,
      "min_time_ns": 1.119706e6,
      "mean_time_ns": 1.134593046374176e6,
      "max_time_ns": 2.014889e6,
      "p99_time_ns": 1.19209e6,
      "samples": 4399,
      "p95_time_ns": 1.15468e6
    },
    "tree_1d_dgsem/elixir_mhd_ec.jl/p7_rhs!": {
      "cv": 0.0987185817604314,
      "p25_time_ns": 14637.0,
      "std_time_ns": 1465.1791568855385,
      "median_time_ns": 14667.0,
      "allocs": 0,
      "gc_time_ns": 0.0,
      "memory_bytes": 0,
      "iqr_time_ns": 60.0,
      "p75_time_ns": 14697.0,
      "min_time_ns": 14537.0,
      "mean_time_ns": 14841.9794,
      "max_time_ns": 61816.0,
      "p99_time_ns": 21901.0,
      "samples": 10000,
      "p95_time_ns": 14758.0
    },
    "structured_1d_dgsem/elixir_euler_sedov.jl/p3_rhs!": {
      "cv": 0.0786088925922802,
      "p25_time_ns": 11972.0,
      "std_time_ns": 953.367399477782,
      "median_time_ns": 12012.0,
      "allocs": 0,
      "gc_time_ns": 0.0,
      "memory_bytes": 0,
      "iqr_time_ns": 80.0,
      "p75_time_ns": 12052.0,
      "min_time_ns": 11872.0,
      "mean_time_ns": 12127.9841,
      "max_time_ns": 33693.0,
      "p99_time_ns": 19136.0,
      "samples": 10000,
      "p95_time_ns": 12132.0
    },
    "tree_2d_dgsem/elixir_euler_ec.jl/p3_analysis": {
      "cv": 0.014870728769252136,
      "p25_time_ns": 2.294353e6,
      "std_time_ns": 34234.17136544124,
      "median_time_ns": 2.297945e6,
      "allocs": 0,
      "gc_time_ns": 0.0,
      "memory_bytes": 0,
      "iqr_time_ns": 8646.0,
      "p75_time_ns": 2.302999e6,
      "min_time_ns": 2.288712e6,
      "mean_time_ns": 2.3021179322580644e6,
      "max_time_ns": 3.553228e6,
      "p99_time_ns": 2.370014e6,
      "samples": 2170,
      "p95_time_ns": 2.315282e6
    },
    "structured_1d_dgsem/elixir_euler_sedov.jl/p7_analysis": {
      "cv": 0.12030890779391845,
      "p25_time_ns": 8015.0,
      "std_time_ns": 994.6932602608509,
      "median_time_ns": 8115.0,
      "allocs": 128,
      "gc_time_ns": 0.0,
      "memory_bytes": 8192,
      "iqr_time_ns": 271.0,
      "p75_time_ns": 8286.0,
      "min_time_ns": 7865.0,
      "mean_time_ns": 8267.8272,
      "max_time_ns": 37049.0,
      "p99_time_ns": 11140.0,
      "samples": 10000,
      "p95_time_ns": 8606.0
    },
    "tree_2d_dgsem/elixir_euler_vortex_mortar.jl/p7_analysis": {
      "cv": 0.002995955850200447,
      "p25_time_ns": 6.271935e6,
      "std_time_ns": 18818.37936367004,
      "median_time_ns": 6.277335e6,
      "allocs": 0,
      "gc_time_ns": 0.0,
      "memory_bytes": 0,
      "iqr_time_ns": 11501.0,
      "p75_time_ns": 6.283436e6,
      "min_time_ns": 6.259683e6,
      "mean_time_ns": 6.281260574120603e6,
      "max_time_ns": 6.446712e6,
      "p99_time_ns": 6.354299e6,
      "samples": 796,
      "p95_time_ns": 6.316369e6
    },
    "tree_2d_dgsem/elixir_euler_vortex_mortar.jl/p3_rhs!": {
      "cv": 0.03039900604171657,
      "p25_time_ns": 357078.0,
      "std_time_ns": 11011.831802697261,
      "median_time_ns": 358451.0,
      "allocs": 0,
      "gc_time_ns": 0.0,
      "memory_bytes": 0,
      "iqr_time_ns": 8766.0,
      "p75_time_ns": 365844.0,
      "min_time_ns": 354243.0,
      "mean_time_ns": 362243.1532,
      "max_time_ns": 646880.0,
      "p99_time_ns": 389058.0,
      "samples": 10000,
      "p95_time_ns": 374060.0
    },
    "tree_2d_dgsem/elixir_advection_amr_nonperiodic.jl/p7_analysis": {
      "cv": 0.003999829599263618,
      "p25_time_ns": 3.951174e6,
      "std_time_ns": 15838.63635495047,
      "median_time_ns": 3.955045e6,
      "allocs": 0,
      "gc_time_ns": 0.0,
      "memory_bytes": 0,