{
  "metadata": {
    "run_number": 65,
    "julia_version": "1.11.9",
    "commit_hash": "cfb42866f3f8409f2c9ae461ffe1971e1d7cceba",
    "git_dirty": true,
    "hostname": "runnervm0kj6c",
    "git_branch": "main",
    "timestamp": "2026-03-07T03:11:45.978",
    "group": "trixi",
    "system": {
      "julia_threads": 1,
      "arch": "x86_64",
      "word_size": 64,
      "os": "Linux",
      "cpu_threads": 4
    }
  },
  "benchmarks": {
    "tree_2d_dgsem/elixir_euler_ec.jl/p7_analysis": {
      "cv": 0.022614457547295908,
      "p25_time_ns": 1.1949005e7,
      "std_time_ns": 273227.7296126424,
      "median_time_ns": 1.208845e7,
      "allocs": 0,
      "gc_time_ns": 0.0,
      "memory_bytes": 0,
      "iqr_time_ns": 260762.0,
      "p75_time_ns": 1.2209767e7,
      "min_time_ns": 1.1484878e7,
      "mean_time_ns": 1.2081993523002421e7,
      "max_time_ns": 1.5015263e7,
      "p99_time_ns": 1.2500277e7,
      "samples": 413,
      "p95_time_ns": 1.2318102e7
    },
    "tree_1d_dgsem/elixir_mhd_ec.jl/p3_analysis": {
      "cv": 0.14446308464868454,
      "p25_time_ns": 3024.0,
      "std_time_ns": 445.75816880736556,
      "median_time_ns": 3049.0,
      "allocs": 0,
      "gc_time_ns": 0.0,
      "memory_bytes": 0,
      "iqr_time_ns": 54.0,
      "p75_time_ns": 3078.0,
      "min_time_ns": 2991.0,
      "mean_time_ns": 3085.6199,
      "max_time_ns": 23182.0,
      "p99_time_ns": 3183.0,
      "samples": 10000,
      "p95_time_ns": 3121.0
    },
    "tree_2d_dgsem/elixir_euler_ec.jl/p3_rhs!": {
      "cv": 0.01651532749942182,
      "p25_time_ns": 1.14423e6,
      "std_time_ns": 18998.95314505079,
      "median_time_ns": 1.1458235e6,
      "allocs": 0,
      "gc_time_ns": 0.0,
      "memory_bytes": 0,
      "iqr_time_ns": 6241.0,
      "p75_time_ns": 1.150471e6,
      "min_time_ns": 1.140268e6,
      "mean_time_ns": 1.1503830696494465e6,
      "max_time_ns": 1.695723e6,
      "p99_time_ns": 1.211822e6,
      "samples": 4336,
      "p95_time_ns": 1.170784e6
    },
    "tree_1d_dgsem/elixir_mhd_ec.jl/p3_rhs!": {
      "cv": 0.10376607351943914,
      "p25_time_ns": 4512.0,
      "std_time_ns": 474.2545273581077,
      "median_time_ns": 4534.0,
      "allocs": 0,
      "gc_time_ns": 0.0,
      "memory_bytes": 0,
      "iqr_time_ns": 50.0,
      "p75_time_ns": 4562.0,
      "min_time_ns": 4445.0,
      "mean_time_ns": 4570.4199,
      "max_time_ns": 22996.0,
      "p99_time_ns": 4662.0,
      "samples": 10000,
      "p95_time_ns": 4610.0
    },
    "tree_2d_dgsem/elixir_advection_amr_nonperiodic.jl/p3_analysis": {
      "cv": 0.16160543970016242,
      "p25_time_ns": 670732.0,
      "std_time_ns": 109460.48384024619,
      "median_time_ns": 677319.0,
      "allocs": 0,
      "gc_time_ns": 0.0,
      "memory_bytes": 0,
      "iqr_time_ns": 8925.0,
      "p75_time_ns": 679657.0,
      "min_time_ns": 594888.0,
      "mean_time_ns": 677331.6792017377,
      "max_time_ns": 9.818581e6,
      "p99_time_ns": 826769.0,
      "samples": 7366,
      "p95_time_ns": 688884.0
    },
    "tree_2d_dgsem/elixir_advection_amr_nonperiodic.jl/p7_rhs!": {
      "cv": 0.041223979382965854,
      "p25_time_ns": 387792.0,
      "std_time_ns": 16315.028330168616,
      "median_time_ns": 398160.0,
      "allocs": 0,
      "gc_time_ns": 0.0,
      "memory_bytes": 0,
      "iqr_time_ns": 14426.0,
      "p75_time_ns": 402218.0,
      "min_time_ns": 324073.0,
      "mean_time_ns": 395765.4883,
      "max_time_ns": 1.140154e6,
      "p99_time_ns": 425818.0,
      "samples": 10000,
      "p95_time_ns": 406222.0
    },
    "tree_2d_dgsem/elixir_euler_ec.jl/p7_rhs!": {
      "cv": 0.010188442207802533,
      "p25_time_ns": 7.6198e6,
      "std_time_ns": 78175.11204833083,
      "median_time_ns": 7.65431e6,
      "allocs": 0,
      "gc_time_ns": 0.0,
      "memory_bytes": 0,
      "iqr_time_ns": 87047.0,
      "p75_time_ns": 7.706847e6,
      "min_time_ns": 7.564292e6,
      "mean_time_ns": 7.6729209877112135e6,
      "max_time_ns": 8.175069e6,
      "p99_time_ns": 7.950923e6,
      "samples": 651,
      "p95_time_ns": 7.825672e6
    },
    "tree_2d_dgsem/elixir_euler_vortex_mortar.jl/p7_rhs!": {
      "cv": 0.02316881107485017,
      "p25_time_ns": 1.195993e6,
      "std_time_ns": 27889.618904487932,
      "median_time_ns": 1.199067e6,
      "allocs": 0,
      "gc_time_ns": 0.0,
      "memory_bytes": 0,
      "iqr_time_ns": 8412.0,
      "p75_time_ns": 1.204405e6,
      "min_time_ns": 1.154954e6,
      "mean_time_ns": 1.2037570168959692e6,
      "max_time_ns": 1.699345e6,
      "p99_time_ns": 1.349429e6,
      "samples": 4143,
      "p95_time_ns": 1.222838e6
    },
    "tree_1d_dgsem/elixir_mhd_ec.jl/p7_rhs!": {
      "cv": 0.09816632413497658,
      "p25_time_ns": 12308.0,
      "std_time_ns": 1222.095775675349,
      "median_time_ns": 12331.0,
      "allocs": 0,
      "gc_time_ns": 0.0,
      "memory_bytes": 0,
      "iqr_time_ns": 52.0,
      "p75_time_ns": 12360.0,
      "min_time_ns": 11909.0,
      "mean_time_ns": 12449.2364,
      "max_time_ns": 42017.0,
      "p99_time_ns": 17148.0,
      "samples": 10000,
      "p95_time_ns": 12500.0
    },
    "structured_1d_dgsem/elixir_euler_sedov.jl/p3_rhs!": {
      "cv": 0.06858381538693271,
      "p25_time_ns": 9888.0,
      "std_time_ns": 686.3460444557935,
      "median_time_ns": 9933.0,
      "allocs": 0,
      "gc_time_ns": 0.0,
      "memory_bytes": 0,
      "iqr_time_ns": 97.0,
      "p75_time_ns": 9985.0,
      "min_time_ns": 9699.0,
      "mean_time_ns": 10007.4054,
      "max_time_ns": 30757.0,
      "p99_time_ns": 14270.0,
      "samples": 10000,
      "p95_time_ns": 10067.0
    },
    "tree_2d_dgsem/elixir_euler_ec.jl/p3_analysis": {
      "cv": 0.023853519479227914,
      "p25_time_ns": 2.474631e6,
      "std_time_ns": 59893.867196084255,
      "median_time_ns": 2.503968e6,
      "allocs": 0,
      "gc_time_ns": 0.0,
      "memory_bytes": 0,
      "iqr_time_ns": 88144.0,
      "p75_time_ns": 2.562775e6,
      "min_time_ns": 2.31322e6,
      "mean_time_ns": 2.5109027306532664e6,
      "max_time_ns": 3.155135e6,
      "p99_time_ns": 2.624502e6,
      "samples": 1990,
      "p95_time_ns": 2.584367e6
    },
    "structured_1d_dgsem/elixir_euler_sedov.jl/p7_analysis": {
      "cv": 0.1627788631961432,
      "p25_time_ns": 7430.0,
      "std_time_ns": 1311.1965211856943,
      "median_time_ns": 7632.0,
      "allocs": 128,
      "gc_time_ns": 0.0,
      "memory_bytes": 8192,
      "iqr_time_ns": 909.0,
      "p75_time_ns": 8339.0,
      "min_time_ns": 7328.0,
      "mean_time_ns": 8055.0785,
      "max_time_ns": 30662.0,
      "p99_time_ns": 13845.0,
      "samples": 10000,
      "p95_time_ns": 9405.0
    },
    "tree_2d_dgsem/elixir_euler_vortex_mortar.jl/p7_analysis": {
      "cv": 0.01985866300417944,
      "p25_time_ns": 6.668745e6,
      "std_time_ns": 134264.33253745476,
      "median_time_ns": 6.766903e6,
      "allocs": 0,
      "gc_time_ns": 0.0,
      "memory_bytes": 0,
      "iqr_time_ns": 192443.0,
      "p75_time_ns": 6.861188e6,
      "min_time_ns": 6.403604e6,
      "mean_time_ns": 6.760995566982409e6,
      "max_time_ns": 7.686758e6,
      "p99_time_ns": 7.001841e6,
      "samples": 739,
      "p95_time_ns": 6.935512e6
    },
    "tree_2d_dgsem/elixir_euler_vortex_mortar.jl/p3_rhs!": {
      "cv": 0.029913967393607445,
      "p25_time_ns": 364380.0,
      "std_time_ns": 11040.043155536323,
      "median_time_ns": 365871.5,
      "allocs": 0,
      "gc_time_ns": 0.0,
      "memory_bytes": 0,
      "iqr_time_ns": 7723.0,
      "p75_time_ns": 372103.0,
      "min_time_ns": 361897.0,
      "mean_time_ns": 369059.8111,
      "max_time_ns": 687682.0,
      "p99_time_ns": 404126.0,
      "samples": 10000,
      "p95_time_ns": 376381.0
    },
    "tree_2d_dgsem/elixir_advection_amr_nonperiodic.jl/p7_analysis": {
      "cv": 0.024094269267098366,
      "p25_time_ns": 3.042656e6,
      "std_time_ns": 74521.379193209,
      "median_time_ns": 3.097738e6,
      "allocs": 0,
      "gc_time_ns": 0.0,