{
  "metadata": {
    "run_number": 48,
    "julia_version": "1.11.8",
    "commit_hash": "cf2c78b6d01d4cbbf84894c999d4527e48827c9f",
    "git_dirty": true,
    "hostname": "runnervmkj6or",
    "git_branch": "main",
    "timestamp": "2026-01-29T03:04:06.390",
    "group": "trixi",
    "system": {
      "julia_threads": 1,
      "arch": "x86_64",
      "word_size": 64,
      "os": "Linux",
      "cpu_threads": 4
    }
  },
  "benchmarks": {
    "tree_2d_dgsem/elixir_euler_ec.jl/p7_analysis": {
      "cv": 0.007847173096999834,
      "p25_time_ns": 1.0985618e7,
      "std_time_ns": 86409.83324588904,
      "median_time_ns": 1.1000635e7,
      "allocs": 0,
      "gc_time_ns": 0.0,
      "memory_bytes": 0,
      "iqr_time_ns": 32160.0,
      "p75_time_ns": 1.1017778e7,
      "min_time_ns": 1.0944562e7,
      "mean_time_ns": 1.1011587507726269e7,
      "max_time_ns": 1.2390846e7,
      "p99_time_ns": 1.1271118e7,
      "samples": 453,
      "p95_time_ns": 1.1069283e7
    },
    "tree_1d_dgsem/elixir_mhd_ec.jl/p3_analysis": {
      "cv": 0.1672855977558844,
      "p25_time_ns": 3136.0,
      "std_time_ns": 533.1677389709807,
      "median_time_ns": 3146.0,
      "allocs": 0,
      "gc_time_ns": 0.0,
      "memory_bytes": 0,
      "iqr_time_ns": 20.0,
      "p75_time_ns": 3156.0,
      "min_time_ns": 3105.0,
      "mean_time_ns": 3187.1706,
      "max_time_ns": 20398.0,
      "p99_time_ns": 3246.0,
      "samples": 10000,
      "p95_time_ns": 3206.0
    },
    "tree_2d_dgsem/elixir_euler_ec.jl/p3_rhs!": {
      "cv": 0.009986316166977786,
      "p25_time_ns": 1.392004e6,
      "std_time_ns": 13975.045305592726,
      "median_time_ns": 1.396883e6,
      "allocs": 0,
      "gc_time_ns": 0.0,
      "memory_bytes": 0,
      "iqr_time_ns": 10790.0,
      "p75_time_ns": 1.402794e6,
      "min_time_ns": 1.381945e6,
      "mean_time_ns": 1.3994194727986539e6,
      "max_time_ns": 1.684667e6,
      "p99_time_ns": 1.456444e6,
      "samples": 3566,
      "p95_time_ns": 1.418493e6
    },
    "tree_1d_dgsem/elixir_mhd_ec.jl/p3_rhs!": {
      "cv": 0.12387840028983856,
      "p25_time_ns": 5350.0,
      "std_time_ns": 670.0630364861479,
      "median_time_ns": 5350.0,
      "allocs": 0,
      "gc_time_ns": 0.0,
      "memory_bytes": 0,
      "iqr_time_ns": 11.0,
      "p75_time_ns": 5361.0,
      "min_time_ns": 5310.0,
      "mean_time_ns": 5409.0385,
      "max_time_ns": 26770.0,
      "p99_time_ns": 5441.0,
      "samples": 10000,
      "p95_time_ns": 5420.0
    },
    "tree_2d_dgsem/elixir_advection_amr_nonperiodic.jl/p3_analysis": {
      "cv": 0.013300852427135515,
      "p25_time_ns": 837705.0,
      "std_time_ns": 11160.964017857776,
      "median_time_ns": 838516.0,
      "allocs": 0,
      "gc_time_ns": 0.0,
      "memory_bytes": 0,
      "iqr_time_ns": 1944.0,
      "p75_time_ns": 839649.0,
      "min_time_ns": 829150.0,
      "mean_time_ns": 839116.4460322798,
      "max_time_ns": 1.194908e6,
      "p99_time_ns": 881827.0,
      "samples": 5948,
      "p95_time_ns": 842835.0
    },
    "tree_2d_dgsem/elixir_advection_amr_nonperiodic.jl/p7_rhs!": {
      "cv": 0.023060278512032212,
      "p25_time_ns": 319363.0,
      "std_time_ns": 7479.366678595565,
      "median_time_ns": 321226.0,
      "allocs": 0,
      "gc_time_ns": 0.0,
      "memory_bytes": 0,
      "iqr_time_ns": 9397.0,
      "p75_time_ns": 328760.0,
      "min_time_ns": 316998.0,
      "mean_time_ns": 324339.8242,
      "max_time_ns": 458101.0,
      "p99_time_ns": 347585.0,
      "samples": 10000,
      "p95_time_ns": 334952.0
    },
    "tree_2d_dgsem/elixir_euler_ec.jl/p7_rhs!": {
      "cv": 0.008332983895690283,
      "p25_time_ns": 9.499927e6,
      "std_time_ns": 79529.75667574037,
      "median_time_ns": 9.52876e6,
      "allocs": 0,
      "gc_time_ns": 0.0,
      "memory_bytes": 0,
      "iqr_time_ns": 66843.0,
      "p75_time_ns": 9.56677e6,
      "min_time_ns": 9.4481e6,
      "mean_time_ns": 9.543971003816795e6,
      "max_time_ns": 1.0529467e7,
      "p99_time_ns": 9.785848e6,
      "samples": 524,
      "p95_time_ns": 9.657528e6
    },
    "tree_2d_dgsem/elixir_euler_vortex_mortar.jl/p7_rhs!": {
      "cv": 0.016768065866827605,
      "p25_time_ns": 1.123555e6,
      "std_time_ns": 19046.74392840241,
      "median_time_ns": 1.131235e6,
      "allocs": 0,
      "gc_time_ns": 0.0,
      "memory_bytes": 0,
      "iqr_time_ns": 19007.0,
      "p75_time_ns": 1.142562e6,
      "min_time_ns": 1.110391e6,
      "mean_time_ns": 1.1358939116575592e6,
      "max_time_ns": 1.417752e6,
      "p99_time_ns": 1.198284e6,
      "samples": 4392,
      "p95_time_ns": 1.169101e6
    },
    "tree_1d_dgsem/elixir_mhd_ec.jl/p7_rhs!": {
      "cv": 0.07563406967346,
      "p25_time_ns": 14507.0,
      "std_time_ns": 1109.3434907549636,
      "median_time_ns": 14527.0,
      "allocs": 0,
      "gc_time_ns": 0.0,
      "memory_bytes": 0,
      "iqr_time_ns": 50.0,
      "p75_time_ns": 14557.0,
      "min_time_ns": 14397.0,
      "mean_time_ns": 14667.2458,
      "max_time_ns": 46867.0,
      "p99_time_ns": 21720.0,
      "samples": 10000,
      "p95_time_ns": 14617.0
    },
    "structured_1d_dgsem/elixir_euler_sedov.jl/p3_rhs!": {
      "cv": 0.08480679554720211,
      "p25_time_ns": 12123.0,
      "std_time_ns": 1043.8073909037626,
      "median_time_ns": 12182.0,
      "allocs": 0,
      "gc_time_ns": 0.0,
      "memory_bytes": 0,
      "iqr_time_ns": 120.0,
      "p75_time_ns": 12243.0,
      "min_time_ns": 11982.0,
      "mean_time_ns": 12308.0631,
      "max_time_ns": 36418.0,
      "p99_time_ns": 19345.0,
      "samples": 10000,
      "p95_time_ns": 12343.0
    },
    "tree_2d_dgsem/elixir_euler_ec.jl/p3_analysis": {
      "cv": 0.018850079660383448,
      "p25_time_ns": 2.330085e6,
      "std_time_ns": 44106.18144655617,
      "median_time_ns": 2.335495e6,
      "allocs": 0,
      "gc_time_ns": 0.0,
      "memory_bytes": 0,
      "iqr_time_ns": 11572.0,
      "p75_time_ns": 2.341657e6,
      "min_time_ns": 2.322741e6,
      "mean_time_ns": 2.339840586416862e6,
      "max_time_ns": 3.922511e6,
      "p99_time_ns": 2.399264e6,
      "samples": 2135,
      "p95_time_ns": 2.359991e6
    },
    "structured_1d_dgsem/elixir_euler_sedov.jl/p7_analysis": {
      "cv": 0.1278931678302653,
      "p25_time_ns": 8486.0,
      "std_time_ns": 1123.7470932348015,
      "median_time_ns": 8586.0,
      "allocs": 128,
      "gc_time_ns": 0.0,
      "memory_bytes": 8192,
      "iqr_time_ns": 310.0,
      "p75_time_ns": 8796.0,
      "min_time_ns": 8366.0,
      "mean_time_ns": 8786.6077,
      "max_time_ns": 41978.0,
      "p99_time_ns": 13475.0,
      "samples": 10000,
      "p95_time_ns": 9168.0
    },
    "tree_2d_dgsem/elixir_euler_vortex_mortar.jl/p7_analysis": {
      "cv": 0.008810299765794921,
      "p25_time_ns": 6.315495e6,
      "std_time_ns": 55768.79703917224,
      "median_time_ns": 6.3215955e6,
      "allocs": 0,
      "gc_time_ns": 0.0,
      "memory_bytes": 0,
      "iqr_time_ns": 15909.0,
      "p75_time_ns": 6.331404e6,
      "min_time_ns": 6.303542e6,
      "mean_time_ns": 6.329954544303797e6,
      "max_time_ns": 7.744427e6,
      "p99_time_ns": 6.43222e6,
      "samples": 790,
      "p95_time_ns": 6.369174e6
    },
    "tree_2d_dgsem/elixir_euler_vortex_mortar.jl/p3_rhs!": {
      "cv": 0.02336786710718711,
      "p25_time_ns": 348547.0,
      "std_time_ns": 8263.289298546826,
      "median_time_ns": 350831.0,
      "allocs": 0,
      "gc_time_ns": 0.0,
      "memory_bytes": 0,
      "iqr_time_ns": 8966.0,
      "p75_time_ns": 357513.0,
      "min_time_ns": 345201.0,
      "mean_time_ns": 353617.6092,
      "max_time_ns": 604933.0,
      "p99_time_ns": 374876.0,
      "samples": 10000,
      "p95_time_ns": 363875.0
    },
    "tree_2d_dgsem/elixir_advection_amr_nonperiodic.jl/p7_analysis": {
      "cv": 0.009625795391807478,
      "p25_time_ns": 3.939372e6,
      "std_time_ns": 37994.3658168726,
      "median_time_ns": 3.941266e6,
      "allocs": 0,
      "gc_time_ns": 0.0,
      "memory_bytes": 0,