{
  "metadata": {
    "run_number": 64,
    "julia_version": "1.11.9",
    "commit_hash": "f81a51d8cc697598cc00b5e770c0f7d95f96d036",
    "git_dirty": true,
    "hostname": "runnervm0kj6c",
    "git_branch": "main",
    "timestamp": "2026-03-10T03:03:04.821",
    "group": "trixi",
    "system": {
      "julia_threads": 1,
      "arch": "x86_64",
      "word_size": 64,
      "os": "Linux",
      "cpu_threads": 4
    }
  },
  "benchmarks": {
    "tree_2d_dgsem/elixir_euler_ec.jl/p7_analysis": {
      "cv": 0.031248811956088945,
      "p25_time_ns": 1.0888725e7,
      "std_time_ns": 341779.3412630334,
      "median_time_ns": 1.0896232e7,
      "allocs": 0,
      "gc_time_ns": 0.0,
      "memory_bytes": 0,
      "iqr_time_ns": 22500.0,
      "p75_time_ns": 1.0911225e7,
      "min_time_ns": 1.0872963e7,
      "mean_time_ns": 1.0937354730263159e7,
      "max_time_ns": 1.6500653e7,
      "p99_time_ns": 1.1466645e7,
      "samples": 456,
      "p95_time_ns": 1.0980775e7
    },
    "tree_1d_dgsem/elixir_mhd_ec.jl/p3_analysis": {
      "cv": 0.17341068334841145,
      "p25_time_ns": 3166.0,
      "std_time_ns": 557.5526649441994,
      "median_time_ns": 3176.0,
      "allocs": 0,
      "gc_time_ns": 0.0,
      "memory_bytes": 0,
      "iqr_time_ns": 20.0,
      "p75_time_ns": 3186.0,
      "min_time_ns": 3135.0,
      "mean_time_ns": 3215.2152,
      "max_time_ns": 23083.0,
      "p99_time_ns": 3266.0,
      "samples": 10000,
      "p95_time_ns": 3226.0
    },
    "tree_2d_dgsem/elixir_euler_ec.jl/p3_rhs!": {
      "cv": 0.018872862912864587,
      "p25_time_ns": 1.396356e6,
      "std_time_ns": 26507.437382392283,
      "median_time_ns": 1.401856e6,
      "allocs": 0,
      "gc_time_ns": 0.0,
      "memory_bytes": 0,
      "iqr_time_ns": 9998.0,
      "p75_time_ns": 1.406354e6,
      "min_time_ns": 1.390104e6,
      "mean_time_ns": 1.4045265683736636e6,
      "max_time_ns": 2.217733e6,
      "p99_time_ns": 1.456337e6,
      "samples": 3554,
      "p95_time_ns": 1.420311e6
    },
    "tree_1d_dgsem/elixir_mhd_ec.jl/p3_rhs!": {
      "cv": 0.10627422774347794,
      "p25_time_ns": 5339.0,
      "std_time_ns": 573.2223653271051,
      "median_time_ns": 5340.0,
      "allocs": 0,
      "gc_time_ns": 0.0,
      "memory_bytes": 0,
      "iqr_time_ns": 11.0,
      "p75_time_ns": 5350.0,
      "min_time_ns": 5300.0,
      "mean_time_ns": 5393.8041,
      "max_time_ns": 18214.0,
      "p99_time_ns": 5700.0,
      "samples": 10000,
      "p95_time_ns": 5410.0
    },
    "tree_2d_dgsem/elixir_advection_amr_nonperiodic.jl/p3_analysis": {
      "cv": 0.012499268341651468,
      "p25_time_ns": 837669.0,
      "std_time_ns": 10501.470863939829,
      "median_time_ns": 838751.0,
      "allocs": 0,
      "gc_time_ns": 0.0,
      "memory_bytes": 0,
      "iqr_time_ns": 3366.0,
      "p75_time_ns": 841035.0,
      "min_time_ns": 827229.0,
      "mean_time_ns": 840166.846322168,
      "max_time_ns": 1.244391e6,
      "p99_time_ns": 873987.0,
      "samples": 5941,
      "p95_time_ns": 850864.0
    },
    "tree_2d_dgsem/elixir_advection_amr_nonperiodic.jl/p7_rhs!": {
      "cv": 0.026564219245440415,
      "p25_time_ns": 317083.0,
      "std_time_ns": 8554.54168445363,
      "median_time_ns": 318836.0,
      "allocs": 0,
      "gc_time_ns": 0.0,
      "memory_bytes": 0,
      "iqr_time_ns": 9709.0,
      "p75_time_ns": 326792.0,
      "min_time_ns": 315110.0,
      "mean_time_ns": 322032.4906,
      "max_time_ns": 506668.0,
      "p99_time_ns": 346208.0,
      "samples": 10000,
      "p95_time_ns": 330599.0
    },
    "tree_2d_dgsem/elixir_euler_ec.jl/p7_rhs!": {
      "cv": 0.007674246305815399,
      "p25_time_ns": 9.432516e6,
      "std_time_ns": 72611.57476160291,
      "median_time_ns": 9.444267e6,
      "allocs": 0,
      "gc_time_ns": 0.0,
      "memory_bytes": 0,
      "iqr_time_ns": 28403.0,
      "p75_time_ns": 9.460919e6,
      "min_time_ns": 9.417126e6,
      "mean_time_ns": 9.461720652173912e6,
      "max_time_ns": 1.0360283e7,
      "p99_time_ns": 9.754889e6,
      "samples": 529,
      "p95_time_ns": 9.559493e6
    },
    "tree_2d_dgsem/elixir_euler_vortex_mortar.jl/p7_rhs!": {
      "cv": 0.014581544273883456,
      "p25_time_ns": 1.12946e6,
      "std_time_ns": 16575.40867126938,
      "median_time_ns": 1.134154e6,
      "allocs": 0,
      "gc_time_ns": 0.0,
      "memory_bytes": 0,
      "iqr_time_ns": 10879.0,
      "p75_time_ns": 1.140339e6,
      "min_time_ns": 1.115043e6,
      "mean_time_ns": 1.1367389050113896e6,
      "max_time_ns": 1.568036e6,
      "p99_time_ns": 1.198178e6,
      "samples": 4390,
      "p95_time_ns": 1.154843e6
    },
    "tree_1d_dgsem/elixir_mhd_ec.jl/p7_rhs!": {
      "cv": 0.15974354498221838,
      "p25_time_ns": 14458.0,
      "std_time_ns": 2399.4839873897,
      "median_time_ns": 14517.0,
      "allocs": 0,
      "gc_time_ns": 0.0,
      "memory_bytes": 0,
      "iqr_time_ns": 130.0,
      "p75_time_ns": 14588.0,
      "min_time_ns": 14367.0,
      "mean_time_ns": 15020.851,
      "max_time_ns": 60861.0,
      "p99_time_ns": 27531.0,
      "samples": 10000,
      "p95_time_ns": 15880.0
    },
    "structured_1d_dgsem/elixir_euler_sedov.jl/p3_rhs!": {
      "cv": 0.08115109549625327,
      "p25_time_ns": 12142.0,
      "std_time_ns": 998.1543115527163,
      "median_time_ns": 12173.0,
      "allocs": 0,
      "gc_time_ns": 0.0,
      "memory_bytes": 0,
      "iqr_time_ns": 71.0,
      "p75_time_ns": 12213.0,
      "min_time_ns": 12002.0,
      "mean_time_ns": 12299.9487,
      "max_time_ns": 30357.0,
      "p99_time_ns": 19597.0,
      "samples": 10000,
      "p95_time_ns": 12283.0
    },
    "tree_2d_dgsem/elixir_euler_ec.jl/p3_analysis": {
      "cv": 0.022498852949615192,
      "p25_time_ns": 2.305097e6,
      "std_time_ns": 52079.10730830228,
      "median_time_ns": 2.308804e6,
      "allocs": 0,
      "gc_time_ns": 0.0,
      "memory_bytes": 0,
      "iqr_time_ns": 9287.0,
      "p75_time_ns": 2.314384e6,
      "min_time_ns": 2.298585e6,
      "mean_time_ns": 2.3147449972196477e6,
      "max_time_ns": 3.730627e6,
      "p99_time_ns": 2.378304e6,
      "samples": 2158,
      "p95_time_ns": 2.332188e6
    },
    "structured_1d_dgsem/elixir_euler_sedov.jl/p7_analysis": {
      "cv": 0.12427357586141204,
      "p25_time_ns": 8106.0,
      "std_time_ns": 1040.356538580393,
      "median_time_ns": 8205.0,
      "allocs": 128,
      "gc_time_ns": 0.0,
      "memory_bytes": 8192,
      "iqr_time_ns": 300.0,
      "p75_time_ns": 8406.0,
      "min_time_ns": 7985.0,
      "mean_time_ns": 8371.5024,
      "max_time_ns": 38051.0,
      "p99_time_ns": 10730.0,
      "samples": 10000,
      "p95_time_ns": 8726.0
    },
    "tree_2d_dgsem/elixir_euler_vortex_mortar.jl/p7_analysis": {
      "cv": 0.003634445631369617,
      "p25_time_ns": 6.34855e6,
      "std_time_ns": 23117.364961277246,
      "median_time_ns": 6.3552615e6,
      "allocs": 0,
      "gc_time_ns": 0.0,
      "memory_bytes": 0,
      "iqr_time_ns": 14586.0,
      "p75_time_ns": 6.363136e6,
      "min_time_ns": 6.333962e6,
      "mean_time_ns": 6.360630287531806e6,
      "max_time_ns": 6.585563e6,
      "p99_time_ns": 6.474745e6,
      "samples": 786,
      "p95_time_ns": 6.404965e6
    },
    "tree_2d_dgsem/elixir_euler_vortex_mortar.jl/p3_rhs!": {
      "cv": 0.02412682797625001,
      "p25_time_ns": 352610.0,
      "std_time_ns": 8629.687524362467,
      "median_time_ns": 353742.0,
      "allocs": 0,
      "gc_time_ns": 0.0,
      "memory_bytes": 0,
      "iqr_time_ns": 9228.0,
      "p75_time_ns": 361838.0,
      "min_time_ns": 350477.0,
      "mean_time_ns": 357680.1531,
      "max_time_ns": 587181.0,
      "p99_time_ns": 381125.0,
      "samples": 10000,
      "p95_time_ns": 369572.0
    },
    "tree_2d_dgsem/elixir_advection_amr_nonperiodic.jl/p7_analysis": {
      "cv": 0.005341411683982273,
      "p25_time_ns": 3.938756e6,
      "std_time_ns": 21072.45222622683,
      "median_time_ns": 3.940659e6,
      "allocs": 0,
      "gc_time_ns": 0.0,