{
  "metadata": {
    "run_number": 55,
    "julia_version": "1.11.8",
    "commit_hash": "f7d8358aaa856ab0fb62cd8798bd754ab62b6fc4",
    "git_dirty": true,
    "hostname": "runnervmkj6or",
    "git_branch": "main",
    "timestamp": "2026-02-04T13:49:21.259",
    "group": "trixi",
    "system": {
      "julia_threads": 1,
      "arch": "x86_64",
      "word_size": 64,
      "os": "Linux",
      "cpu_threads": 4
    }
  },
  "benchmarks": {
    "tree_2d_dgsem/elixir_euler_ec.jl/p7_analysis": {
      "cv": 0.003543049114186306,
      "p25_time_ns": 1.0958713e7,
      "std_time_ns": 38912.86500929197,
      "median_time_ns": 1.0974093e7,
      "allocs": 0,
      "gc_time_ns": 0.0,
      "memory_bytes": 0,
      "iqr_time_ns": 36209.0,
      "p75_time_ns": 1.0994922e7,
      "min_time_ns": 1.0867334e7,
      "mean_time_ns": 1.0982874850220265e7,
      "max_time_ns": 1.1269536e7,
      "p99_time_ns": 1.1171962e7,
      "samples": 454,
      "p95_time_ns": 1.1042981e7
    },
    "tree_1d_dgsem/elixir_mhd_ec.jl/p3_analysis": {
      "cv": 0.14899675673723667,
      "p25_time_ns": 3126.0,
      "std_time_ns": 471.4024650232145,
      "median_time_ns": 3136.0,
      "allocs": 0,
      "gc_time_ns": 0.0,
      "memory_bytes": 0,
      "iqr_time_ns": 19.0,
      "p75_time_ns": 3145.0,
      "min_time_ns": 3095.0,
      "mean_time_ns": 3163.8438,
      "max_time_ns": 21511.0,
      "p99_time_ns": 3217.0,
      "samples": 10000,
      "p95_time_ns": 3186.0
    },
    "tree_2d_dgsem/elixir_euler_ec.jl/p3_rhs!": {
      "cv": 0.035265814901705245,
      "p25_time_ns": 1.390354e6,
      "std_time_ns": 49419.94802083493,
      "median_time_ns": 1.395463e6,
      "allocs": 0,
      "gc_time_ns": 0.0,
      "memory_bytes": 0,
      "iqr_time_ns": 10139.0,
      "p75_time_ns": 1.400493e6,
      "min_time_ns": 1.376297e6,
      "mean_time_ns": 1.4013556232453678e6,
      "max_time_ns": 2.454206e6,
      "p99_time_ns": 1.529464e6,
      "samples": 3562,
      "p95_time_ns": 1.42015e6
    },
    "tree_1d_dgsem/elixir_mhd_ec.jl/p3_rhs!": {
      "cv": 0.14110718080394377,
      "p25_time_ns": 5339.0,
      "std_time_ns": 762.9388554887682,
      "median_time_ns": 5341.0,
      "allocs": 0,
      "gc_time_ns": 0.0,
      "memory_bytes": 0,
      "iqr_time_ns": 11.0,
      "p75_time_ns": 5350.0,
      "min_time_ns": 5309.0,
      "mean_time_ns": 5406.8039,
      "max_time_ns": 45715.0,
      "p99_time_ns": 6101.0,
      "samples": 10000,
      "p95_time_ns": 5410.0
    },
    "tree_2d_dgsem/elixir_advection_amr_nonperiodic.jl/p3_analysis": {
      "cv": 0.011302347470713618,
      "p25_time_ns": 835455.0,
      "std_time_ns": 9460.867068417338,
      "median_time_ns": 836306.0,
      "allocs": 0,
      "gc_time_ns": 0.0,
      "memory_bytes": 0,
      "iqr_time_ns": 2133.0,
      "p75_time_ns": 837588.0,
      "min_time_ns": 827108.0,
      "mean_time_ns": 837070.9795404997,
      "max_time_ns": 1.181673e6,
      "p99_time_ns": 866512.0,
      "samples": 5963,
      "p95_time_ns": 846265.0
    },
    "tree_2d_dgsem/elixir_advection_amr_nonperiodic.jl/p7_rhs!": {
      "cv": 0.021398339012411643,
      "p25_time_ns": 319669.0,
      "std_time_ns": 6943.223250009692,
      "median_time_ns": 321442.0,
      "allocs": 0,
      "gc_time_ns": 0.0,
      "memory_bytes": 0,
      "iqr_time_ns": 9537.0,
      "p75_time_ns": 329206.0,
      "min_time_ns": 317224.0,
      "mean_time_ns": 324474.8691,
      "max_time_ns": 430225.0,
      "p99_time_ns": 346318.0,
      "samples": 10000,
      "p95_time_ns": 334928.0
    },
    "tree_2d_dgsem/elixir_euler_ec.jl/p7_rhs!": {
      "cv": 0.008512358699375885,
      "p25_time_ns": 9.51564e6,
      "std_time_ns": 81498.04433589491,
      "median_time_ns": 9.5578785e6,
      "allocs": 0,
      "gc_time_ns": 0.0,
      "memory_bytes": 0,
      "iqr_time_ns": 99968.0,
      "p75_time_ns": 9.615608e6,
      "min_time_ns": 9.453624e6,
      "mean_time_ns": 9.574084835249042e6,
      "max_time_ns": 1.0094975e7,
      "p99_time_ns": 9.848163e6,
      "samples": 522,
      "p95_time_ns": 9.724592e6
    },
    "tree_2d_dgsem/elixir_euler_vortex_mortar.jl/p7_rhs!": {
      "cv": 0.06868134027575122,
      "p25_time_ns": 1.128924e6,
      "std_time_ns": 78858.69440005443,
      "median_time_ns": 1.134525e6,
      "allocs": 0,
      "gc_time_ns": 0.0,
      "memory_bytes": 0,
      "iqr_time_ns": 13105.0,
      "p75_time_ns": 1.142029e6,
      "min_time_ns": 1.112674e6,
      "mean_time_ns": 1.1481822294591484e6,
      "max_time_ns": 1.819107e6,
      "p99_time_ns": 1.743615e6,
      "samples": 4345,
      "p95_time_ns": 1.172185e6
    },
    "tree_1d_dgsem/elixir_mhd_ec.jl/p7_rhs!": {
      "cv": 0.11095885792452886,
      "p25_time_ns": 14577.0,
      "std_time_ns": 1663.0424525765472,
      "median_time_ns": 14598.0,
      "allocs": 0,
      "gc_time_ns": 0.0,
      "memory_bytes": 0,
      "iqr_time_ns": 61.0,
      "p75_time_ns": 14638.0,
      "min_time_ns": 14457.0,
      "mean_time_ns": 14987.9197,
      "max_time_ns": 49924.0,
      "p99_time_ns": 21891.0,
      "samples": 10000,
      "p95_time_ns": 19487.0
    },
    "structured_1d_dgsem/elixir_euler_sedov.jl/p3_rhs!": {
      "cv": 0.14174158500451642,
      "p25_time_ns": 12253.0,
      "std_time_ns": 1802.8193556394235,
      "median_time_ns": 12293.0,
      "allocs": 0,
      "gc_time_ns": 0.0,
      "memory_bytes": 0,
      "iqr_time_ns": 80.0,
      "p75_time_ns": 12333.0,
      "min_time_ns": 12082.0,
      "mean_time_ns": 12719.0574,
      "max_time_ns": 44764.0,
      "p99_time_ns": 19566.0,
      "samples": 10000,
      "p95_time_ns": 18244.0
    },
    "tree_2d_dgsem/elixir_euler_ec.jl/p3_analysis": {
      "cv": 0.009032244417554413,
      "p25_time_ns": 2.35986e6,
      "std_time_ns": 21395.275968249694,
      "median_time_ns": 2.36527e6,
      "allocs": 0,
      "gc_time_ns": 0.0,
      "memory_bytes": 0,
      "iqr_time_ns": 11251.0,
      "p75_time_ns": 2.371111e6,
      "min_time_ns": 2.352776e6,
      "mean_time_ns": 2.3687662754860125e6,
      "max_time_ns": 2.957268e6,
      "p99_time_ns": 2.422166e6,
      "samples": 2109,
      "p95_time_ns": 2.394083e6
    },
    "structured_1d_dgsem/elixir_euler_sedov.jl/p7_analysis": {
      "cv": 0.12308369743664088,
      "p25_time_ns": 8035.0,
      "std_time_ns": 1029.996394219514,
      "median_time_ns": 8235.0,
      "allocs": 128,
      "gc_time_ns": 0.0,
      "memory_bytes": 8192,
      "iqr_time_ns": 421.0,
      "p75_time_ns": 8456.0,
      "min_time_ns": 7855.0,
      "mean_time_ns": 8368.2601,
      "max_time_ns": 35105.0,
      "p99_time_ns": 11411.0,
      "samples": 10000,
      "p95_time_ns": 8847.0
    },
    "tree_2d_dgsem/elixir_euler_vortex_mortar.jl/p7_analysis": {
      "cv": 0.006020891203390299,
      "p25_time_ns": 6.32766e6,
      "std_time_ns": 38202.61251815804,
      "median_time_ns": 6.336481e6,
      "allocs": 0,
      "gc_time_ns": 0.0,
      "memory_bytes": 0,
      "iqr_time_ns": 22822.0,
      "p75_time_ns": 6.350482e6,
      "min_time_ns": 6.259623e6,
      "mean_time_ns": 6.345009605329949e6,
      "max_time_ns": 6.881928e6,
      "p99_time_ns": 6.496216e6,
      "samples": 788,
      "p95_time_ns": 6.386028e6
    },
    "tree_2d_dgsem/elixir_euler_vortex_mortar.jl/p3_rhs!": {
      "cv": 0.021801039769548426,
      "p25_time_ns": 354174.0,
      "std_time_ns": 7830.057876980905,
      "median_time_ns": 355696.0,
      "allocs": 0,
      "gc_time_ns": 0.0,
      "memory_bytes": 0,
      "iqr_time_ns": 8917.0,
      "p75_time_ns": 363091.0,
      "min_time_ns": 333414.0,
      "mean_time_ns": 359159.8364,
      "max_time_ns": 550521.0,
      "p99_time_ns": 384540.0,
      "samples": 10000,
      "p95_time_ns": 369993.0
    },
    "tree_2d_dgsem/elixir_advection_amr_nonperiodic.jl/p7_analysis": {
      "cv": 0.007815991617917186,
      "p25_time_ns": 3.951981e6,
      "std_time_ns": 31046.65144841806,
      "median_time_ns": 3.9587985e6,
      "allocs": 0,
      "gc_time_ns": 0.0,