{
  "metadata": {
    "run_number": 58,
    "julia_version": "1.11.8",
    "commit_hash": "9ed7154b276b6f1fbb0cc5fd7bc294332d83ef3d",
    "git_dirty": true,
    "hostname": "runnervmkj6or",
    "git_branch": "main",
    "timestamp": "2026-02-05T03:06:13.741",
    "group": "trixi",
    "system": {
      "julia_threads": 1,
      "arch": "x86_64",
      "word_size": 64,
      "os": "Linux",
      "cpu_threads": 4
    }
  },
  "benchmarks": {
    "tree_2d_dgsem/elixir_euler_ec.jl/p7_analysis": {
      "cv": 0.00506487787054899,
      "p25_time_ns": 1.0885922e7,
      "std_time_ns": 55265.230753464806,
      "median_time_ns": 1.0897469e7,
      "allocs": 0,
      "gc_time_ns": 0.0,
      "memory_bytes": 0,
      "iqr_time_ns": 33790.0,
      "p75_time_ns": 1.0919712e7,
      "min_time_ns": 1.0861475e7,
      "mean_time_ns": 1.0911463645514224e7,
      "max_time_ns": 1.1571532e7,
      "p99_time_ns": 1.1095286e7,
      "samples": 457,
      "p95_time_ns": 1.0985111e7
    },
    "tree_1d_dgsem/elixir_mhd_ec.jl/p3_analysis": {
      "cv": 0.22098124203644043,
      "p25_time_ns": 2965.0,
      "std_time_ns": 665.7448180390026,
      "median_time_ns": 2974.0,
      "allocs": 0,
      "gc_time_ns": 0.0,
      "memory_bytes": 0,
      "iqr_time_ns": 19.0,
      "p75_time_ns": 2984.0,
      "min_time_ns": 2935.0,
      "mean_time_ns": 3012.6757,
      "max_time_ns": 33150.0,
      "p99_time_ns": 3044.0,
      "samples": 10000,
      "p95_time_ns": 3005.0
    },
    "tree_2d_dgsem/elixir_euler_ec.jl/p3_rhs!": {
      "cv": 0.02447966680456624,
      "p25_time_ns": 1.383349e6,
      "std_time_ns": 34124.34688198544,
      "median_time_ns": 1.389639e6,
      "allocs": 0,
      "gc_time_ns": 0.0,
      "memory_bytes": 0,
      "iqr_time_ns": 12089.0,
      "p75_time_ns": 1.395438e6,
      "min_time_ns": 1.375468e6,
      "mean_time_ns": 1.3939873918390162e6,
      "max_time_ns": 2.359086e6,
      "p99_time_ns": 1.461857e6,
      "samples": 3578,
      "p95_time_ns": 1.418993e6
    },
    "tree_1d_dgsem/elixir_mhd_ec.jl/p3_rhs!": {
      "cv": 0.15482746025531322,
      "p25_time_ns": 5248.0,
      "std_time_ns": 824.9919133892802,
      "median_time_ns": 5258.0,
      "allocs": 0,
      "gc_time_ns": 0.0,
      "memory_bytes": 0,
      "iqr_time_ns": 20.0,
      "p75_time_ns": 5268.0,
      "min_time_ns": 5198.0,
      "mean_time_ns": 5328.4599,
      "max_time_ns": 28503.0,
      "p99_time_ns": 6279.0,
      "samples": 10000,
      "p95_time_ns": 5298.0
    },
    "tree_2d_dgsem/elixir_advection_amr_nonperiodic.jl/p3_analysis": {
      "cv": 0.006753885034071331,
      "p25_time_ns": 904640.0,
      "std_time_ns": 6119.443615562772,
      "median_time_ns": 905451.0,
      "allocs": 0,
      "gc_time_ns": 0.0,
      "memory_bytes": 0,
      "iqr_time_ns": 2203.0,
      "p75_time_ns": 906843.0,
      "min_time_ns": 895576.0,
      "mean_time_ns": 906062.7453224341,
      "max_time_ns": 1.033383e6,
      "p99_time_ns": 926192.0,
      "samples": 5505,
      "p95_time_ns": 913783.0
    },
    "tree_2d_dgsem/elixir_advection_amr_nonperiodic.jl/p7_rhs!": {
      "cv": 0.019902900710313323,
      "p25_time_ns": 344628.0,
      "std_time_ns": 6964.596729070237,
      "median_time_ns": 347202.0,
      "allocs": 0,
      "gc_time_ns": 0.0,
      "memory_bytes": 0,
      "iqr_time_ns": 10346.0,
      "p75_time_ns": 354974.0,
      "min_time_ns": 341273.0,
      "mean_time_ns": 349928.728,
      "max_time_ns": 452370.0,
      "p99_time_ns": 370397.0,
      "samples": 10000,
      "p95_time_ns": 360241.0
    },
    "tree_2d_dgsem/elixir_euler_ec.jl/p7_rhs!": {
      "cv": 0.005681390586211912,
      "p25_time_ns": 8.992056e6,
      "std_time_ns": 51245.70453350324,
      "median_time_ns": 9.0088905e6,
      "allocs": 0,
      "gc_time_ns": 0.0,
      "memory_bytes": 0,
      "iqr_time_ns": 40059.0,
      "p75_time_ns": 9.032115e6,
      "min_time_ns": 8.92189e6,
      "mean_time_ns": 9.01992280866426e6,
      "max_time_ns": 9.628221e6,
      "p99_time_ns": 9.218225e6,
      "samples": 554,
      "p95_time_ns": 9.096132e6
    },
    "tree_2d_dgsem/elixir_euler_vortex_mortar.jl/p7_rhs!": {
      "cv": 0.01056543475449967,
      "p25_time_ns": 1.262167e6,
      "std_time_ns": 13422.848427607658,
      "median_time_ns": 1.267064e6,
      "allocs": 0,
      "gc_time_ns": 0.0,
      "memory_bytes": 0,
      "iqr_time_ns": 12179.0,
      "p75_time_ns": 1.274346e6,
      "min_time_ns": 1.254536e6,
      "mean_time_ns": 1.2704492280254776e6,
      "max_time_ns": 1.455808e6,
      "p99_time_ns": 1.327245e6,
      "samples": 3925,
      "p95_time_ns": 1.292793e6
    },
    "tree_1d_dgsem/elixir_mhd_ec.jl/p7_rhs!": {
      "cv": 0.10834273594196198,
      "p25_time_ns": 14171.0,
      "std_time_ns": 1560.7786067189927,
      "median_time_ns": 14191.0,
      "allocs": 0,
      "gc_time_ns": 0.0,
      "memory_bytes": 0,
      "iqr_time_ns": 41.0,
      "p75_time_ns": 14212.0,
      "min_time_ns": 14101.0,
      "mean_time_ns": 14405.9368,
      "max_time_ns": 63385.0,
      "p99_time_ns": 22634.0,
      "samples": 10000,
      "p95_time_ns": 14271.0
    },
    "structured_1d_dgsem/elixir_euler_sedov.jl/p3_rhs!": {
      "cv": 0.09470475921076939,
      "p25_time_ns": 10967.0,
      "std_time_ns": 1056.7360553265194,
      "median_time_ns": 11036.0,
      "allocs": 0,
      "gc_time_ns": 0.0,
      "memory_bytes": 0,
      "iqr_time_ns": 140.0,
      "p75_time_ns": 11107.0,
      "min_time_ns": 10826.0,
      "mean_time_ns": 11158.2149,
      "max_time_ns": 39008.0,
      "p99_time_ns": 19048.0,
      "samples": 10000,
      "p95_time_ns": 11247.0
    },
    "tree_2d_dgsem/elixir_euler_ec.jl/p3_analysis": {
      "cv": 0.009825304455373284,
      "p25_time_ns": 2.272446e6,
      "std_time_ns": 22409.221629660515,
      "median_time_ns": 2.2755e6,
      "allocs": 0,
      "gc_time_ns": 0.0,
      "memory_bytes": 0,
      "iqr_time_ns": 9374.0,
      "p75_time_ns": 2.28182e6,
      "min_time_ns": 2.26869e6,
      "mean_time_ns": 2.280766131110096e6,
      "max_time_ns": 2.580458e6,
      "p99_time_ns": 2.36837e6,
      "samples": 2189,
      "p95_time_ns": 2.30198e6
    },
    "structured_1d_dgsem/elixir_euler_sedov.jl/p7_analysis": {
      "cv": 0.12877359489403228,
      "p25_time_ns": 8623.0,
      "std_time_ns": 1155.4101988179361,
      "median_time_ns": 8763.0,
      "allocs": 128,
      "gc_time_ns": 0.0,
      "memory_bytes": 8192,
      "iqr_time_ns": 421.0,
      "p75_time_ns": 9044.0,
      "min_time_ns": 8432.0,
      "mean_time_ns": 8972.4155,
      "max_time_ns": 32158.0,
      "p99_time_ns": 12529.0,
      "samples": 10000,
      "p95_time_ns": 9454.0
    },
    "tree_2d_dgsem/elixir_euler_vortex_mortar.jl/p7_analysis": {
      "cv": 0.0042333079830988414,
      "p25_time_ns": 5.938045e6,
      "std_time_ns": 25189.83417998389,
      "median_time_ns": 5.94434e6,
      "allocs": 0,
      "gc_time_ns": 0.0,
      "memory_bytes": 0,
      "iqr_time_ns": 16235.0,
      "p75_time_ns": 5.95428e6,
      "min_time_ns": 5.920469e6,
      "mean_time_ns": 5.950390163095238e6,
      "max_time_ns": 6.223645e6,
      "p99_time_ns": 6.048881e6,
      "samples": 840,
      "p95_time_ns": 5.989292e6
    },
    "tree_2d_dgsem/elixir_euler_vortex_mortar.jl/p3_rhs!": {
      "cv": 0.03653997943872816,
      "p25_time_ns": 375334.0,
      "std_time_ns": 13953.101581381667,
      "median_time_ns": 377006.0,
      "allocs": 0,
      "gc_time_ns": 0.0,
      "memory_bytes": 0,
      "iqr_time_ns": 11207.0,
      "p75_time_ns": 386541.0,
      "min_time_ns": 373221.0,
      "mean_time_ns": 381858.4957,
      "max_time_ns": 833282.0,
      "p99_time_ns": 413481.0,
      "samples": 10000,
      "p95_time_ns": 393341.0
    },
    "tree_2d_dgsem/elixir_advection_amr_nonperiodic.jl/p7_analysis": {
      "cv": 0.004564800215660187,
      "p25_time_ns": 4.213753e6,
      "std_time_ns": 19271.4339987034,
      "median_time_ns": 4.217234e6,
      "allocs": 0,
      "gc_time_ns": 0.0,
      "memory_bytes": 0,