{
  "metadata": {
    "run_number": 61,
    "julia_version": "1.11.8",
    "commit_hash": "9ed7154b276b6f1fbb0cc5fd7bc294332d83ef3d",
    "git_dirty": true,
    "hostname": "runnervmwffz4",
    "git_branch": "main",
    "timestamp": "2026-02-08T03:11:25.522",
    "group": "trixi",
    "system": {
      "julia_threads": 1,
      "arch": "x86_64",
      "word_size": 64,
      "os": "Linux",
      "cpu_threads": 4
    }
  },
  "benchmarks": {
    "tree_2d_dgsem/elixir_euler_ec.jl/p7_analysis": {
      "cv": 0.004496546171155245,
      "p25_time_ns": 1.0999582e7,
      "std_time_ns": 49597.45384128633,
      "median_time_ns": 1.10136735e7,
      "allocs": 0,
      "gc_time_ns": 0.0,
      "memory_bytes": 0,
      "iqr_time_ns": 47880.0,
      "p75_time_ns": 1.1047462e7,
      "min_time_ns": 1.0983852e7,
      "mean_time_ns": 1.1030122221238937e7,
      "max_time_ns": 1.1439395e7,
      "p99_time_ns": 1.1232288e7,
      "samples": 452,
      "p95_time_ns": 1.1101051e7
    },
    "tree_1d_dgsem/elixir_mhd_ec.jl/p3_analysis": {
      "cv": 0.16198447327572332,
      "p25_time_ns": 3247.0,
      "std_time_ns": 534.0184732397242,
      "median_time_ns": 3256.0,
      "allocs": 0,
      "gc_time_ns": 0.0,
      "memory_bytes": 0,
      "iqr_time_ns": 19.0,
      "p75_time_ns": 3266.0,
      "min_time_ns": 3206.0,
      "mean_time_ns": 3296.7263,
      "max_time_ns": 20789.0,
      "p99_time_ns": 3356.0,
      "samples": 10000,
      "p95_time_ns": 3316.0
    },
    "tree_2d_dgsem/elixir_euler_ec.jl/p3_rhs!": {
      "cv": 0.010576237861718572,
      "p25_time_ns": 1.383086e6,
      "std_time_ns": 14698.06749171719,
      "median_time_ns": 1.38718e6,
      "allocs": 0,
      "gc_time_ns": 0.0,
      "memory_bytes": 0,
      "iqr_time_ns": 9309.0,
      "p75_time_ns": 1.392395e6,
      "min_time_ns": 1.377306e6,
      "mean_time_ns": 1.38972550389755e6,
      "max_time_ns": 1.891657e6,
      "p99_time_ns": 1.436077e6,
      "samples": 3592,
      "p95_time_ns": 1.404396e6
    },
    "tree_1d_dgsem/elixir_mhd_ec.jl/p3_rhs!": {
      "cv": 0.13031237600495807,
      "p25_time_ns": 5350.0,
      "std_time_ns": 708.1736940324259,
      "median_time_ns": 5360.0,
      "allocs": 0,
      "gc_time_ns": 0.0,
      "memory_bytes": 0,
      "iqr_time_ns": 20.0,
      "p75_time_ns": 5370.0,
      "min_time_ns": 5319.0,
      "mean_time_ns": 5434.4316,
      "max_time_ns": 27672.0,
      "p99_time_ns": 7604.0,
      "samples": 10000,
      "p95_time_ns": 5430.0
    },
    "tree_2d_dgsem/elixir_advection_amr_nonperiodic.jl/p3_analysis": {
      "cv": 0.012728947558404076,
      "p25_time_ns": 837687.0,
      "std_time_ns": 10709.692518189217,
      "median_time_ns": 838939.0,
      "allocs": 0,
      "gc_time_ns": 0.0,
      "memory_bytes": 0,
      "iqr_time_ns": 3506.0,
      "p75_time_ns": 841193.0,
      "min_time_ns": 828149.0,
      "mean_time_ns": 841365.122218476,
      "max_time_ns": 1.261429e6,
      "p99_time_ns": 868063.0,
      "samples": 5932,
      "p95_time_ns": 861200.0
    },
    "tree_2d_dgsem/elixir_advection_amr_nonperiodic.jl/p7_rhs!": {
      "cv": 0.019652569204881863,
      "p25_time_ns": 319438.0,
      "std_time_ns": 6360.357617348638,
      "median_time_ns": 320791.0,
      "allocs": 0,
      "gc_time_ns": 0.0,
      "memory_bytes": 0,
      "iqr_time_ns": 9097.0,
      "p75_time_ns": 328535.0,
      "min_time_ns": 317514.0,
      "mean_time_ns": 323640.0061,
      "max_time_ns": 477222.0,
      "p99_time_ns": 341529.0,
      "samples": 10000,
      "p95_time_ns": 331630.0
    },
    "tree_2d_dgsem/elixir_euler_ec.jl/p7_rhs!": {
      "cv": 0.0056184020489641944,
      "p25_time_ns": 9.460754e6,
      "std_time_ns": 53353.56303525988,
      "median_time_ns": 9.478367e6,
      "allocs": 0,
      "gc_time_ns": 0.0,
      "memory_bytes": 0,
      "iqr_time_ns": 53641.0,
      "p75_time_ns": 9.514395e6,
      "min_time_ns": 9.441509e6,
      "mean_time_ns": 9.496216641366225e6,
      "max_time_ns": 9.805849e6,
      "p99_time_ns": 9.701675e6,
      "samples": 527,
      "p95_time_ns": 9.609463e6
    },
    "tree_2d_dgsem/elixir_euler_vortex_mortar.jl/p7_rhs!": {
      "cv": 0.014707642716029964,
      "p25_time_ns": 1.126607e6,
      "std_time_ns": 16675.86923166363,
      "median_time_ns": 1.131325e6,
      "allocs": 0,
      "gc_time_ns": 0.0,
      "memory_bytes": 0,
      "iqr_time_ns": 10600.0,
      "p75_time_ns": 1.137207e6,
      "min_time_ns": 1.116307e6,
      "mean_time_ns": 1.1338233837764144e6,
      "max_time_ns": 1.746326e6,
      "p99_time_ns": 1.177202e6,
      "samples": 4401,
      "p95_time_ns": 1.150582e6
    },
    "tree_1d_dgsem/elixir_mhd_ec.jl/p7_rhs!": {
      "cv": 0.07754592523934782,
      "p25_time_ns": 14497.0,
      "std_time_ns": 1138.7998320972647,
      "median_time_ns": 14527.0,
      "allocs": 0,
      "gc_time_ns": 0.0,
      "memory_bytes": 0,
      "iqr_time_ns": 60.0,
      "p75_time_ns": 14557.0,
      "min_time_ns": 14387.0,
      "mean_time_ns": 14685.489,
      "max_time_ns": 43782.0,
      "p99_time_ns": 21821.0,
      "samples": 10000,
      "p95_time_ns": 14627.0
    },
    "structured_1d_dgsem/elixir_euler_sedov.jl/p3_rhs!": {
      "cv": 0.08287851591736102,
      "p25_time_ns": 11963.0,
      "std_time_ns": 1003.9705255697555,
      "median_time_ns": 11992.0,
      "allocs": 0,
      "gc_time_ns": 0.0,
      "memory_bytes": 0,
      "iqr_time_ns": 60.0,
      "p75_time_ns": 12023.0,
      "min_time_ns": 11892.0,
      "mean_time_ns": 12113.7609,
      "max_time_ns": 41177.0,
      "p99_time_ns": 19206.0,
      "samples": 10000,
      "p95_time_ns": 12083.0
    },
    "tree_2d_dgsem/elixir_euler_ec.jl/p3_analysis": {
      "cv": 0.018651311503427716,
      "p25_time_ns": 2.296615e6,
      "std_time_ns": 42993.793860217855,
      "median_time_ns": 2.299941e6,
      "allocs": 0,
      "gc_time_ns": 0.0,
      "memory_bytes": 0,
      "iqr_time_ns": 8346.0,
      "p75_time_ns": 2.304961e6,
      "min_time_ns": 2.291906e6,
      "mean_time_ns": 2.305135156437471e6,
      "max_time_ns": 3.342402e6,
      "p99_time_ns": 2.361597e6,
      "samples": 2167,
      "p95_time_ns": 2.318867e6
    },
    "structured_1d_dgsem/elixir_euler_sedov.jl/p7_analysis": {
      "cv": 0.12402451607265014,
      "p25_time_ns": 7934.0,
      "std_time_ns": 1014.1369832558719,
      "median_time_ns": 8026.0,
      "allocs": 128,
      "gc_time_ns": 0.0,
      "memory_bytes": 8192,
      "iqr_time_ns": 271.0,
      "p75_time_ns": 8205.0,
      "min_time_ns": 7794.0,
      "mean_time_ns": 8176.9074,
      "max_time_ns": 47839.0,
      "p99_time_ns": 10861.0,
      "samples": 10000,
      "p95_time_ns": 8496.0
    },
    "tree_2d_dgsem/elixir_euler_vortex_mortar.jl/p7_analysis": {
      "cv": 0.004114310206751943,
      "p25_time_ns": 6.324569e6,
      "std_time_ns": 26064.174996067635,
      "median_time_ns": 6.330118e6,
      "allocs": 0,
      "gc_time_ns": 0.0,
      "memory_bytes": 0,
      "iqr_time_ns": 12854.0,
      "p75_time_ns": 6.337423e6,
      "min_time_ns": 6.312457e6,
      "mean_time_ns": 6.335004821292776e6,
      "max_time_ns": 6.724938e6,
      "p99_time_ns": 6.434814e6,
      "samples": 789,
      "p95_time_ns": 6.361698e6
    },
    "tree_2d_dgsem/elixir_euler_vortex_mortar.jl/p3_rhs!": {
      "cv": 0.02378234264332638,
      "p25_time_ns": 351718.0,
      "std_time_ns": 8474.905126383144,
      "median_time_ns": 352884.5,
      "allocs": 0,
      "gc_time_ns": 0.0,
      "memory_bytes": 0,
      "iqr_time_ns": 8697.0,
      "p75_time_ns": 360415.0,
      "min_time_ns": 348712.0,
      "mean_time_ns": 356352.8309,
      "max_time_ns": 597889.0,
      "p99_time_ns": 379821.0,
      "samples": 10000,
      "p95_time_ns": 365834.0
    },
    "tree_2d_dgsem/elixir_advection_amr_nonperiodic.jl/p7_analysis": {
      "cv": 0.006628729886862742,
      "p25_time_ns": 3.948845e6,
      "std_time_ns": 26300.22064714037,
      "median_time_ns": 3.9571905e6,
      "allocs": 0,
      "gc_time_ns": 0.0,