{
  "metadata": {
    "run_number": 62,
    "julia_version": "1.11.9",
    "commit_hash": "f81a51d8cc697598cc00b5e770c0f7d95f96d036",
    "git_dirty": false,
    "hostname": "runnervm0kj6c",
    "git_branch": "main",
    "timestamp": "2026-03-10T01:12:46.785",
    "group": "enzyme",
    "system": {
      "julia_threads": 1,
      "arch": "x86_64",
      "word_size": 64,
      "os": "Linux",
      "cpu_threads": 4
    }
  },
  "benchmarks": {
    "basics/make_zero/array": {
      "cv": 0.79566013317643,
      "p25_time_ns": 50.0,
      "std_time_ns": 57.70318244227433,
      "median_time_ns": 60.0,
      "allocs": 2,
      "gc_time_ns": 0.0,
      "memory_bytes": 928,
      "iqr_time_ns": 10.0,
      "p75_time_ns": 60.0,
      "min_time_ns": 49.0,
      "mean_time_ns": 72.5224,
      "max_time_ns": 1222.0,
      "p99_time_ns": 331.0,
      "samples": 10000,
      "p95_time_ns": 200.0
    },
    "basics/make_zero/namedtuple": {
      "cv": 1.2294404159336942,
      "p25_time_ns": 30.0,
      "std_time_ns": 36.621095781333764,
      "median_time_ns": 30.0,
      "allocs": 0,
      "gc_time_ns": 0.0,
      "memory_bytes": 0,
      "iqr_time_ns": 0.0,
      "p75_time_ns": 30.0,
      "min_time_ns": 20.0,
      "mean_time_ns": 29.7868,
      "max_time_ns": 3667.0,
      "p99_time_ns": 31.0,
      "samples": 10000,
      "p95_time_ns": 31.0
    },
    "autodiff/reverse/complex": {
      "cv": 0.16902506271700102,
      "p25_time_ns": 28453.0,
      "std_time_ns": 5167.666626845391,
      "median_time_ns": 31298.0,
      "allocs": 3,
      "gc_time_ns": 0.0,
      "memory_bytes": 8072,
      "iqr_time_ns": 3125.0,
      "p75_time_ns": 31578.0,
      "min_time_ns": 28083.0,
      "mean_time_ns": 30573.375,
      "max_time_ns": 437373.0,
      "p99_time_ns": 40566.0,
      "samples": 10000,
      "p95_time_ns": 34614.0
    },
    "autodiff/forward/complex": {
      "cv": 0.13962456225766545,
      "p25_time_ns": 18985.0,
      "std_time_ns": 2786.437668669609,
      "median_time_ns": 19115.0,
      "allocs": 3,
      "gc_time_ns": 0.0,
      "memory_bytes": 8072,
      "iqr_time_ns": 451.0,
      "p75_time_ns": 19436.0,
      "min_time_ns": 18685.0,
      "mean_time_ns": 19956.6439,
      "max_time_ns": 207245.0,
      "p99_time_ns": 28272.0,
      "samples": 10000,
      "p95_time_ns": 22592.0
    },
    "basics/make_zero/struct": {
      "cv": 0.33593097000441824,
      "p25_time_ns": 190.0,
      "std_time_ns": 72.0490299433766,
      "median_time_ns": 191.0,
      "allocs": 7,
      "gc_time_ns": 0.0,
      "memory_bytes": 496,
      "iqr_time_ns": 11.0,
      "p75_time_ns": 201.0,
      "min_time_ns": 180.0,
      "mean_time_ns": 214.4757,
      "max_time_ns": 3346.0,
      "p99_time_ns": 461.0,
      "samples": 10000,
      "p95_time_ns": 361.0
    },
    "autodiff/forward/simple": {
      "cv": 0.823189851918737,
      "p25_time_ns": 211.0,
      "std_time_ns": 1293.0419236983944,
      "median_time_ns": 2044.0,
      "allocs": 4,
      "gc_time_ns": 0.0,
      "memory_bytes": 2720,
      "iqr_time_ns": 1913.0,
      "p75_time_ns": 2124.0,
      "min_time_ns": 190.0,
      "mean_time_ns": 1570.77,
      "max_time_ns": 35726.0,
      "p99_time_ns": 5169.0,
      "samples": 10000,
      "p95_time_ns": 2385.0
    },
    "autodiff/reverse/simple": {
      "cv": 0.411821441852456,
      "p25_time_ns": 1764.0,
      "std_time_ns": 1332.377483007767,
      "median_time_ns": 3737.0,
      "allocs": 4,
      "gc_time_ns": 0.0,
      "memory_bytes": 2720,
      "iqr_time_ns": 2103.0,
      "p75_time_ns": 3867.0,
      "min_time_ns": 1593.0,
      "mean_time_ns": 3235.3281,
      "max_time_ns": 22371.0,
      "p99_time_ns": 6913.0,
      "samples": 10000,
      "p95_time_ns": 4107.0
    }
  }
}