{
  "metadata": {
    "run_number": 64,
    "julia_version": "1.11.9",
    "commit_hash": "f81a51d8cc697598cc00b5e770c0f7d95f96d036",
    "git_dirty": true,
    "hostname": "runnervm0kj6c",
    "git_branch": "main",
    "timestamp": "2026-03-10T01:10:39.153",
    "group": "trixi",
    "system": {
      "julia_threads": 1,
      "arch": "x86_64",
      "word_size": 64,
      "os": "Linux",
      "cpu_threads": 4
    }
  },
  "benchmarks": {
    "tree_2d_dgsem/elixir_euler_ec.jl/p7_analysis": {
      "cv": 0.004032548235512795,
      "p25_time_ns": 1.0887531e7,
      "std_time_ns": 44014.18214705254,
      "median_time_ns": 1.0900975e7,
      "allocs": 0,
      "gc_time_ns": 0.0,
      "memory_bytes": 0,
      "iqr_time_ns": 40345.0,
      "p75_time_ns": 1.0927876e7,
      "min_time_ns": 1.086566e7,
      "mean_time_ns": 1.0914731722100656e7,
      "max_time_ns": 1.1205052e7,
      "p99_time_ns": 1.1077132e7,
      "samples": 457,
      "p95_time_ns": 1.1003807e7
    },
    "tree_1d_dgsem/elixir_mhd_ec.jl/p3_analysis": {
      "cv": 0.1689268504314672,
      "p25_time_ns": 3206.0,
      "std_time_ns": 548.9647616719271,
      "median_time_ns": 3216.0,
      "allocs": 0,
      "gc_time_ns": 0.0,
      "memory_bytes": 0,
      "iqr_time_ns": 20.0,
      "p75_time_ns": 3226.0,
      "min_time_ns": 3166.0,
      "mean_time_ns": 3249.7188,
      "max_time_ns": 25177.0,
      "p99_time_ns": 3306.0,
      "samples": 10000,
      "p95_time_ns": 3266.0
    },
    "tree_2d_dgsem/elixir_euler_ec.jl/p3_rhs!": {
      "cv": 0.01095697477392617,
      "p25_time_ns": 1.390529e6,
      "std_time_ns": 15325.558832155477,
      "median_time_ns": 1.396992e6,
      "allocs": 0,
      "gc_time_ns": 0.0,
      "memory_bytes": 0,
      "iqr_time_ns": 10400.0,
      "p75_time_ns": 1.400929e6,
      "min_time_ns": 1.384618e6,
      "mean_time_ns": 1.3987034878117118e6,
      "max_time_ns": 1.720104e6,
      "p99_time_ns": 1.452865e6,
      "samples": 3569,
      "p95_time_ns": 1.41765e6
    },
    "tree_1d_dgsem/elixir_mhd_ec.jl/p3_rhs!": {
      "cv": 0.12349715188540021,
      "p25_time_ns": 5340.0,
      "std_time_ns": 667.7131749228755,
      "median_time_ns": 5350.0,
      "allocs": 0,
      "gc_time_ns": 0.0,
      "memory_bytes": 0,
      "iqr_time_ns": 20.0,
      "p75_time_ns": 5360.0,
      "min_time_ns": 5309.0,
      "mean_time_ns": 5406.7091,
      "max_time_ns": 30668.0,
      "p99_time_ns": 5480.0,
      "samples": 10000,
      "p95_time_ns": 5420.0
    },
    "tree_2d_dgsem/elixir_advection_amr_nonperiodic.jl/p3_analysis": {
      "cv": 0.013852716579729234,
      "p25_time_ns": 837479.0,
      "std_time_ns": 11639.24549164818,
      "median_time_ns": 838411.0,
      "allocs": 0,
      "gc_time_ns": 0.0,
      "memory_bytes": 0,
      "iqr_time_ns": 3456.0,
      "p75_time_ns": 840935.0,
      "min_time_ns": 828723.0,
      "mean_time_ns": 840213.9338272436,
      "max_time_ns": 1.190217e6,
      "p99_time_ns": 873327.0,
      "samples": 5939,
      "p95_time_ns": 851363.0
    },
    "tree_2d_dgsem/elixir_advection_amr_nonperiodic.jl/p7_rhs!": {
      "cv": 0.026654009796155696,
      "p25_time_ns": 320036.0,
      "std_time_ns": 8655.287615197485,
      "median_time_ns": 321869.0,
      "allocs": 0,
      "gc_time_ns": 0.0,
      "memory_bytes": 0,
      "iqr_time_ns": 8996.0,
      "p75_time_ns": 329032.0,
      "min_time_ns": 317480.0,
      "mean_time_ns": 324727.4118,
      "max_time_ns": 494941.0,
      "p99_time_ns": 344442.0,
      "samples": 10000,
      "p95_time_ns": 333351.0
    },
    "tree_2d_dgsem/elixir_euler_ec.jl/p7_rhs!": {
      "cv": 0.00694461578086307,
      "p25_time_ns": 9.443462e6,
      "std_time_ns": 65769.61679121964,
      "median_time_ns": 9.4544e6,
      "allocs": 0,
      "gc_time_ns": 0.0,
      "memory_bytes": 0,
      "iqr_time_ns": 28038.0,
      "p75_time_ns": 9.4715e6,
      "min_time_ns": 9.427047e6,
      "mean_time_ns": 9.470591155303031e6,
      "max_time_ns": 1.0486881e7,
      "p99_time_ns": 9.733869e6,
      "samples": 528,
      "p95_time_ns": 9.561548e6
    },
    "tree_2d_dgsem/elixir_euler_vortex_mortar.jl/p7_rhs!": {
      "cv": 0.018758068824314703,
      "p25_time_ns": 1.128442e6,
      "std_time_ns": 21340.41736658392,
      "median_time_ns": 1.1331755e6,
      "allocs": 0,
      "gc_time_ns": 0.0,
      "memory_bytes": 0,
      "iqr_time_ns": 12021.0,
      "p75_time_ns": 1.140463e6,
      "min_time_ns": 1.120877e6,
      "mean_time_ns": 1.137666012767898e6,
      "max_time_ns": 1.730643e6,
      "p99_time_ns": 1.206246e6,
      "samples": 4386,
      "p95_time_ns": 1.161382e6
    },
    "tree_1d_dgsem/elixir_mhd_ec.jl/p7_rhs!": {
      "cv": 0.07553570319975737,
      "p25_time_ns": 14227.0,
      "std_time_ns": 1087.4721625584464,
      "median_time_ns": 14257.0,
      "allocs": 0,
      "gc_time_ns": 0.0,
      "memory_bytes": 0,
      "iqr_time_ns": 69.0,
      "p75_time_ns": 14296.0,
      "min_time_ns": 14116.0,
      "mean_time_ns": 14396.7967,
      "max_time_ns": 37209.0,
      "p99_time_ns": 21830.0,
      "samples": 10000,
      "p95_time_ns": 14357.0
    },
    "structured_1d_dgsem/elixir_euler_sedov.jl/p3_rhs!": {
      "cv": 0.08548321642385977,
      "p25_time_ns": 11943.0,
      "std_time_ns": 1035.7175822658082,
      "median_time_ns": 11983.0,
      "allocs": 0,
      "gc_time_ns": 0.0,
      "memory_bytes": 0,
      "iqr_time_ns": 99.0,
      "p75_time_ns": 12042.0,
      "min_time_ns": 11852.0,
      "mean_time_ns": 12116.0343,
      "max_time_ns": 33653.0,
      "p99_time_ns": 19427.0,
      "samples": 10000,
      "p95_time_ns": 12162.0
    },
    "tree_2d_dgsem/elixir_euler_ec.jl/p3_analysis": {
      "cv": 0.007785485839509033,
      "p25_time_ns": 2.295835e6,
      "std_time_ns": 17939.980895100598,
      "median_time_ns": 2.300624e6,
      "allocs": 0,
      "gc_time_ns": 0.0,
      "memory_bytes": 0,
      "iqr_time_ns": 10269.0,
      "p75_time_ns": 2.306104e6,
      "min_time_ns": 2.290335e6,
      "mean_time_ns": 2.304285341328413e6,
      "max_time_ns": 2.617293e6,
      "p99_time_ns": 2.36881e6,
      "samples": 2168,
      "p95_time_ns": 2.326051e6
    },
    "structured_1d_dgsem/elixir_euler_sedov.jl/p7_analysis": {
      "cv": 0.13047046758946632,
      "p25_time_ns": 8125.0,
      "std_time_ns": 1093.2705900309459,
      "median_time_ns": 8216.0,
      "allocs": 128,
      "gc_time_ns": 0.0,
      "memory_bytes": 8192,
      "iqr_time_ns": 251.0,
      "p75_time_ns": 8376.0,
      "min_time_ns": 8004.0,
      "mean_time_ns": 8379.4487,
      "max_time_ns": 38852.0,
      "p99_time_ns": 11972.0,
      "samples": 10000,
      "p95_time_ns": 8676.0
    },
    "tree_2d_dgsem/elixir_euler_vortex_mortar.jl/p7_analysis": {
      "cv": 0.013913256176537929,
      "p25_time_ns": 6.276957e6,
      "std_time_ns": 87611.33540296898,
      "median_time_ns": 6.283914e6,
      "allocs": 0,
      "gc_time_ns": 0.0,
      "memory_bytes": 0,
      "iqr_time_ns": 18074.0,
      "p75_time_ns": 6.295031e6,
      "min_time_ns": 6.264965e6,
      "mean_time_ns": 6.2969684659949625e6,
      "max_time_ns": 8.048196e6,
      "p99_time_ns": 6.486528e6,
      "samples": 794,
      "p95_time_ns": 6.345695e6
    },
    "tree_2d_dgsem/elixir_euler_vortex_mortar.jl/p3_rhs!": {
      "cv": 0.024159299640514255,
      "p25_time_ns": 351273.0,
      "std_time_ns": 8611.745924983592,
      "median_time_ns": 352607.0,
      "allocs": 0,
      "gc_time_ns": 0.0,
      "memory_bytes": 0,
      "iqr_time_ns": 9318.0,
      "p75_time_ns": 360591.0,
      "min_time_ns": 348208.0,
      "mean_time_ns": 356456.7704,
      "max_time_ns": 535667.0,
      "p99_time_ns": 378965.0,
      "samples": 10000,
      "p95_time_ns": 368385.0
    },
    "tree_2d_dgsem/elixir_advection_amr_nonperiodic.jl/p7_analysis": {
      "cv": 0.009855064996993264,
      "p25_time_ns": 3.94263e6,
      "std_time_ns": 39003.59955985871,
      "median_time_ns": 3.951235e6,
      "allocs": 0,
      "gc_time_ns": 0.0,
      "memory_bytes": 0,