{
  "metadata": {
    "run_number": 62,
    "julia_version": "1.11.9",
    "commit_hash": "68e0f8a044199f2a787075415e9867e113cc2609",
    "git_dirty": false,
    "hostname": "runnervm0kj6c",
    "git_branch": "main",
    "timestamp": "2026-03-07T23:24:46.594",
    "group": "enzyme",
    "system": {
      "julia_threads": 1,
      "arch": "x86_64",
      "word_size": 64,
      "os": "Linux",
      "cpu_threads": 4
    }
  },
  "benchmarks": {
    "basics/make_zero/array": {
      "cv": 0.7776332288126964,
      "p25_time_ns": 50.0,
      "std_time_ns": 56.26969596353248,
      "median_time_ns": 60.0,
      "allocs": 2,
      "gc_time_ns": 0.0,
      "memory_bytes": 928,
      "iqr_time_ns": 10.0,
      "p75_time_ns": 60.0,
      "min_time_ns": 41.0,
      "mean_time_ns": 72.3602,
      "max_time_ns": 1242.0,
      "p99_time_ns": 331.0,
      "samples": 10000,
      "p95_time_ns": 201.0
    },
    "basics/make_zero/namedtuple": {
      "cv": 0.12664349009103132,
      "p25_time_ns": 30.0,
      "std_time_ns": 3.722368782500638,
      "median_time_ns": 30.0,
      "allocs": 0,
      "gc_time_ns": 0.0,
      "memory_bytes": 0,
      "iqr_time_ns": 0.0,
      "p75_time_ns": 30.0,
      "min_time_ns": 20.0,
      "mean_time_ns": 29.3925,
      "max_time_ns": 270.0,
      "p99_time_ns": 31.0,
      "samples": 10000,
      "p95_time_ns": 31.0
    },
    "autodiff/reverse/complex": {
      "cv": 0.15097114005458556,
      "p25_time_ns": 28233.0,
      "std_time_ns": 4535.304558199852,
      "median_time_ns": 28463.0,
      "allocs": 3,
      "gc_time_ns": 0.0,
      "memory_bytes": 8072,
      "iqr_time_ns": 3226.0,
      "p75_time_ns": 31459.0,
      "min_time_ns": 27952.0,
      "mean_time_ns": 30040.8711,
      "max_time_ns": 409737.0,
      "p99_time_ns": 40265.0,
      "samples": 10000,
      "p95_time_ns": 34485.0
    },
    "autodiff/forward/complex": {
      "cv": 0.13287083729381904,
      "p25_time_ns": 19236.0,
      "std_time_ns": 2678.4413900834797,
      "median_time_ns": 19366.0,
      "allocs": 3,
      "gc_time_ns": 0.0,
      "memory_bytes": 8072,
      "iqr_time_ns": 390.0,
      "p75_time_ns": 19626.0,
      "min_time_ns": 18965.0,
      "mean_time_ns": 20158.2337,
      "max_time_ns": 199604.0,
      "p99_time_ns": 28282.0,
      "samples": 10000,
      "p95_time_ns": 22843.0
    },
    "basics/make_zero/struct": {
      "cv": 0.8073991611968823,
      "p25_time_ns": 190.0,
      "std_time_ns": 171.19114861033643,
      "median_time_ns": 191.0,
      "allocs": 7,
      "gc_time_ns": 0.0,
      "memory_bytes": 496,
      "iqr_time_ns": 11.0,
      "p75_time_ns": 201.0,
      "min_time_ns": 180.0,
      "mean_time_ns": 212.0279,
      "max_time_ns": 9688.0,
      "p99_time_ns": 401.0,
      "samples": 10000,
      "p95_time_ns": 291.0
    },
    "autodiff/forward/simple": {
      "cv": 0.7604640615807308,
      "p25_time_ns": 210.0,
      "std_time_ns": 1190.6071738463872,
      "median_time_ns": 2084.0,
      "allocs": 4,
      "gc_time_ns": 0.0,
      "memory_bytes": 2720,
      "iqr_time_ns": 1934.0,
      "p75_time_ns": 2144.0,
      "min_time_ns": 190.0,
      "mean_time_ns": 1565.6324,
      "max_time_ns": 25888.0,
      "p99_time_ns": 5150.0,
      "samples": 10000,
      "p95_time_ns": 2325.0
    },
    "autodiff/reverse/simple": {
      "cv": 0.40804057280231154,
      "p25_time_ns": 1814.0,
      "std_time_ns": 1324.0669314847892,
      "median_time_ns": 3707.0,
      "allocs": 4,
      "gc_time_ns": 0.0,
      "memory_bytes": 2720,
      "iqr_time_ns": 2064.0,
      "p75_time_ns": 3878.0,
      "min_time_ns": 1583.0,
      "mean_time_ns": 3244.9394,
      "max_time_ns": 22452.0,
      "p99_time_ns": 6953.0,
      "samples": 10000,
      "p95_time_ns": 4118.0
    }
  }
}