{
  "metadata": {
    "run_number": 64,
    "julia_version": "1.11.9",
    "commit_hash": "68e0f8a044199f2a787075415e9867e113cc2609",
    "git_dirty": true,
    "hostname": "runnervm0kj6c",
    "git_branch": "main",
    "timestamp": "2026-03-07T23:22:43.371",
    "group": "trixi",
    "system": {
      "julia_threads": 1,
      "arch": "x86_64",
      "word_size": 64,
      "os": "Linux",
      "cpu_threads": 4
    }
  },
  "benchmarks": {
    "tree_2d_dgsem/elixir_euler_ec.jl/p7_analysis": {
      "cv": 0.006375797287014623,
      "p25_time_ns": 1.0880614e7,
      "std_time_ns": 69537.77797228037,
      "median_time_ns": 1.089172e7,
      "allocs": 0,
      "gc_time_ns": 0.0,
      "memory_bytes": 0,
      "iqr_time_ns": 30497.0,
      "p75_time_ns": 1.0911111e7,
      "min_time_ns": 1.0854886e7,
      "mean_time_ns": 1.0906522720524017e7,
      "max_time_ns": 1.1927448e7,
      "p99_time_ns": 1.1127194e7,
      "samples": 458,
      "p95_time_ns": 1.096975e7
    },
    "tree_1d_dgsem/elixir_mhd_ec.jl/p3_analysis": {
      "cv": 0.18666893284947375,
      "p25_time_ns": 3146.0,
      "std_time_ns": 596.6415659654746,
      "median_time_ns": 3156.0,
      "allocs": 0,
      "gc_time_ns": 0.0,
      "memory_bytes": 0,
      "iqr_time_ns": 20.0,
      "p75_time_ns": 3166.0,
      "min_time_ns": 3115.0,
      "mean_time_ns": 3196.2553,
      "max_time_ns": 24966.0,
      "p99_time_ns": 3246.0,
      "samples": 10000,
      "p95_time_ns": 3206.0
    },
    "tree_2d_dgsem/elixir_euler_ec.jl/p3_rhs!": {
      "cv": 0.016122133250343593,
      "p25_time_ns": 1.393321e6,
      "std_time_ns": 22626.057137137483,
      "median_time_ns": 1.399813e6,
      "allocs": 0,
      "gc_time_ns": 0.0,
      "memory_bytes": 0,
      "iqr_time_ns": 13967.0,
      "p75_time_ns": 1.407288e6,
      "min_time_ns": 1.385867e6,
      "mean_time_ns": 1.4034158374578177e6,
      "max_time_ns": 1.8904e6,
      "p99_time_ns": 1.458744e6,
      "samples": 3556,
      "p95_time_ns": 1.425912e6
    },
    "tree_1d_dgsem/elixir_mhd_ec.jl/p3_rhs!": {
      "cv": 0.12681993205204087,
      "p25_time_ns": 5350.0,
      "std_time_ns": 687.16623067404,
      "median_time_ns": 5360.0,
      "allocs": 0,
      "gc_time_ns": 0.0,
      "memory_bytes": 0,
      "iqr_time_ns": 20.0,
      "p75_time_ns": 5370.0,
      "min_time_ns": 5319.0,
      "mean_time_ns": 5418.4403,
      "max_time_ns": 25227.0,
      "p99_time_ns": 5500.0,
      "samples": 10000,
      "p95_time_ns": 5430.0
    },
    "tree_2d_dgsem/elixir_advection_amr_nonperiodic.jl/p3_analysis": {
      "cv": 0.014948371584672932,
      "p25_time_ns": 836823.0,
      "std_time_ns": 12532.276690533556,
      "median_time_ns": 837554.0,
      "allocs": 0,
      "gc_time_ns": 0.0,
      "memory_bytes": 0,
      "iqr_time_ns": 2114.0,
      "p75_time_ns": 838937.0,
      "min_time_ns": 827986.0,
      "mean_time_ns": 838370.6960685484,
      "max_time_ns": 1.342326e6,
      "p99_time_ns": 874452.0,
      "samples": 5952,
      "p95_time_ns": 845659.0
    },
    "tree_2d_dgsem/elixir_advection_amr_nonperiodic.jl/p7_rhs!": {
      "cv": 0.024517918741324383,
      "p25_time_ns": 318905.0,
      "std_time_ns": 7961.981440366139,
      "median_time_ns": 321580.0,
      "allocs": 0,
      "gc_time_ns": 0.0,
      "memory_bytes": 0,
      "iqr_time_ns": 10170.0,
      "p75_time_ns": 329075.0,
      "min_time_ns": 316611.0,
      "mean_time_ns": 324741.3259,
      "max_time_ns": 429552.0,
      "p99_time_ns": 350204.0,
      "samples": 10000,
      "p95_time_ns": 337920.0
    },
    "tree_2d_dgsem/elixir_euler_ec.jl/p7_rhs!": {
      "cv": 0.009072304907523268,
      "p25_time_ns": 9.468758e6,
      "std_time_ns": 86244.43378286505,
      "median_time_ns": 9.4888305e6,
      "allocs": 0,
      "gc_time_ns": 0.0,
      "memory_bytes": 0,
      "iqr_time_ns": 48039.0,
      "p75_time_ns": 9.516797e6,
      "min_time_ns": 9.433712e6,
      "mean_time_ns": 9.506342066539925e6,
      "max_time_ns": 1.0666805e7,
      "p99_time_ns": 9.793233e6,
      "samples": 526,
      "p95_time_ns": 9.608819e6
    },
    "tree_2d_dgsem/elixir_euler_vortex_mortar.jl/p7_rhs!": {
      "cv": 0.017321446078487485,
      "p25_time_ns": 1.13001e6,
      "std_time_ns": 19757.021228898742,
      "median_time_ns": 1.136061e6,
      "allocs": 0,
      "gc_time_ns": 0.0,
      "memory_bytes": 0,
      "iqr_time_ns": 15458.0,
      "p75_time_ns": 1.145468e6,
      "min_time_ns": 1.118068e6,
      "mean_time_ns": 1.1406103820301783e6,
      "max_time_ns": 1.759465e6,
      "p99_time_ns": 1.20528e6,
      "samples": 4374,
      "p95_time_ns": 1.171908e6
    },
    "tree_1d_dgsem/elixir_mhd_ec.jl/p7_rhs!": {
      "cv": 0.07546767683276127,
      "p25_time_ns": 14537.0,
      "std_time_ns": 1109.8366587964335,
      "median_time_ns": 14567.0,
      "allocs": 0,
      "gc_time_ns": 0.0,
      "memory_bytes": 0,
      "iqr_time_ns": 60.0,
      "p75_time_ns": 14597.0,
      "min_time_ns": 14437.0,
      "mean_time_ns": 14706.1193,
      "max_time_ns": 38612.0,
      "p99_time_ns": 22232.0,
      "samples": 10000,
      "p95_time_ns": 14657.0
    },
    "structured_1d_dgsem/elixir_euler_sedov.jl/p3_rhs!": {
      "cv": 0.08758446587752328,
      "p25_time_ns": 12033.0,
      "std_time_ns": 1069.3078921833594,
      "median_time_ns": 12092.0,
      "allocs": 0,
      "gc_time_ns": 0.0,
      "memory_bytes": 0,
      "iqr_time_ns": 110.0,
      "p75_time_ns": 12143.0,
      "min_time_ns": 11832.0,
      "mean_time_ns": 12208.8761,
      "max_time_ns": 38843.0,
      "p99_time_ns": 19637.0,
      "samples": 10000,
      "p95_time_ns": 12233.0
    },
    "tree_2d_dgsem/elixir_euler_ec.jl/p3_analysis": {
      "cv": 0.007607066768752459,
      "p25_time_ns": 2.294924e6,
      "std_time_ns": 17515.658038089357,
      "median_time_ns": 2.298921e6,
      "allocs": 0,
      "gc_time_ns": 0.0,
      "memory_bytes": 0,
      "iqr_time_ns": 9629.0,
      "p75_time_ns": 2.304553e6,
      "min_time_ns": 2.289875e6,
      "mean_time_ns": 2.302550847856155e6,
      "max_time_ns": 2.616595e6,
      "p99_time_ns": 2.358443e6,
      "samples": 2169,
      "p95_time_ns": 2.321815e6
    },
    "structured_1d_dgsem/elixir_euler_sedov.jl/p7_analysis": {
      "cv": 0.12969646457429315,
      "p25_time_ns": 8516.0,
      "std_time_ns": 1146.4910409974727,
      "median_time_ns": 8636.0,
      "allocs": 128,
      "gc_time_ns": 0.0,
      "memory_bytes": 8192,
      "iqr_time_ns": 411.0,
      "p75_time_ns": 8927.0,
      "min_time_ns": 8385.0,
      "mean_time_ns": 8839.8018,
      "max_time_ns": 37430.0,
      "p99_time_ns": 11782.0,
      "samples": 10000,
      "p95_time_ns": 9247.0
    },
    "tree_2d_dgsem/elixir_euler_vortex_mortar.jl/p7_analysis": {
      "cv": 0.005473065831324847,
      "p25_time_ns": 6.283661e6,
      "std_time_ns": 34469.114183946054,
      "median_time_ns": 6.2907195e6,
      "allocs": 0,
      "gc_time_ns": 0.0,
      "memory_bytes": 0,
      "iqr_time_ns": 18654.0,
      "p75_time_ns": 6.302315e6,
      "min_time_ns": 6.270266e6,
      "mean_time_ns": 6.297953513853904e6,
      "max_time_ns": 6.960965e6,
      "p99_time_ns": 6.414255e6,
      "samples": 794,
      "p95_time_ns": 6.337812e6
    },
    "tree_2d_dgsem/elixir_euler_vortex_mortar.jl/p3_rhs!": {
      "cv": 0.024762106576019786,
      "p25_time_ns": 354101.0,
      "std_time_ns": 8917.126112210288,
      "median_time_ns": 357648.0,
      "allocs": 0,
      "gc_time_ns": 0.0,
      "memory_bytes": 0,
      "iqr_time_ns": 9397.0,
      "p75_time_ns": 363498.0,
      "min_time_ns": 351126.0,
      "mean_time_ns": 360111.7734,
      "max_time_ns": 542212.0,
      "p99_time_ns": 392072.0,
      "samples": 10000,
      "p95_time_ns": 372756.0
    },
    "tree_2d_dgsem/elixir_advection_amr_nonperiodic.jl/p7_analysis": {
      "cv": 0.008842123205544993,
      "p25_time_ns": 3.940356e6,
      "std_time_ns": 35051.87114342273,
      "median_time_ns": 3.950304e6,
      "allocs": 0,
      "gc_time_ns": 0.0,