{
  "metadata": {
    "run_number": 64,
    "julia_version": "1.11.9",
    "commit_hash": "3f824eb2b02a3ef42586fdc5bd3f211da47b4937",
    "git_dirty": true,
    "hostname": "runnervm0kj6c",
    "git_branch": "main",
    "timestamp": "2026-03-07T05:03:12.560",
    "group": "trixi",
    "system": {
      "julia_threads": 1,
      "arch": "x86_64",
      "word_size": 64,
      "os": "Linux",
      "cpu_threads": 4
    }
  },
  "benchmarks": {
    "tree_2d_dgsem/elixir_euler_ec.jl/p7_analysis": {
      "cv": 0.008301625977129549,
      "p25_time_ns": 1.0985032e7,
      "std_time_ns": 91431.89410377164,
      "median_time_ns": 1.099656e7,
      "allocs": 0,
      "gc_time_ns": 0.0,
      "memory_bytes": 0,
      "iqr_time_ns": 30123.0,
      "p75_time_ns": 1.1015155e7,
      "min_time_ns": 1.0935426e7,
      "mean_time_ns": 1.101373325607064e7,
      "max_time_ns": 1.2316234e7,
      "p99_time_ns": 1.1314195e7,
      "samples": 453,
      "p95_time_ns": 1.1086769e7
    },
    "tree_1d_dgsem/elixir_mhd_ec.jl/p3_analysis": {
      "cv": 0.16561684651425637,
      "p25_time_ns": 3146.0,
      "std_time_ns": 529.5250209448282,
      "median_time_ns": 3156.0,
      "allocs": 0,
      "gc_time_ns": 0.0,
      "memory_bytes": 0,
      "iqr_time_ns": 29.0,
      "p75_time_ns": 3175.0,
      "min_time_ns": 3116.0,
      "mean_time_ns": 3197.2896,
      "max_time_ns": 20509.0,
      "p99_time_ns": 3266.0,
      "samples": 10000,
      "p95_time_ns": 3216.0
    },
    "tree_2d_dgsem/elixir_euler_ec.jl/p3_rhs!": {
      "cv": 0.02039735415806982,
      "p25_time_ns": 1.390934e6,
      "std_time_ns": 28558.296822344044,
      "median_time_ns": 1.3961635e6,
      "allocs": 0,
      "gc_time_ns": 0.0,
      "memory_bytes": 0,
      "iqr_time_ns": 10720.0,
      "p75_time_ns": 1.401654e6,
      "min_time_ns": 1.382258e6,
      "mean_time_ns": 1.400098101010101e6,
      "max_time_ns": 1.993151e6,
      "p99_time_ns": 1.475542e6,
      "samples": 3564,
      "p95_time_ns": 1.420108e6
    },
    "tree_1d_dgsem/elixir_mhd_ec.jl/p3_rhs!": {
      "cv": 0.1230294288487932,
      "p25_time_ns": 5340.0,
      "std_time_ns": 665.2831251559383,
      "median_time_ns": 5350.0,
      "allocs": 0,
      "gc_time_ns": 0.0,
      "memory_bytes": 0,
      "iqr_time_ns": 20.0,
      "p75_time_ns": 5360.0,
      "min_time_ns": 5310.0,
      "mean_time_ns": 5407.5121,
      "max_time_ns": 20909.0,
      "p99_time_ns": 5801.0,
      "samples": 10000,
      "p95_time_ns": 5411.0
    },
    "tree_2d_dgsem/elixir_advection_amr_nonperiodic.jl/p3_analysis": {
      "cv": 0.011770031046110581,
      "p25_time_ns": 836355.0,
      "std_time_ns": 9858.688302332897,
      "median_time_ns": 837056.0,
      "allocs": 0,
      "gc_time_ns": 0.0,
      "memory_bytes": 0,
      "iqr_time_ns": 1713.0,
      "p75_time_ns": 838068.0,
      "min_time_ns": 826677.0,
      "mean_time_ns": 837609.3710976838,
      "max_time_ns": 1.128652e6,
      "p99_time_ns": 874085.0,
      "samples": 5958,
      "p95_time_ns": 842877.0
    },
    "tree_2d_dgsem/elixir_advection_amr_nonperiodic.jl/p7_rhs!": {
      "cv": 0.04457734721757405,
      "p25_time_ns": 318666.0,
      "std_time_ns": 14464.848688852362,
      "median_time_ns": 320429.0,
      "allocs": 0,
      "gc_time_ns": 0.0,
      "memory_bytes": 0,
      "iqr_time_ns": 9749.0,
      "p75_time_ns": 328415.0,
      "min_time_ns": 316873.0,
      "mean_time_ns": 324488.7727,
      "max_time_ns": 737090.0,
      "p99_time_ns": 370273.0,
      "samples": 10000,
      "p95_time_ns": 334035.0
    },
    "tree_2d_dgsem/elixir_euler_ec.jl/p7_rhs!": {
      "cv": 0.01869306870449842,
      "p25_time_ns": 9.575e6,
      "std_time_ns": 181213.3417377982,
      "median_time_ns": 9.667232e6,
      "allocs": 0,
      "gc_time_ns": 0.0,
      "memory_bytes": 0,
      "iqr_time_ns": 180368.0,
      "p75_time_ns": 9.755368e6,
      "min_time_ns": 9.458847e6,
      "mean_time_ns": 9.694146242248062e6,
      "max_time_ns": 1.11406e7,
      "p99_time_ns": 1.0288566e7,
      "samples": 516,
      "p95_time_ns": 9.9429e6
    },
    "tree_2d_dgsem/elixir_euler_vortex_mortar.jl/p7_rhs!": {
      "cv": 0.03240372166463202,
      "p25_time_ns": 1.130797e6,
      "std_time_ns": 36999.16209249698,
      "median_time_ns": 1.1368925e6,
      "allocs": 0,
      "gc_time_ns": 0.0,
      "memory_bytes": 0,
      "iqr_time_ns": 13474.0,
      "p75_time_ns": 1.144271e6,
      "min_time_ns": 1.109897e6,
      "mean_time_ns": 1.1418182909798534e6,
      "max_time_ns": 1.888164e6,
      "p99_time_ns": 1.228008e6,
      "samples": 4368,
      "p95_time_ns": 1.168948e6
    },
    "tree_1d_dgsem/elixir_mhd_ec.jl/p7_rhs!": {
      "cv": 0.07369703178289305,
      "p25_time_ns": 14467.0,
      "std_time_ns": 1079.369756440258,
      "median_time_ns": 14487.0,
      "allocs": 0,
      "gc_time_ns": 0.0,
      "memory_bytes": 0,
      "iqr_time_ns": 50.0,
      "p75_time_ns": 14517.0,
      "min_time_ns": 14367.0,
      "mean_time_ns": 14646.0411,
      "max_time_ns": 34605.0,
      "p99_time_ns": 22001.0,
      "samples": 10000,
      "p95_time_ns": 14577.0
    },
    "structured_1d_dgsem/elixir_euler_sedov.jl/p3_rhs!": {
      "cv": 0.08340944327823192,
      "p25_time_ns": 11852.0,
      "std_time_ns": 1001.0064543231475,
      "median_time_ns": 11872.0,
      "allocs": 0,
      "gc_time_ns": 0.0,
      "memory_bytes": 0,
      "iqr_time_ns": 60.0,
      "p75_time_ns": 11912.0,
      "min_time_ns": 11771.0,
      "mean_time_ns": 12001.1166,
      "max_time_ns": 33422.0,
      "p99_time_ns": 19386.0,
      "samples": 10000,
      "p95_time_ns": 11973.0
    },
    "tree_2d_dgsem/elixir_euler_ec.jl/p3_analysis": {
      "cv": 0.01954743385906808,
      "p25_time_ns": 2.322106e6,
      "std_time_ns": 45613.46885870622,
      "median_time_ns": 2.327336e6,
      "allocs": 0,
      "gc_time_ns": 0.0,
      "memory_bytes": 0,
      "iqr_time_ns": 11230.0,
      "p75_time_ns": 2.333336e6,
      "min_time_ns": 2.316375e6,
      "mean_time_ns": 2.3334760556074767e6,
      "max_time_ns": 3.566936e6,
      "p99_time_ns": 2.399481e6,
      "samples": 2140,
      "p95_time_ns": 2.357012e6
    },
    "structured_1d_dgsem/elixir_euler_sedov.jl/p7_analysis": {
      "cv": 0.19526632889811835,
      "p25_time_ns": 8096.0,
      "std_time_ns": 1647.6672222984635,
      "median_time_ns": 8246.0,
      "allocs": 128,
      "gc_time_ns": 0.0,
      "memory_bytes": 8192,
      "iqr_time_ns": 380.0,
      "p75_time_ns": 8476.0,
      "min_time_ns": 7965.0,
      "mean_time_ns": 8438.0509,
      "max_time_ns": 136064.0,
      "p99_time_ns": 12162.0,
      "samples": 10000,
      "p95_time_ns": 8867.0
    },
    "tree_2d_dgsem/elixir_euler_vortex_mortar.jl/p7_analysis": {
      "cv": 0.009685035377127676,
      "p25_time_ns": 6.349005e6,
      "std_time_ns": 61686.0705761618,
      "median_time_ns": 6.361659e6,
      "allocs": 0,
      "gc_time_ns": 0.0,
      "memory_bytes": 0,
      "iqr_time_ns": 24746.0,
      "p75_time_ns": 6.373751e6,
      "min_time_ns": 6.311885e6,
      "mean_time_ns": 6.369214791082802e6,
      "max_time_ns": 7.530496e6,
      "p99_time_ns": 6.542005e6,
      "samples": 785,
      "p95_time_ns": 6.418113e6
    },
    "tree_2d_dgsem/elixir_euler_vortex_mortar.jl/p3_rhs!": {
      "cv": 0.028778001130772377,
      "p25_time_ns": 350707.0,
      "std_time_ns": 10253.725735356067,
      "median_time_ns": 352770.0,
      "allocs": 0,
      "gc_time_ns": 0.0,
      "memory_bytes": 0,
      "iqr_time_ns": 9236.0,
      "p75_time_ns": 359943.0,
      "min_time_ns": 348142.0,
      "mean_time_ns": 356304.3065,
      "max_time_ns": 623607.0,
      "p99_time_ns": 393516.0,
      "samples": 10000,
      "p95_time_ns": 367298.0
    },
    "tree_2d_dgsem/elixir_advection_amr_nonperiodic.jl/p7_analysis": {
      "cv": 0.015091990276582689,
      "p25_time_ns": 3.939994e6,
      "std_time_ns": 59597.733943859246,
      "median_time_ns": 3.9422785e6,
      "allocs": 0,
      "gc_time_ns": 0.0,