{
  "metadata": {
    "run_number": 62,
    "julia_version": "1.11.9",
    "commit_hash": "0b8dd93cc66465870759104d1b30c99a4accad75",
    "git_dirty": false,
    "hostname": "runnervm0kj6c",
    "git_branch": "main",
    "timestamp": "2026-03-13T03:09:44.149",
    "group": "enzyme",
    "system": {
      "julia_threads": 1,
      "arch": "x86_64",
      "word_size": 64,
      "os": "Linux",
      "cpu_threads": 4
    }
  },
  "benchmarks": {
    "basics/make_zero/array": {
      "cv": 2.5737650317250695,
      "p25_time_ns": 50.0,
      "std_time_ns": 195.5917293269276,
      "median_time_ns": 60.0,
      "allocs": 2,
      "gc_time_ns": 0.0,
      "memory_bytes": 928,
      "iqr_time_ns": 10.0,
      "p75_time_ns": 60.0,
      "min_time_ns": 40.0,
      "mean_time_ns": 75.9944,
      "max_time_ns": 14367.0,
      "p99_time_ns": 341.0,
      "samples": 10000,
      "p95_time_ns": 200.0
    },
    "basics/make_zero/namedtuple": {
      "cv": 0.12950055546249573,
      "p25_time_ns": 30.0,
      "std_time_ns": 3.7972800375490308,
      "median_time_ns": 30.0,
      "allocs": 0,
      "gc_time_ns": 0.0,
      "memory_bytes": 0,
      "iqr_time_ns": 0.0,
      "p75_time_ns": 30.0,
      "min_time_ns": 20.0,
      "mean_time_ns": 29.3225,
      "max_time_ns": 281.0,
      "p99_time_ns": 31.0,
      "samples": 10000,
      "p95_time_ns": 31.0
    },
    "autodiff/reverse/complex": {
      "cv": 0.16428659783483524,
      "p25_time_ns": 28072.0,
      "std_time_ns": 5013.26674611635,
      "median_time_ns": 31168.0,
      "allocs": 3,
      "gc_time_ns": 0.0,
      "memory_bytes": 8072,
      "iqr_time_ns": 3467.0,
      "p75_time_ns": 31539.0,
      "min_time_ns": 27692.0,
      "mean_time_ns": 30515.3726,
      "max_time_ns": 370091.0,
      "p99_time_ns": 40425.0,
      "samples": 10000,
      "p95_time_ns": 34584.0
    },
    "autodiff/forward/complex": {
      "cv": 0.13435329291262477,
      "p25_time_ns": 18715.0,
      "std_time_ns": 2631.184225954701,
      "median_time_ns": 18825.0,
      "allocs": 3,
      "gc_time_ns": 0.0,
      "memory_bytes": 8072,
      "iqr_time_ns": 360.0,
      "p75_time_ns": 19075.0,
      "min_time_ns": 18374.0,
      "mean_time_ns": 19584.0695,
      "max_time_ns": 192610.0,
      "p99_time_ns": 27832.0,
      "samples": 10000,
      "p95_time_ns": 22232.0
    },
    "basics/make_zero/struct": {
      "cv": 0.30174024822384704,
      "p25_time_ns": 201.0,
      "std_time_ns": 68.22377186366003,
      "median_time_ns": 210.0,
      "allocs": 7,
      "gc_time_ns": 0.0,
      "memory_bytes": 496,
      "iqr_time_ns": 10.0,
      "p75_time_ns": 211.0,
      "min_time_ns": 180.0,
      "mean_time_ns": 226.101,
      "max_time_ns": 3197.0,
      "p99_time_ns": 461.0,
      "samples": 10000,
      "p95_time_ns": 330.0
    },
    "autodiff/forward/simple": {
      "cv": 0.7347261022136058,
      "p25_time_ns": 210.0,
      "std_time_ns": 1139.905505801343,
      "median_time_ns": 2053.0,
      "allocs": 4,
      "gc_time_ns": 0.0,
      "memory_bytes": 2720,
      "iqr_time_ns": 1924.0,
      "p75_time_ns": 2134.0,
      "min_time_ns": 190.0,
      "mean_time_ns": 1551.47,
      "max_time_ns": 19786.0,
      "p99_time_ns": 5149.0,
      "samples": 10000,
      "p95_time_ns": 2325.0
    },
    "autodiff/reverse/simple": {
      "cv": 0.41054034212246737,
      "p25_time_ns": 1753.0,
      "std_time_ns": 1313.1328259989969,
      "median_time_ns": 3717.0,
      "allocs": 4,
      "gc_time_ns": 0.0,
      "memory_bytes": 2720,
      "iqr_time_ns": 2064.0,
      "p75_time_ns": 3817.0,
      "min_time_ns": 1603.0,
      "mean_time_ns": 3198.5476,
      "max_time_ns": 21810.0,
      "p99_time_ns": 6873.0,
      "samples": 10000,
      "p95_time_ns": 4037.0
    }
  }
}