{
  "metadata": {
    "run_number": 64,
    "julia_version": "1.11.9",
    "commit_hash": "0b8dd93cc66465870759104d1b30c99a4accad75",
    "git_dirty": true,
    "hostname": "runnervm0kj6c",
    "git_branch": "main",
    "timestamp": "2026-03-13T03:06:02.211",
    "group": "trixi",
    "system": {
      "julia_threads": 1,
      "arch": "x86_64",
      "word_size": 64,
      "os": "Linux",
      "cpu_threads": 4
    }
  },
  "benchmarks": {
    "tree_2d_dgsem/elixir_euler_ec.jl/p7_analysis": {
      "cv": 0.005051576867177165,
      "p25_time_ns": 1.0885292e7,
      "std_time_ns": 55127.5661890795,
      "median_time_ns": 1.0900971e7,
      "allocs": 0,
      "gc_time_ns": 0.0,
      "memory_bytes": 0,
      "iqr_time_ns": 38131.0,
      "p75_time_ns": 1.0923423e7,
      "min_time_ns": 1.0855507e7,
      "mean_time_ns": 1.0912942164113786e7,
      "max_time_ns": 1.1598762e7,
      "p99_time_ns": 1.1180462e7,
      "samples": 457,
      "p95_time_ns": 1.0980319e7
    },
    "tree_1d_dgsem/elixir_mhd_ec.jl/p3_analysis": {
      "cv": 0.16001747433343072,
      "p25_time_ns": 3135.0,
      "std_time_ns": 508.2272437655921,
      "median_time_ns": 3136.0,
      "allocs": 0,
      "gc_time_ns": 0.0,
      "memory_bytes": 0,
      "iqr_time_ns": 11.0,
      "p75_time_ns": 3146.0,
      "min_time_ns": 3105.0,
      "mean_time_ns": 3176.0734,
      "max_time_ns": 16981.0,
      "p99_time_ns": 3237.0,
      "samples": 10000,
      "p95_time_ns": 3196.0
    },
    "tree_2d_dgsem/elixir_euler_ec.jl/p3_rhs!": {
      "cv": 0.013508285992463606,
      "p25_time_ns": 1.390193e6,
      "std_time_ns": 18895.375608729493,
      "median_time_ns": 1.395553e6,
      "allocs": 0,
      "gc_time_ns": 0.0,
      "memory_bytes": 0,
      "iqr_time_ns": 11891.0,
      "p75_time_ns": 1.402084e6,
      "min_time_ns": 1.379803e6,
      "mean_time_ns": 1.3987989015979816e6,
      "max_time_ns": 1.773978e6,
      "p99_time_ns": 1.466966e6,
      "samples": 3567,
      "p95_time_ns": 1.419487e6
    },
    "tree_1d_dgsem/elixir_mhd_ec.jl/p3_rhs!": {
      "cv": 0.17792829748701977,
      "p25_time_ns": 5359.0,
      "std_time_ns": 967.7777384637171,
      "median_time_ns": 5360.0,
      "allocs": 0,
      "gc_time_ns": 0.0,
      "memory_bytes": 0,
      "iqr_time_ns": 11.0,
      "p75_time_ns": 5370.0,
      "min_time_ns": 5329.0,
      "mean_time_ns": 5439.1446,
      "max_time_ns": 65832.0,
      "p99_time_ns": 7114.0,
      "samples": 10000,
      "p95_time_ns": 5430.0
    },
    "tree_2d_dgsem/elixir_advection_amr_nonperiodic.jl/p3_analysis": {
      "cv": 0.009568315774551393,
      "p25_time_ns": 838805.0,
      "std_time_ns": 8040.490706393462,
      "median_time_ns": 839706.0,
      "allocs": 0,
      "gc_time_ns": 0.0,
      "memory_bytes": 0,
      "iqr_time_ns": 2213.0,
      "p75_time_ns": 841018.0,
      "min_time_ns": 829437.0,
      "mean_time_ns": 840324.5561542347,
      "max_time_ns": 1.046752e6,
      "p99_time_ns": 877356.0,
      "samples": 5939,
      "p95_time_ns": 848833.0
    },
    "tree_2d_dgsem/elixir_advection_amr_nonperiodic.jl/p7_rhs!": {
      "cv": 0.026121000193010734,
      "p25_time_ns": 320307.0,
      "std_time_ns": 8495.090267862588,
      "median_time_ns": 321730.0,
      "allocs": 0,
      "gc_time_ns": 0.0,
      "memory_bytes": 0,
      "iqr_time_ns": 9829.0,
      "p75_time_ns": 330136.0,
      "min_time_ns": 318003.0,
      "mean_time_ns": 325220.7115,
      "max_time_ns": 506144.0,
      "p99_time_ns": 350013.0,
      "samples": 10000,
      "p95_time_ns": 334654.0
    },
    "tree_2d_dgsem/elixir_euler_ec.jl/p7_rhs!": {
      "cv": 0.007763352203818632,
      "p25_time_ns": 9.492435e6,
      "std_time_ns": 74019.96346810843,
      "median_time_ns": 9.517511e6,
      "allocs": 0,
      "gc_time_ns": 0.0,
      "memory_bytes": 0,
      "iqr_time_ns": 66203.0,
      "p75_time_ns": 9.558638e6,
      "min_time_ns": 9.430509e6,
      "mean_time_ns": 9.534536309160305e6,
      "max_time_ns": 1.0079058e7,
      "p99_time_ns": 9.822029e6,
      "samples": 524,
      "p95_time_ns": 9.648135e6
    },
    "tree_2d_dgsem/elixir_euler_vortex_mortar.jl/p7_rhs!": {
      "cv": 0.022525613964726368,
      "p25_time_ns": 1.127914e6,
      "std_time_ns": 25624.707598315028,
      "median_time_ns": 1.133914e6,
      "allocs": 0,
      "gc_time_ns": 0.0,
      "memory_bytes": 0,
      "iqr_time_ns": 13284.0,
      "p75_time_ns": 1.141198e6,
      "min_time_ns": 1.11514e6,
      "mean_time_ns": 1.1375808729760547e6,
      "max_time_ns": 1.752087e6,
      "p99_time_ns": 1.203064e6,
      "samples": 4385,
      "p95_time_ns": 1.161005e6
    },
    "tree_1d_dgsem/elixir_mhd_ec.jl/p7_rhs!": {
      "cv": 0.08012772561652132,
      "p25_time_ns": 14256.0,
      "std_time_ns": 1155.78263468392,
      "median_time_ns": 14276.0,
      "allocs": 0,
      "gc_time_ns": 0.0,
      "memory_bytes": 0,
      "iqr_time_ns": 50.0,
      "p75_time_ns": 14306.0,
      "min_time_ns": 14146.0,
      "mean_time_ns": 14424.2536,
      "max_time_ns": 54772.0,
      "p99_time_ns": 21800.0,
      "samples": 10000,
      "p95_time_ns": 14357.0
    },
    "structured_1d_dgsem/elixir_euler_sedov.jl/p3_rhs!": {
      "cv": 0.0831217235618372,
      "p25_time_ns": 12444.0,
      "std_time_ns": 1049.2536292012906,
      "median_time_ns": 12493.0,
      "allocs": 0,
      "gc_time_ns": 0.0,
      "memory_bytes": 0,
      "iqr_time_ns": 109.0,
      "p75_time_ns": 12553.0,
      "min_time_ns": 12273.0,
      "mean_time_ns": 12623.0976,
      "max_time_ns": 39865.0,
      "p99_time_ns": 20017.0,
      "samples": 10000,
      "p95_time_ns": 12673.0
    },
    "tree_2d_dgsem/elixir_euler_ec.jl/p3_analysis": {
      "cv": 0.007427207264074467,
      "p25_time_ns": 2.317422e6,
      "std_time_ns": 17263.112965586122,
      "median_time_ns": 2.320148e6,
      "allocs": 0,
      "gc_time_ns": 0.0,
      "memory_bytes": 0,
      "iqr_time_ns": 8326.0,
      "p75_time_ns": 2.325748e6,
      "min_time_ns": 2.312112e6,
      "mean_time_ns": 2.324307421591438e6,
      "max_time_ns": 2.715535e6,
      "p99_time_ns": 2.384988e6,
      "samples": 2149,
      "p95_time_ns": 2.34286e6
    },
    "structured_1d_dgsem/elixir_euler_sedov.jl/p7_analysis": {
      "cv": 0.12977800491094119,
      "p25_time_ns": 8215.0,
      "std_time_ns": 1104.3000173315165,
      "median_time_ns": 8316.0,
      "allocs": 128,
      "gc_time_ns": 0.0,
      "memory_bytes": 8192,
      "iqr_time_ns": 341.0,
      "p75_time_ns": 8556.0,
      "min_time_ns": 8065.0,
      "mean_time_ns": 8509.1462,
      "max_time_ns": 32170.0,
      "p99_time_ns": 12303.0,
      "samples": 10000,
      "p95_time_ns": 8897.0
    },
    "tree_2d_dgsem/elixir_euler_vortex_mortar.jl/p7_analysis": {
      "cv": 0.005345705062899258,
      "p25_time_ns": 6.312834e6,
      "std_time_ns": 33829.910986970055,
      "median_time_ns": 6.321255e6,
      "allocs": 0,
      "gc_time_ns": 0.0,
      "memory_bytes": 0,
      "iqr_time_ns": 19897.0,
      "p75_time_ns": 6.332731e6,
      "min_time_ns": 6.289671e6,
      "mean_time_ns": 6.32842825949367e6,
      "max_time_ns": 6.758775e6,
      "p99_time_ns": 6.448557e6,
      "samples": 790,
      "p95_time_ns": 6.377605e6
    },
    "tree_2d_dgsem/elixir_euler_vortex_mortar.jl/p3_rhs!": {
      "cv": 0.027393743901677765,
      "p25_time_ns": 353490.0,
      "std_time_ns": 9832.440309098976,
      "median_time_ns": 356124.0,
      "allocs": 0,
      "gc_time_ns": 0.0,
      "memory_bytes": 0,
      "iqr_time_ns": 9477.0,
      "p75_time_ns": 362967.0,
      "min_time_ns": 350443.0,
      "mean_time_ns": 358930.1391,
      "max_time_ns": 621369.0,
      "p99_time_ns": 382133.0,
      "samples": 10000,
      "p95_time_ns": 368246.0
    },
    "tree_2d_dgsem/elixir_advection_amr_nonperiodic.jl/p7_analysis": {
      "cv": 0.007936593663972147,
      "p25_time_ns": 3.96853e6,
      "std_time_ns": 31683.644047777314,
      "median_time_ns": 3.9855135e6,
      "allocs": 0,
      "gc_time_ns": 0.0,