{
  "metadata": {
    "run_number": 30,
    "julia_version": "1.11.8",
    "commit_hash": "174615868e1c9324023496db7ea28166e57b3ada",
    "timestamp": "2026-01-10T02:43:01.354",
    "group": "trixi"
  },
  "benchmarks": {
    "tree_2d_dgsem/elixir_euler_ec.jl/p7_analysis": {
      "max_time_ns": 1.5735895e7,
      "allocs": 0,
      "min_time_ns": 1.0925714e7,
      "mean_time_ns": 1.1058349503325943e7,
      "samples": 451,
      "std_time_ns": 546256.4096138955,
      "median_time_ns": 1.0961421e7,
      "memory_bytes": 0
    },
    "tree_1d_dgsem/elixir_mhd_ec.jl/p3_analysis": {
      "max_time_ns": 17423.0,
      "allocs": 0,
      "min_time_ns": 3165.0,
      "mean_time_ns": 3249.0817,
      "samples": 10000,
      "std_time_ns": 459.9871520413524,
      "median_time_ns": 3215.0,
      "memory_bytes": 0
    },
    "tree_2d_dgsem/elixir_euler_ec.jl/p3_rhs!": {
      "max_time_ns": 2.502599e6,
      "allocs": 0,
      "min_time_ns": 1.379781e6,
      "mean_time_ns": 1.3969161752029108e6,
      "samples": 3573,
      "std_time_ns": 41235.20492234484,
      "median_time_ns": 1.391553e6,
      "memory_bytes": 0
    },
    "tree_1d_dgsem/elixir_mhd_ec.jl/p3_rhs!": {
      "max_time_ns": 28855.0,
      "allocs": 0,
      "min_time_ns": 5339.0,
      "mean_time_ns": 5467.9424,
      "samples": 10000,
      "std_time_ns": 810.6456496640021,
      "median_time_ns": 5390.0,
      "memory_bytes": 0
    },
    "tree_2d_dgsem/elixir_advection_amr_nonperiodic.jl/p3_analysis": {
      "max_time_ns": 1.241622e6,
      "allocs": 0,
      "min_time_ns": 829958.0,
      "mean_time_ns": 841196.208698584,
      "samples": 5932,
      "std_time_ns": 19332.35885851755,
      "median_time_ns": 839015.0,
      "memory_bytes": 0
    },
    "tree_2d_dgsem/elixir_advection_amr_nonperiodic.jl/p7_rhs!": {
      "max_time_ns": 478990.0,
      "allocs": 0,
      "min_time_ns": 318077.0,
      "mean_time_ns": 325212.6029,
      "samples": 10000,
      "std_time_ns": 7874.899826800326,
      "median_time_ns": 322055.0,
      "memory_bytes": 0
    },
    "tree_2d_dgsem/elixir_euler_ec.jl/p7_rhs!": {
      "max_time_ns": 1.0539701e7,
      "allocs": 0,
      "min_time_ns": 9.449394e6,
      "mean_time_ns": 9.568689614942528e6,
      "samples": 522,
      "std_time_ns": 110357.98957366032,
      "median_time_ns": 9.53826e6,
      "memory_bytes": 0
    },
    "tree_2d_dgsem/elixir_euler_vortex_mortar.jl/p7_rhs!": {
      "max_time_ns": 1.532778e6,
      "allocs": 0,
      "min_time_ns": 1.109814e6,
      "mean_time_ns": 1.1336457073392412e6,
      "samples": 4401,
      "std_time_ns": 20361.386732104722,
      "median_time_ns": 1.130182e6,
      "memory_bytes": 0
    },
    "tree_1d_dgsem/elixir_mhd_ec.jl/p7_rhs!": {
      "max_time_ns": 61307.0,
      "allocs": 0,
      "min_time_ns": 14367.0,
      "mean_time_ns": 14640.9127,
      "samples": 10000,
      "std_time_ns": 1182.0602579919785,
      "median_time_ns": 14497.0,
      "memory_bytes": 0
    },
    "structured_1d_dgsem/elixir_euler_sedov.jl/p3_rhs!": {
      "max_time_ns": 49573.0,
      "allocs": 0,
      "min_time_ns": 11913.0,
      "mean_time_ns": 12179.9003,
      "samples": 10000,
      "std_time_ns": 1200.2088339470004,
      "median_time_ns": 12012.0,
      "memory_bytes": 0
    },
    "tree_2d_dgsem/elixir_euler_ec.jl/p3_analysis": {
      "max_time_ns": 3.339691e6,
      "allocs": 0,
      "min_time_ns": 2.291032e6,
      "mean_time_ns": 2.3077173262476893e6,
      "samples": 2164,
      "std_time_ns": 41788.151293415045,
      "median_time_ns": 2.3013915e6,
      "memory_bytes": 0
    },
    "structured_1d_dgsem/elixir_euler_sedov.jl/p7_analysis": {
      "max_time_ns": 32009.0,
      "allocs": 128,
      "min_time_ns": 7824.0,
      "mean_time_ns": 8305.9419,
      "samples": 10000,
      "std_time_ns": 1061.0726230732434,
      "median_time_ns": 8105.0,
      "memory_bytes": 8192
    },
    "tree_2d_dgsem/elixir_euler_vortex_mortar.jl/p7_analysis": {
      "max_time_ns": 8.836473e6,
      "allocs": 0,
      "min_time_ns": 6.260736e6,
      "mean_time_ns": 6.33060524050633e6,
      "samples": 790,
      "std_time_ns": 214041.2280236239,
      "median_time_ns": 6.285583e6,
      "memory_bytes": 0
    },
    "tree_2d_dgsem/elixir_euler_vortex_mortar.jl/p3_rhs!": {
      "max_time_ns": 826312.0,
      "allocs": 0,
      "min_time_ns": 353174.0,
      "mean_time_ns": 362313.9402,
      "samples": 10000,
      "std_time_ns": 18349.12794760742,
      "median_time_ns": 357111.0,
      "memory_bytes": 0
    },
    "tree_2d_dgsem/elixir_advection_amr_nonperiodic.jl/p7_analysis": {
      "max_time_ns": 5.062987e6,
      "allocs": 0,
      "min_time_ns": 3.987488e6,
      "mean_time_ns": 4.010934311396469e6,
      "samples": 1246,
      "std_time_ns": 64548.74482119159,
      "median_time_ns": 3.999104e6,
      "memory_bytes": 0
    },
    "tree_2d_dgsem/elixir_euler_vortex_mortar.jl/p3_analysis": {
      "max_time_ns": 1.839334e6,
      "allocs": 0,
      "min_time_ns": 1.296595e6,
      "mean_time_ns": 1.3131522096816627e6,
      "samples": 3801,
      "std_time_ns": 62088.526544027365,
      "median_time_ns": 1.301594e6,
      "memory_bytes": 0
    },
    "tree_2d_dgsem/elixir_advection_extended.jl/p7_analysis": {
      "max_time_ns": 1.130653e6,
      "allocs": 0,
      "min_time_ns": 814850.0,
      "mean_time_ns": 825453.277060576,
      "samples": 6042,
      "std_time_ns": 12187.22468383006,
      "median_time_ns": 825010.0,
      "memory_bytes": 0
    },
    "tree_2d_dgsem/elixir_advection_extended.jl/p7_rhs!": {
      "max_time_ns": 276178.0,
      "allocs": 0,
      "min_time_ns": 166272.0,
      "mean_time_ns": 170309.4636,
      "samples": 10000,
      "std_time_ns": 7486.694600187636,
      "median_time_ns": 167895.0,
      "memory_bytes": 0
    },
    "structured_1d_dgsem/elixir_euler_sedov.jl/p3_analysis": {
      "max_time_ns": 205146.0,
      "allocs": 128,
      "min_time_ns": 5019.0,
      "mean_time_ns": 6403.1109,
      "samples": 10000,
      "std_time_ns": 3086.352409256047,
      "median_time_ns": 6552.0,
      "memory_bytes": 6144
    },
    "tree_2d_dgsem/elixir_advection_extended.jl/p3_analysis": {
      "max_time_ns": 273954.0,
      "allocs": 0,
      "min_time_ns": 169198.0,
      "mean_time_ns": 171905.6479,
      "samples": 10000,
      "std_time_ns": 5081.765710144346,
      "median_time_ns": 170270.0,
      "memory_bytes": 0
    },
    "structured_1d_dgsem/elixir_euler_sedov.jl/p7_rhs!": {
      "max_time_ns": 84719.0,
      "allocs": 0,
      "min_time_ns": 33052.0,
      "mean_time_ns": 33798.3884,
      "samples": 10000,
      "std_time_ns": 2433.3081823756897,
      "median_time_ns": 33353.0,
      "memory_bytes": 0
    },
    "tree_2d_dgsem/elixir_advection_extended.jl/p3_rhs!": {
      "max_time_ns": 92033.0,
      "allocs": 0,
      "min_time_ns": 44573.0,
      "mean_time_ns": 45841.2943,
      "samples": 10000,
      "std_time_ns": 2252.366006169975,
      "median_time_ns": 45375.0,
      "memory_bytes": 0
    },
    "tree_1d_dgsem/elixir_mhd_ec.jl/p7_analysis": {
      "max_time_ns": 29615.0,
      "allocs": 0,
      "min_time_ns": 6562.0,
      "mean_time_ns": 6710.4461,
      "samples": 10000,
      "std_time_ns": 790.7894730545288,
      "median_time_ns": 6632.0,
      "memory_bytes": 0
    },
    "tree_2d_dgsem/elixir_advection_amr_nonperiodic.jl/p3_rhs!": {
      "max_time_ns": 167624.0,
      "allocs": 0,
      "min_time_ns": 91302.0,
      "mean_time_ns": 93620.5711,
      "samples": 10000,
      "std_time_ns": 4007.2806560522345,
      "median_time_ns": 92524.0,
      "memory_bytes": 0
    }
  }
}