{
  "metadata": {
    "run_number": 60,
    "julia_version": "1.11.8",
    "commit_hash": "9ed7154b276b6f1fbb0cc5fd7bc294332d83ef3d",
    "git_dirty": true,
    "hostname": "runnervmwffz4",
    "git_branch": "main",
    "timestamp": "2026-02-07T03:03:06.985",
    "group": "trixi",
    "system": {
      "julia_threads": 1,
      "arch": "x86_64",
      "word_size": 64,
      "os": "Linux",
      "cpu_threads": 4
    }
  },
  "benchmarks": {
    "tree_2d_dgsem/elixir_euler_ec.jl/p7_analysis": {
      "cv": 0.0032704770375128847,
      "p25_time_ns": 1.0856039e7,
      "std_time_ns": 35555.531198046745,
      "median_time_ns": 1.08615e7,
      "allocs": 0,
      "gc_time_ns": 0.0,
      "memory_bytes": 0,
      "iqr_time_ns": 18785.0,
      "p75_time_ns": 1.0874824e7,
      "min_time_ns": 1.084064e7,
      "mean_time_ns": 1.0871665139433552e7,
      "max_time_ns": 1.1237794e7,
      "p99_time_ns": 1.1047608e7,
      "samples": 459,
      "p95_time_ns": 1.0921251e7
    },
    "tree_1d_dgsem/elixir_mhd_ec.jl/p3_analysis": {
      "cv": 0.1616011962986536,
      "p25_time_ns": 3146.0,
      "std_time_ns": 515.6816829198027,
      "median_time_ns": 3156.0,
      "allocs": 0,
      "gc_time_ns": 0.0,
      "memory_bytes": 0,
      "iqr_time_ns": 20.0,
      "p75_time_ns": 3166.0,
      "min_time_ns": 3115.0,
      "mean_time_ns": 3191.0759,
      "max_time_ns": 20188.0,
      "p99_time_ns": 3246.0,
      "samples": 10000,
      "p95_time_ns": 3206.0
    },
    "tree_2d_dgsem/elixir_euler_ec.jl/p3_rhs!": {
      "cv": 0.009050623367075397,
      "p25_time_ns": 1.387198e6,
      "std_time_ns": 12609.469272304597,
      "median_time_ns": 1.390389e6,
      "allocs": 0,
      "gc_time_ns": 0.0,
      "memory_bytes": 0,
      "iqr_time_ns": 9126.0,
      "p75_time_ns": 1.396324e6,
      "min_time_ns": 1.381638e6,
      "mean_time_ns": 1.393215556640625e6,
      "max_time_ns": 1.669466e6,
      "p99_time_ns": 1.435989e6,
      "samples": 3584,
      "p95_time_ns": 1.404821e6
    },
    "tree_1d_dgsem/elixir_mhd_ec.jl/p3_rhs!": {
      "cv": 0.13724445901674592,
      "p25_time_ns": 5340.0,
      "std_time_ns": 743.0439577924787,
      "median_time_ns": 5350.0,
      "allocs": 0,
      "gc_time_ns": 0.0,
      "memory_bytes": 0,
      "iqr_time_ns": 20.0,
      "p75_time_ns": 5360.0,
      "min_time_ns": 5309.0,
      "mean_time_ns": 5414.0179,
      "max_time_ns": 41688.0,
      "p99_time_ns": 6151.0,
      "samples": 10000,
      "p95_time_ns": 5410.0
    },
    "tree_2d_dgsem/elixir_advection_amr_nonperiodic.jl/p3_analysis": {
      "cv": 0.009499696249260526,
      "p25_time_ns": 837098.0,
      "std_time_ns": 7960.764170771538,
      "median_time_ns": 837689.0,
      "allocs": 0,
      "gc_time_ns": 0.0,
      "memory_bytes": 0,
      "iqr_time_ns": 1382.0,
      "p75_time_ns": 838480.0,
      "min_time_ns": 828371.0,
      "mean_time_ns": 838001.9699462727,
      "max_time_ns": 1.064344e6,
      "p99_time_ns": 864950.0,
      "samples": 5956,
      "p95_time_ns": 843549.0
    },
    "tree_2d_dgsem/elixir_advection_amr_nonperiodic.jl/p7_rhs!": {
      "cv": 0.018810701774155725,
      "p25_time_ns": 315741.0,
      "std_time_ns": 6022.727315007004,
      "median_time_ns": 317695.0,
      "allocs": 0,
      "gc_time_ns": 0.0,
      "memory_bytes": 0,
      "iqr_time_ns": 9468.0,
      "p75_time_ns": 325209.0,
      "min_time_ns": 313607.0,
      "mean_time_ns": 320175.5781,
      "max_time_ns": 454622.0,
      "p99_time_ns": 337091.0,
      "samples": 10000,
      "p95_time_ns": 328415.0
    },
    "tree_2d_dgsem/elixir_euler_ec.jl/p7_rhs!": {
      "cv": 0.0027927471379503204,
      "p25_time_ns": 9.447197e6,
      "std_time_ns": 26420.708836334037,
      "median_time_ns": 9.454004e6,
      "allocs": 0,
      "gc_time_ns": 0.0,
      "memory_bytes": 0,
      "iqr_time_ns": 16711.0,
      "p75_time_ns": 9.463908e6,
      "min_time_ns": 9.428256e6,
      "mean_time_ns": 9.46047297920605e6,
      "max_time_ns": 9.691093e6,
      "p99_time_ns": 9.580226e6,
      "samples": 529,
      "p95_time_ns": 9.497441e6
    },
    "tree_2d_dgsem/elixir_euler_vortex_mortar.jl/p7_rhs!": {
      "cv": 0.00965071817600172,
      "p25_time_ns": 1.135366e6,
      "std_time_ns": 11008.398511912126,
      "median_time_ns": 1.137789e6,
      "allocs": 0,
      "gc_time_ns": 0.0,
      "memory_bytes": 0,
      "iqr_time_ns": 8086.0,
      "p75_time_ns": 1.143452e6,
      "min_time_ns": 1.126498e6,
      "mean_time_ns": 1.1406817929142858e6,
      "max_time_ns": 1.380495e6,
      "p99_time_ns": 1.181372e6,
      "samples": 4375,
      "p95_time_ns": 1.155073e6
    },
    "tree_1d_dgsem/elixir_mhd_ec.jl/p7_rhs!": {
      "cv": 0.06953179695020639,
      "p25_time_ns": 14517.0,
      "std_time_ns": 1020.0968628677392,
      "median_time_ns": 14537.0,
      "allocs": 0,
      "gc_time_ns": 0.0,
      "memory_bytes": 0,
      "iqr_time_ns": 50.0,
      "p75_time_ns": 14567.0,
      "min_time_ns": 14416.0,
      "mean_time_ns": 14670.9406,
      "max_time_ns": 29576.0,
      "p99_time_ns": 22081.0,
      "samples": 10000,
      "p95_time_ns": 14618.0
    },
    "structured_1d_dgsem/elixir_euler_sedov.jl/p3_rhs!": {
      "cv": 0.1220742047454057,
      "p25_time_ns": 11933.0,
      "std_time_ns": 1496.3431321533521,
      "median_time_ns": 11972.0,
      "allocs": 0,
      "gc_time_ns": 0.0,
      "memory_bytes": 0,
      "iqr_time_ns": 99.0,
      "p75_time_ns": 12032.0,
      "min_time_ns": 11843.0,
      "mean_time_ns": 12257.6521,
      "max_time_ns": 39945.0,
      "p99_time_ns": 19347.0,
      "samples": 10000,
      "p95_time_ns": 12223.0
    },
    "tree_2d_dgsem/elixir_euler_ec.jl/p3_analysis": {
      "cv": 0.037338645601163144,
      "p25_time_ns": 2.302471e6,
      "std_time_ns": 86583.73648039585,
      "median_time_ns": 2.30761e6,
      "allocs": 0,
      "gc_time_ns": 0.0,
      "memory_bytes": 0,
      "iqr_time_ns": 10150.0,
      "p75_time_ns": 2.312621e6,
      "min_time_ns": 2.297131e6,
      "mean_time_ns": 2.318877267409471e6,
      "max_time_ns": 3.537814e6,
      "p99_time_ns": 2.618563e6,
      "samples": 2154,
      "p95_time_ns": 2.338368e6
    },
    "structured_1d_dgsem/elixir_euler_sedov.jl/p7_analysis": {
      "cv": 0.14953649014841713,
      "p25_time_ns": 8145.0,
      "std_time_ns": 1276.9410027632616,
      "median_time_ns": 8256.0,
      "allocs": 128,
      "gc_time_ns": 0.0,
      "memory_bytes": 8192,
      "iqr_time_ns": 331.0,
      "p75_time_ns": 8476.0,
      "min_time_ns": 8005.0,
      "mean_time_ns": 8539.3271,
      "max_time_ns": 29204.0,
      "p99_time_ns": 14397.0,
      "samples": 10000,
      "p95_time_ns": 9858.0
    },
    "tree_2d_dgsem/elixir_euler_vortex_mortar.jl/p7_analysis": {
      "cv": 0.0077479972499475466,
      "p25_time_ns": 6.282534e6,
      "std_time_ns": 48777.39234827783,
      "median_time_ns": 6.288049e6,
      "allocs": 0,
      "gc_time_ns": 0.0,
      "memory_bytes": 0,
      "iqr_time_ns": 12273.0,
      "p75_time_ns": 6.294807e6,
      "min_time_ns": 6.273066e6,
      "mean_time_ns": 6.295483952141058e6,
      "max_time_ns": 7.111156e6,
      "p99_time_ns": 6.451501e6,
      "samples": 794,
      "p95_time_ns": 6.319483e6
    },
    "tree_2d_dgsem/elixir_euler_vortex_mortar.jl/p3_rhs!": {
      "cv": 0.025283530129055945,
      "p25_time_ns": 350726.0,
      "std_time_ns": 8981.880086823869,
      "median_time_ns": 351618.0,
      "allocs": 0,
      "gc_time_ns": 0.0,
      "memory_bytes": 0,
      "iqr_time_ns": 8998.0,
      "p75_time_ns": 359724.0,
      "min_time_ns": 348323.0,
      "mean_time_ns": 355246.2825,
      "max_time_ns": 607748.0,
      "p99_time_ns": 374972.0,
      "samples": 10000,
      "p95_time_ns": 362739.0
    },
    "tree_2d_dgsem/elixir_advection_amr_nonperiodic.jl/p7_analysis": {
      "cv": 0.009869179527897684,
      "p25_time_ns": 3.960167e6,
      "std_time_ns": 39174.89101652615,
      "median_time_ns": 3.962873e6,
      "allocs": 0,
      "gc_time_ns": 0.0,