{
  "metadata": {
    "run_number": 19,
    "julia_version": "1.11.9",
    "commit_hash": "90b2c7dc6438cbd66b6eff029a42700de93af5d0",
    "git_dirty": true,
    "hostname": "runnervmnay03",
    "git_branch": "main",
    "timestamp": "2026-03-01T03:19:00.554",
    "group": "trixi",
    "system": {
      "julia_threads": 1,
      "arch": "x86_64",
      "word_size": 64,
      "os": "Linux",
      "cpu_threads": 4
    }
  },
  "benchmarks": {
    "tree_2d_dgsem/elixir_euler_ec.jl/p7_analysis": {
      "cv": 0.05238111485808036,
      "p25_time_ns": 1.0014088e7,
      "std_time_ns": 529244.7249682636,
      "median_time_ns": 1.0022824e7,
      "allocs": 0,
      "gc_time_ns": 0.0,
      "memory_bytes": 0,
      "iqr_time_ns": 25036.0,
      "p75_time_ns": 1.0039124e7,
      "min_time_ns": 9.989114e6,
      "mean_time_ns": 1.0103731591093117e7,
      "max_time_ns": 1.846359e7,
      "p99_time_ns": 1.2098652e7,
      "samples": 494,
      "p95_time_ns": 1.0203042e7
    },
    "tree_1d_dgsem/elixir_mhd_ec.jl/p3_analysis": {
      "cv": 0.11903423140658698,
      "p25_time_ns": 2960.0,
      "std_time_ns": 358.5449486777526,
      "median_time_ns": 2986.0,
      "allocs": 0,
      "gc_time_ns": 0.0,
      "memory_bytes": 0,
      "iqr_time_ns": 53.0,
      "p75_time_ns": 3013.0,
      "min_time_ns": 2930.0,
      "mean_time_ns": 3012.1163,
      "max_time_ns": 21658.0,
      "p99_time_ns": 3086.0,
      "samples": 10000,
      "p95_time_ns": 3049.0
    },
    "tree_2d_dgsem/elixir_euler_ec.jl/p3_rhs!": {
      "cv": 0.01213596428203863,
      "p25_time_ns": 1.147924e6,
      "std_time_ns": 13986.461733590655,
      "median_time_ns": 1.14912e6,
      "allocs": 0,
      "gc_time_ns": 0.0,
      "memory_bytes": 0,
      "iqr_time_ns": 3743.0,
      "p75_time_ns": 1.151667e6,
      "min_time_ns": 1.143585e6,
      "mean_time_ns": 1.1524804629073262e6,
      "max_time_ns": 1.491623e6,
      "p99_time_ns": 1.20753e6,
      "samples": 4327,
      "p95_time_ns": 1.166952e6
    },
    "tree_1d_dgsem/elixir_mhd_ec.jl/p3_rhs!": {
      "cv": 0.10387874267603428,
      "p25_time_ns": 4533.0,
      "std_time_ns": 478.7847081420574,
      "median_time_ns": 4561.0,
      "allocs": 0,
      "gc_time_ns": 0.0,
      "memory_bytes": 0,
      "iqr_time_ns": 71.0,
      "p75_time_ns": 4604.0,
      "min_time_ns": 4467.0,
      "mean_time_ns": 4609.073,
      "max_time_ns": 20724.0,
      "p99_time_ns": 4753.0,
      "samples": 10000,
      "p95_time_ns": 4651.0
    },
    "tree_2d_dgsem/elixir_advection_amr_nonperiodic.jl/p3_analysis": {
      "cv": 0.019419063135714284,
      "p25_time_ns": 551149.0,
      "std_time_ns": 10770.56679904349,
      "median_time_ns": 553590.0,
      "allocs": 0,
      "gc_time_ns": 0.0,
      "memory_bytes": 0,
      "iqr_time_ns": 5043.0,
      "p75_time_ns": 556192.0,
      "min_time_ns": 538500.0,
      "mean_time_ns": 554638.8475989329,
      "max_time_ns": 848732.0,
      "p99_time_ns": 592385.0,
      "samples": 8996,
      "p95_time_ns": 562249.0
    },
    "tree_2d_dgsem/elixir_advection_amr_nonperiodic.jl/p7_rhs!": {
      "cv": 0.015892517421820736,
      "p25_time_ns": 329810.0,
      "std_time_ns": 5282.065277285239,
      "median_time_ns": 330403.0,
      "allocs": 0,
      "gc_time_ns": 0.0,
      "memory_bytes": 0,
      "iqr_time_ns": 4802.0,
      "p75_time_ns": 334612.0,
      "min_time_ns": 328193.0,
      "mean_time_ns": 332361.7736,
      "max_time_ns": 516687.0,
      "p99_time_ns": 352369.0,
      "samples": 10000,
      "p95_time_ns": 336726.0
    },
    "tree_2d_dgsem/elixir_euler_ec.jl/p7_rhs!": {
      "cv": 0.011229267622181764,
      "p25_time_ns": 7.593445e6,
      "std_time_ns": 85568.1192870718,
      "median_time_ns": 7.5994095e6,
      "allocs": 0,
      "gc_time_ns": 0.0,
      "memory_bytes": 0,
      "iqr_time_ns": 20764.0,
      "p75_time_ns": 7.614209e6,
      "min_time_ns": 7.581798e6,
      "mean_time_ns": 7.620097958841464e6,
      "max_time_ns": 8.382511e6,
      "p99_time_ns": 8.116124e6,
      "samples": 656,
      "p95_time_ns": 7.675133e6
    },
    "tree_2d_dgsem/elixir_euler_vortex_mortar.jl/p7_rhs!": {
      "cv": 0.019914241671786685,
      "p25_time_ns": 1.22813e6,
      "std_time_ns": 24606.314689267743,
      "median_time_ns": 1.231066e6,
      "allocs": 0,
      "gc_time_ns": 0.0,
      "memory_bytes": 0,
      "iqr_time_ns": 7927.0,
      "p75_time_ns": 1.236057e6,
      "min_time_ns": 1.214526e6,
      "mean_time_ns": 1.2356139437701264e6,
      "max_time_ns": 1.511443e6,
      "p99_time_ns": 1.347423e6,
      "samples": 4037,
      "p95_time_ns": 1.252303e6
    },
    "tree_1d_dgsem/elixir_mhd_ec.jl/p7_rhs!": {
      "cv": 0.06712447154923894,
      "p25_time_ns": 12595.0,
      "std_time_ns": 853.6648442161217,
      "median_time_ns": 12620.0,
      "allocs": 0,
      "gc_time_ns": 0.0,
      "memory_bytes": 0,
      "iqr_time_ns": 52.0,
      "p75_time_ns": 12647.0,
      "min_time_ns": 12213.0,
      "mean_time_ns": 12717.6397,
      "max_time_ns": 41250.0,
      "p99_time_ns": 17232.0,
      "samples": 10000,
      "p95_time_ns": 12702.0
    },
    "structured_1d_dgsem/elixir_euler_sedov.jl/p3_rhs!": {
      "cv": 0.06335072807239393,
      "p25_time_ns": 11200.0,
      "std_time_ns": 717.753144148344,
      "median_time_ns": 11245.0,
      "allocs": 0,
      "gc_time_ns": 0.0,
      "memory_bytes": 0,
      "iqr_time_ns": 92.0,
      "p75_time_ns": 11292.0,
      "min_time_ns": 11046.0,
      "mean_time_ns": 11329.8326,
      "max_time_ns": 27631.0,
      "p99_time_ns": 15758.0,
      "samples": 10000,
      "p95_time_ns": 11371.0
    },
    "tree_2d_dgsem/elixir_euler_ec.jl/p3_analysis": {
      "cv": 0.008160887215181585,
      "p25_time_ns": 2.095859e6,
      "std_time_ns": 17141.969333671674,
      "median_time_ns": 2.097602e6,
      "allocs": 0,
      "gc_time_ns": 0.0,
      "memory_bytes": 0,
      "iqr_time_ns": 4123.0,
      "p75_time_ns": 2.099982e6,
      "min_time_ns": 2.08875e6,
      "mean_time_ns": 2.100503153846154e6,
      "max_time_ns": 2.463584e6,
      "p99_time_ns": 2.147152e6,
      "samples": 2379,
      "p95_time_ns": 2.113469e6
    },
    "structured_1d_dgsem/elixir_euler_sedov.jl/p7_analysis": {
      "cv": 0.12352893315402486,
      "p25_time_ns": 7332.0,
      "std_time_ns": 935.3116949748012,
      "median_time_ns": 7442.0,
      "allocs": 128,
      "gc_time_ns": 0.0,
      "memory_bytes": 8192,
      "iqr_time_ns": 238.0,
      "p75_time_ns": 7570.0,
      "min_time_ns": 7261.0,
      "mean_time_ns": 7571.6002,
      "max_time_ns": 25880.0,
      "p99_time_ns": 11905.0,
      "samples": 10000,
      "p95_time_ns": 7885.0
    },
    "tree_2d_dgsem/elixir_euler_vortex_mortar.jl/p7_analysis": {
      "cv": 0.008256530236010126,
      "p25_time_ns": 5.427118e6,
      "std_time_ns": 44966.70606725712,
      "median_time_ns": 5.4387485e6,
      "allocs": 0,
      "gc_time_ns": 0.0,
      "memory_bytes": 0,
      "iqr_time_ns": 26468.0,
      "p75_time_ns": 5.453586e6,
      "min_time_ns": 5.392631e6,
      "mean_time_ns": 5.4461989215686275e6,
      "max_time_ns": 6.198827e6,
      "p99_time_ns": 5.549233e6,
      "samples": 918,
      "p95_time_ns": 5.497033e6
    },
    "tree_2d_dgsem/elixir_euler_vortex_mortar.jl/p3_rhs!": {
      "cv": 0.036548925468071286,
      "p25_time_ns": 363671.0,
      "std_time_ns": 13455.285248719281,
      "median_time_ns": 364708.0,
      "allocs": 0,
      "gc_time_ns": 0.0,
      "memory_bytes": 0,
      "iqr_time_ns": 8027.0,
      "p75_time_ns": 371698.0,
      "min_time_ns": 360423.0,
      "mean_time_ns": 368144.4824,
      "max_time_ns": 875927.0,
      "p99_time_ns": 395699.0,
      "samples": 10000,
      "p95_time_ns": 374467.0
    },
    "tree_2d_dgsem/elixir_advection_amr_nonperiodic.jl/p7_analysis": {
      "cv": 0.031785635339299644,
      "p25_time_ns": 2.515809e6,
      "std_time_ns": 80722.21391226845,
      "median_time_ns": 2.525629e6,
      "allocs": 0,
      "gc_time_ns": 0.0,
      "memory_bytes": 0,