{
  "metadata": {
    "run_number": 64,
    "julia_version": "1.11.9",
    "commit_hash": "4a16459ef2032119b947f6e0dfb350842e97dce2",
    "git_dirty": true,
    "hostname": "runnervm0kj6c",
    "git_branch": "main",
    "timestamp": "2026-03-07T23:44:16.196",
    "group": "trixi",
    "system": {
      "julia_threads": 1,
      "arch": "x86_64",
      "word_size": 64,
      "os": "Linux",
      "cpu_threads": 4
    }
  },
  "benchmarks": {
    "tree_2d_dgsem/elixir_euler_ec.jl/p7_analysis": {
      "cv": 0.004788270234994405,
      "p25_time_ns": 1.0887286e7,
      "std_time_ns": 52246.1717821423,
      "median_time_ns": 1.0895622e7,
      "allocs": 0,
      "gc_time_ns": 0.0,
      "memory_bytes": 0,
      "iqr_time_ns": 36269.0,
      "p75_time_ns": 1.0923555e7,
      "min_time_ns": 1.0866397e7,
      "mean_time_ns": 1.0911283035010941e7,
      "max_time_ns": 1.1621447e7,
      "p99_time_ns": 1.11175e7,
      "samples": 457,
      "p95_time_ns": 1.0975763e7
    },
    "tree_1d_dgsem/elixir_mhd_ec.jl/p3_analysis": {
      "cv": 0.15002617259845955,
      "p25_time_ns": 3126.0,
      "std_time_ns": 474.4371722491306,
      "median_time_ns": 3135.0,
      "allocs": 0,
      "gc_time_ns": 0.0,
      "memory_bytes": 0,
      "iqr_time_ns": 10.0,
      "p75_time_ns": 3136.0,
      "min_time_ns": 3096.0,
      "mean_time_ns": 3162.3627,
      "max_time_ns": 20759.0,
      "p99_time_ns": 3216.0,
      "samples": 10000,
      "p95_time_ns": 3186.0
    },
    "tree_2d_dgsem/elixir_euler_ec.jl/p3_rhs!": {
      "cv": 0.010746255031554594,
      "p25_time_ns": 1.395924e6,
      "std_time_ns": 15078.953437359813,
      "median_time_ns": 1.399551e6,
      "allocs": 0,
      "gc_time_ns": 0.0,
      "memory_bytes": 0,
      "iqr_time_ns": 9578.0,
      "p75_time_ns": 1.405502e6,
      "min_time_ns": 1.392207e6,
      "mean_time_ns": 1.4031821684003375e6,
      "max_time_ns": 1.711006e6,
      "p99_time_ns": 1.451468e6,
      "samples": 3557,
      "p95_time_ns": 1.422163e6
    },
    "tree_1d_dgsem/elixir_mhd_ec.jl/p3_rhs!": {
      "cv": 0.13187853326303323,
      "p25_time_ns": 5379.0,
      "std_time_ns": 719.8456277087006,
      "median_time_ns": 5390.0,
      "allocs": 0,
      "gc_time_ns": 0.0,
      "memory_bytes": 0,
      "iqr_time_ns": 31.0,
      "p75_time_ns": 5410.0,
      "min_time_ns": 5330.0,
      "mean_time_ns": 5458.3988,
      "max_time_ns": 31660.0,
      "p99_time_ns": 7454.0,
      "samples": 10000,
      "p95_time_ns": 5460.0
    },
    "tree_2d_dgsem/elixir_advection_amr_nonperiodic.jl/p3_analysis": {
      "cv": 0.008860161978289547,
      "p25_time_ns": 836483.0,
      "std_time_ns": 7426.251409886833,
      "median_time_ns": 837454.0,
      "allocs": 0,
      "gc_time_ns": 0.0,
      "memory_bytes": 0,
      "iqr_time_ns": 2975.0,
      "p75_time_ns": 839458.0,
      "min_time_ns": 827035.0,
      "mean_time_ns": 838162.0367758187,
      "max_time_ns": 960676.0,
      "p99_time_ns": 868513.0,
      "samples": 5955,
      "p95_time_ns": 844447.0
    },
    "tree_2d_dgsem/elixir_advection_amr_nonperiodic.jl/p7_rhs!": {
      "cv": 0.02326825622990832,
      "p25_time_ns": 316675.0,
      "std_time_ns": 7474.098996511821,
      "median_time_ns": 318329.0,
      "allocs": 0,
      "gc_time_ns": 0.0,
      "memory_bytes": 0,
      "iqr_time_ns": 9268.0,
      "p75_time_ns": 325943.0,
      "min_time_ns": 314942.0,
      "mean_time_ns": 321214.4014,
      "max_time_ns": 507334.0,
      "p99_time_ns": 342684.0,
      "samples": 10000,
      "p95_time_ns": 329499.0
    },
    "tree_2d_dgsem/elixir_euler_ec.jl/p7_rhs!": {
      "cv": 0.0047096454847079606,
      "p25_time_ns": 9.435526e6,
      "std_time_ns": 44569.15506715319,
      "median_time_ns": 9.448882e6,
      "allocs": 0,
      "gc_time_ns": 0.0,
      "memory_bytes": 0,
      "iqr_time_ns": 43402.0,
      "p75_time_ns": 9.478928e6,
      "min_time_ns": 9.420629e6,
      "mean_time_ns": 9.463377914933838e6,
      "max_time_ns": 9.85758e6,
      "p99_time_ns": 9.646022e6,
      "samples": 529,
      "p95_time_ns": 9.532579e6
    },
    "tree_2d_dgsem/elixir_euler_vortex_mortar.jl/p7_rhs!": {
      "cv": 0.012500743614217201,
      "p25_time_ns": 1.125556e6,
      "std_time_ns": 14155.025653288532,
      "median_time_ns": 1.128627e6,
      "allocs": 0,
      "gc_time_ns": 0.0,
      "memory_bytes": 0,
      "iqr_time_ns": 9548.0,
      "p75_time_ns": 1.135104e6,
      "min_time_ns": 1.1168e6,
      "mean_time_ns": 1.1323346906491148e6,
      "max_time_ns": 1.437252e6,
      "p99_time_ns": 1.181011e6,
      "samples": 4406,
      "p95_time_ns": 1.151465e6
    },
    "tree_1d_dgsem/elixir_mhd_ec.jl/p7_rhs!": {
      "cv": 0.08139374876805358,
      "p25_time_ns": 14468.0,
      "std_time_ns": 1194.6988362505942,
      "median_time_ns": 14497.0,
      "allocs": 0,
      "gc_time_ns": 0.0,
      "memory_bytes": 0,
      "iqr_time_ns": 60.0,
      "p75_time_ns": 14528.0,
      "min_time_ns": 14387.0,
      "mean_time_ns": 14678.0171,
      "max_time_ns": 38162.0,
      "p99_time_ns": 22011.0,
      "samples": 10000,
      "p95_time_ns": 14588.0
    },
    "structured_1d_dgsem/elixir_euler_sedov.jl/p3_rhs!": {
      "cv": 0.08106136965336136,
      "p25_time_ns": 11912.0,
      "std_time_ns": 976.8678014999525,
      "median_time_ns": 11932.0,
      "allocs": 0,
      "gc_time_ns": 0.0,
      "memory_bytes": 0,
      "iqr_time_ns": 51.0,
      "p75_time_ns": 11963.0,
      "min_time_ns": 11822.0,
      "mean_time_ns": 12050.9659,
      "max_time_ns": 34375.0,
      "p99_time_ns": 19407.0,
      "samples": 10000,
      "p95_time_ns": 12022.0
    },
    "tree_2d_dgsem/elixir_euler_ec.jl/p3_analysis": {
      "cv": 0.00691515475821996,
      "p25_time_ns": 2.3409e6,
      "std_time_ns": 16233.12735792638,
      "median_time_ns": 2.3446525e6,
      "allocs": 0,
      "gc_time_ns": 0.0,
      "memory_bytes": 0,
      "iqr_time_ns": 8336.0,
      "p75_time_ns": 2.349236e6,
      "min_time_ns": 2.327566e6,
      "mean_time_ns": 2.3474713040413535e6,
      "max_time_ns": 2.666473e6,
      "p99_time_ns": 2.405532e6,
      "samples": 2128,
      "p95_time_ns": 2.36167e6
    },
    "structured_1d_dgsem/elixir_euler_sedov.jl/p7_analysis": {
      "cv": 0.10991347277070489,
      "p25_time_ns": 8216.0,
      "std_time_ns": 930.4634688529404,
      "median_time_ns": 8316.0,
      "allocs": 128,
      "gc_time_ns": 0.0,
      "memory_bytes": 8192,
      "iqr_time_ns": 291.0,
      "p75_time_ns": 8507.0,
      "min_time_ns": 8105.0,
      "mean_time_ns": 8465.4178,
      "max_time_ns": 22823.0,
      "p99_time_ns": 10500.0,
      "samples": 10000,
      "p95_time_ns": 8796.0
    },
    "tree_2d_dgsem/elixir_euler_vortex_mortar.jl/p7_analysis": {
      "cv": 0.006417354203543616,
      "p25_time_ns": 6.290655e6,
      "std_time_ns": 40464.59345985539,
      "median_time_ns": 6.296015e6,
      "allocs": 0,
      "gc_time_ns": 0.0,
      "memory_bytes": 0,
      "iqr_time_ns": 13265.0,
      "p75_time_ns": 6.30392e6,
      "min_time_ns": 6.278823e6,
      "mean_time_ns": 6.305494784363178e6,
      "max_time_ns": 6.769485e6,
      "p99_time_ns": 6.47395e6,
      "samples": 793,
      "p95_time_ns": 6.352321e6
    },
    "tree_2d_dgsem/elixir_euler_vortex_mortar.jl/p3_rhs!": {
      "cv": 0.022146511974436192,
      "p25_time_ns": 354006.0,
      "std_time_ns": 7941.800059291677,
      "median_time_ns": 355117.0,
      "allocs": 0,
      "gc_time_ns": 0.0,
      "memory_bytes": 0,
      "iqr_time_ns": 9126.0,
      "p75_time_ns": 363132.0,
      "min_time_ns": 350919.0,
      "mean_time_ns": 358602.7483,
      "max_time_ns": 622811.0,
      "p99_time_ns": 381528.0,
      "samples": 10000,
      "p95_time_ns": 366138.0
    },
    "tree_2d_dgsem/elixir_advection_amr_nonperiodic.jl/p7_analysis": {
      "cv": 0.00502411602129258,
      "p25_time_ns": 3.956068e6,
      "std_time_ns": 19935.1067958171,
      "median_time_ns": 3.961613e6,
      "allocs": 0,
      "gc_time_ns": 0.0,
      "memory_bytes": 0,