{
  "metadata": {
    "run_number": 62,
    "julia_version": "1.11.9",
    "commit_hash": "9ed7154b276b6f1fbb0cc5fd7bc294332d83ef3d",
    "git_dirty": true,
    "hostname": "runnervmwffz4",
    "git_branch": "main",
    "timestamp": "2026-02-09T03:19:07.606",
    "group": "trixi",
    "system": {
      "julia_threads": 1,
      "arch": "x86_64",
      "word_size": 64,
      "os": "Linux",
      "cpu_threads": 4
    }
  },
  "benchmarks": {
    "tree_2d_dgsem/elixir_euler_ec.jl/p7_analysis": {
      "cv": 0.002725711632240534,
      "p25_time_ns": 1.0871419e7,
      "std_time_ns": 29670.325418866345,
      "median_time_ns": 1.0875877e7,
      "allocs": 0,
      "gc_time_ns": 0.0,
      "memory_bytes": 0,
      "iqr_time_ns": 14397.0,
      "p75_time_ns": 1.0885816e7,
      "min_time_ns": 1.0855038e7,
      "mean_time_ns": 1.0885350111111112e7,
      "max_time_ns": 1.1114703e7,
      "p99_time_ns": 1.102729e7,
      "samples": 459,
      "p95_time_ns": 1.0925842e7
    },
    "tree_1d_dgsem/elixir_mhd_ec.jl/p3_analysis": {
      "cv": 0.17595888913812033,
      "p25_time_ns": 3145.0,
      "std_time_ns": 560.1753643785539,
      "median_time_ns": 3146.0,
      "allocs": 0,
      "gc_time_ns": 0.0,
      "memory_bytes": 0,
      "iqr_time_ns": 11.0,
      "p75_time_ns": 3156.0,
      "min_time_ns": 3116.0,
      "mean_time_ns": 3183.5582,
      "max_time_ns": 33333.0,
      "p99_time_ns": 3236.0,
      "samples": 10000,
      "p95_time_ns": 3206.0
    },
    "tree_2d_dgsem/elixir_euler_ec.jl/p3_rhs!": {
      "cv": 0.009809400045481274,
      "p25_time_ns": 1.382981e6,
      "std_time_ns": 13636.98246204039,
      "median_time_ns": 1.388116e6,
      "allocs": 0,
      "gc_time_ns": 0.0,
      "memory_bytes": 0,
      "iqr_time_ns": 10399.0,
      "p75_time_ns": 1.39338e6,
      "min_time_ns": 1.377571e6,
      "mean_time_ns": 1.3901953635097493e6,
      "max_time_ns": 1.764874e6,
      "p99_time_ns": 1.437833e6,
      "samples": 3590,
      "p95_time_ns": 1.407326e6
    },
    "tree_1d_dgsem/elixir_mhd_ec.jl/p3_rhs!": {
      "cv": 0.11296452025293627,
      "p25_time_ns": 5420.0,
      "std_time_ns": 619.9073886075524,
      "median_time_ns": 5431.0,
      "allocs": 0,
      "gc_time_ns": 0.0,
      "memory_bytes": 0,
      "iqr_time_ns": 30.0,
      "p75_time_ns": 5450.0,
      "min_time_ns": 5370.0,
      "mean_time_ns": 5487.6291,
      "max_time_ns": 21229.0,
      "p99_time_ns": 5551.0,
      "samples": 10000,
      "p95_time_ns": 5500.0
    },
    "tree_2d_dgsem/elixir_advection_amr_nonperiodic.jl/p3_analysis": {
      "cv": 0.01445456453604642,
      "p25_time_ns": 836822.0,
      "std_time_ns": 12118.584238685966,
      "median_time_ns": 837453.0,
      "allocs": 0,
      "gc_time_ns": 0.0,
      "memory_bytes": 0,
      "iqr_time_ns": 2364.0,
      "p75_time_ns": 839186.0,
      "min_time_ns": 828977.0,
      "mean_time_ns": 838391.5135225937,
      "max_time_ns": 1.332757e6,
      "p99_time_ns": 862259.0,
      "samples": 5953,
      "p95_time_ns": 845137.0
    },
    "tree_2d_dgsem/elixir_advection_amr_nonperiodic.jl/p7_rhs!": {
      "cv": 0.1078501879667358,
      "p25_time_ns": 322262.0,
      "std_time_ns": 40049.41053824842,
      "median_time_ns": 398944.0,
      "allocs": 0,
      "gc_time_ns": 0.0,
      "memory_bytes": 0,
      "iqr_time_ns": 81252.0,
      "p75_time_ns": 403514.0,
      "min_time_ns": 316891.0,
      "mean_time_ns": 371342.9832,
      "max_time_ns": 478903.0,
      "p99_time_ns": 416598.0,
      "samples": 10000,
      "p95_time_ns": 411348.0
    },
    "tree_2d_dgsem/elixir_euler_ec.jl/p7_rhs!": {
      "cv": 0.0060379430475140895,
      "p25_time_ns": 9.510981e6,
      "std_time_ns": 57649.66974014037,
      "median_time_ns": 9.5421595e6,
      "allocs": 0,
      "gc_time_ns": 0.0,
      "memory_bytes": 0,
      "iqr_time_ns": 68689.0,
      "p75_time_ns": 9.57967e6,
      "min_time_ns": 9.437475e6,
      "mean_time_ns": 9.547898893129772e6,
      "max_time_ns": 9.921788e6,
      "p99_time_ns": 9.722556e6,
      "samples": 524,
      "p95_time_ns": 9.640784e6
    },
    "tree_2d_dgsem/elixir_euler_vortex_mortar.jl/p7_rhs!": {
      "cv": 0.01771683263494016,
      "p25_time_ns": 1.132112e6,
      "std_time_ns": 20186.348464054594,
      "median_time_ns": 1.1370465e6,
      "allocs": 0,
      "gc_time_ns": 0.0,
      "memory_bytes": 0,
      "iqr_time_ns": 11392.0,
      "p75_time_ns": 1.143504e6,
      "min_time_ns": 1.1145e6,
      "mean_time_ns": 1.1393881107305936e6,
      "max_time_ns": 2.059724e6,
      "p99_time_ns": 1.179229e6,
      "samples": 4380,
      "p95_time_ns": 1.157178e6
    },
    "tree_1d_dgsem/elixir_mhd_ec.jl/p7_rhs!": {
      "cv": 0.07324459348950152,
      "p25_time_ns": 14477.0,
      "std_time_ns": 1072.9310451686858,
      "median_time_ns": 14507.0,
      "allocs": 0,
      "gc_time_ns": 0.0,
      "memory_bytes": 0,
      "iqr_time_ns": 60.0,
      "p75_time_ns": 14537.0,
      "min_time_ns": 14357.0,
      "mean_time_ns": 14648.604,
      "max_time_ns": 35266.0,
      "p99_time_ns": 21821.0,
      "samples": 10000,
      "p95_time_ns": 14588.0
    },
    "structured_1d_dgsem/elixir_euler_sedov.jl/p3_rhs!": {
      "cv": 0.0835110914371678,
      "p25_time_ns": 11962.0,
      "std_time_ns": 1012.0711259047652,
      "median_time_ns": 11992.0,
      "allocs": 0,
      "gc_time_ns": 0.0,
      "memory_bytes": 0,
      "iqr_time_ns": 71.0,
      "p75_time_ns": 12033.0,
      "min_time_ns": 11842.0,
      "mean_time_ns": 12119.0025,
      "max_time_ns": 33312.0,
      "p99_time_ns": 19366.0,
      "samples": 10000,
      "p95_time_ns": 12112.0
    },
    "tree_2d_dgsem/elixir_euler_ec.jl/p3_analysis": {
      "cv": 0.0060657432796904385,
      "p25_time_ns": 2.297588e6,
      "std_time_ns": 13973.893118786847,
      "median_time_ns": 2.300862e6,
      "allocs": 0,
      "gc_time_ns": 0.0,
      "memory_bytes": 0,
      "iqr_time_ns": 8063.0,
      "p75_time_ns": 2.305651e6,
      "min_time_ns": 2.292667e6,
      "mean_time_ns": 2.303739620101429e6,
      "max_time_ns": 2.612456e6,
      "p99_time_ns": 2.348112e6,
      "samples": 2169,
      "p95_time_ns": 2.319749e6
    },
    "structured_1d_dgsem/elixir_euler_sedov.jl/p7_analysis": {
      "cv": 0.11527187035825867,
      "p25_time_ns": 8085.0,
      "std_time_ns": 958.7760525606626,
      "median_time_ns": 8156.0,
      "allocs": 128,
      "gc_time_ns": 0.0,
      "memory_bytes": 8192,
      "iqr_time_ns": 241.0,
      "p75_time_ns": 8326.0,
      "min_time_ns": 7905.0,
      "mean_time_ns": 8317.5197,
      "max_time_ns": 31999.0,
      "p99_time_ns": 11051.0,
      "samples": 10000,
      "p95_time_ns": 8646.0
    },
    "tree_2d_dgsem/elixir_euler_vortex_mortar.jl/p7_analysis": {
      "cv": 0.006465348626276882,
      "p25_time_ns": 6.267057e6,
      "std_time_ns": 40594.72662720682,
      "median_time_ns": 6.2727275e6,
      "allocs": 0,
      "gc_time_ns": 0.0,
      "memory_bytes": 0,
      "iqr_time_ns": 13134.0,
      "p75_time_ns": 6.280191e6,
      "min_time_ns": 6.253501e6,
      "mean_time_ns": 6.278814797738694e6,
      "max_time_ns": 7.208684e6,
      "p99_time_ns": 6.388574e6,
      "samples": 796,
      "p95_time_ns": 6.30632e6
    },
    "tree_2d_dgsem/elixir_euler_vortex_mortar.jl/p3_rhs!": {
      "cv": 0.020474741763404018,
      "p25_time_ns": 355754.0,
      "std_time_ns": 7369.175535053896,
      "median_time_ns": 356675.0,
      "allocs": 0,
      "gc_time_ns": 0.0,
      "memory_bytes": 0,
      "iqr_time_ns": 8506.0,
      "p75_time_ns": 364260.0,
      "min_time_ns": 353800.0,
      "mean_time_ns": 359915.4324,
      "max_time_ns": 597365.0,
      "p99_time_ns": 380500.0,
      "samples": 10000,
      "p95_time_ns": 366914.0
    },
    "tree_2d_dgsem/elixir_advection_amr_nonperiodic.jl/p7_analysis": {
      "cv": 0.0038942436899759964,
      "p25_time_ns": 3.963047e6,
      "std_time_ns": 15471.701701188696,
      "median_time_ns": 3.968722e6,
      "allocs": 0,
      "gc_time_ns": 0.0,