{
  "metadata": {
    "run_number": 53,
    "julia_version": "1.11.8",
    "commit_hash": "fa756d7222ee03e44df4050e53bb6e87120db811",
    "git_dirty": false,
    "hostname": "runnervmkj6or",
    "git_branch": "main",
    "timestamp": "2026-02-04T14:03:11.123",
    "group": "enzyme",
    "system": {
      "julia_threads": 1,
      "arch": "x86_64",
      "word_size": 64,
      "os": "Linux",
      "cpu_threads": 4
    }
  },
  "benchmarks": {
    "basics/make_zero/array": {
      "cv": 2.15528180592481,
      "p25_time_ns": 50.0,
      "std_time_ns": 164.23893945688832,
      "median_time_ns": 60.0,
      "allocs": 2,
      "gc_time_ns": 0.0,
      "memory_bytes": 928,
      "iqr_time_ns": 10.0,
      "p75_time_ns": 60.0,
      "min_time_ns": 40.0,
      "mean_time_ns": 76.203,
      "max_time_ns": 10700.0,
      "p99_time_ns": 411.0,
      "samples": 10000,
      "p95_time_ns": 200.0
    },
    "basics/make_zero/namedtuple": {
      "cv": 3.149830733674623,
      "p25_time_ns": 30.0,
      "std_time_ns": 95.43514648424056,
      "median_time_ns": 30.0,
      "allocs": 0,
      "gc_time_ns": 0.0,
      "memory_bytes": 0,
      "iqr_time_ns": 0.0,
      "p75_time_ns": 30.0,
      "min_time_ns": 20.0,
      "mean_time_ns": 30.2985,
      "max_time_ns": 9568.0,
      "p99_time_ns": 31.0,
      "samples": 10000,
      "p95_time_ns": 31.0
    },
    "autodiff/reverse/complex": {
      "cv": 0.11549205534923146,
      "p25_time_ns": 28363.0,
      "std_time_ns": 3516.805556648829,
      "median_time_ns": 30938.0,
      "allocs": 3,
      "gc_time_ns": 0.0,
      "memory_bytes": 8072,
      "iqr_time_ns": 2775.0,
      "p75_time_ns": 31138.0,
      "min_time_ns": 28083.0,
      "mean_time_ns": 30450.6275,
      "max_time_ns": 261468.0,
      "p99_time_ns": 40555.0,
      "samples": 10000,
      "p95_time_ns": 34224.0
    },
    "autodiff/forward/complex": {
      "cv": 0.12914772728317778,
      "p25_time_ns": 19396.0,
      "std_time_ns": 2610.4251712907785,
      "median_time_ns": 19516.0,
      "allocs": 3,
      "gc_time_ns": 0.0,
      "memory_bytes": 8072,
      "iqr_time_ns": 381.0,
      "p75_time_ns": 19777.0,
      "min_time_ns": 19076.0,
      "mean_time_ns": 20212.707,
      "max_time_ns": 188912.0,
      "p99_time_ns": 29635.0,
      "samples": 10000,
      "p95_time_ns": 22562.0
    },
    "basics/make_zero/struct": {
      "cv": 0.9033782221521313,
      "p25_time_ns": 190.0,
      "std_time_ns": 201.76509936438998,
      "median_time_ns": 200.0,
      "allocs": 7,
      "gc_time_ns": 0.0,
      "memory_bytes": 496,
      "iqr_time_ns": 20.0,
      "p75_time_ns": 210.0,
      "min_time_ns": 180.0,
      "mean_time_ns": 223.3451,
      "max_time_ns": 9627.0,
      "p99_time_ns": 481.0,
      "samples": 10000,
      "p95_time_ns": 371.0
    },
    "autodiff/forward/simple": {
      "cv": 0.8292412383522307,
      "p25_time_ns": 210.0,
      "std_time_ns": 1137.2388483422546,
      "median_time_ns": 1763.0,
      "allocs": 4,
      "gc_time_ns": 0.0,
      "memory_bytes": 2720,
      "iqr_time_ns": 1664.0,
      "p75_time_ns": 1874.0,
      "min_time_ns": 190.0,
      "mean_time_ns": 1371.421,
      "max_time_ns": 32411.0,
      "p99_time_ns": 4930.0,
      "samples": 10000,
      "p95_time_ns": 2174.0
    },
    "autodiff/reverse/simple": {
      "cv": 0.41272475095837896,
      "p25_time_ns": 1754.0,
      "std_time_ns": 1249.1280503105224,
      "median_time_ns": 3427.0,
      "allocs": 4,
      "gc_time_ns": 0.0,
      "memory_bytes": 2720,
      "iqr_time_ns": 1783.0,
      "p75_time_ns": 3537.0,
      "min_time_ns": 1612.0,
      "mean_time_ns": 3026.5402,
      "max_time_ns": 23764.0,
      "p99_time_ns": 6662.0,
      "samples": 10000,
      "p95_time_ns": 3828.0
    }
  }
}