{
  "metadata": {
    "run_number": 55,
    "julia_version": "1.11.8",
    "commit_hash": "fa756d7222ee03e44df4050e53bb6e87120db811",
    "git_dirty": true,
    "hostname": "runnervmkj6or",
    "git_branch": "main",
    "timestamp": "2026-02-04T13:54:43.801",
    "group": "trixi",
    "system": {
      "julia_threads": 1,
      "arch": "x86_64",
      "word_size": 64,
      "os": "Linux",
      "cpu_threads": 4
    }
  },
  "benchmarks": {
    "tree_2d_dgsem/elixir_euler_ec.jl/p7_analysis": {
      "cv": 0.0030715266054476124,
      "p25_time_ns": 1.1034709e7,
      "std_time_ns": 33950.23393858951,
      "median_time_ns": 1.10439975e7,
      "allocs": 0,
      "gc_time_ns": 0.0,
      "memory_bytes": 0,
      "iqr_time_ns": 23385.0,
      "p75_time_ns": 1.1058094e7,
      "min_time_ns": 1.1018309e7,
      "mean_time_ns": 1.1053211741150443e7,
      "max_time_ns": 1.1312077e7,
      "p99_time_ns": 1.1219234e7,
      "samples": 452,
      "p95_time_ns": 1.1105422e7
    },
    "tree_1d_dgsem/elixir_mhd_ec.jl/p3_analysis": {
      "cv": 0.14694525048867654,
      "p25_time_ns": 3166.0,
      "std_time_ns": 472.389246325363,
      "median_time_ns": 3176.0,
      "allocs": 0,
      "gc_time_ns": 0.0,
      "memory_bytes": 0,
      "iqr_time_ns": 20.0,
      "p75_time_ns": 3186.0,
      "min_time_ns": 3116.0,
      "mean_time_ns": 3214.7296,
      "max_time_ns": 16562.0,
      "p99_time_ns": 3777.0,
      "samples": 10000,
      "p95_time_ns": 3236.0
    },
    "tree_2d_dgsem/elixir_euler_ec.jl/p3_rhs!": {
      "cv": 0.008453258580013513,
      "p25_time_ns": 1.380004e6,
      "std_time_ns": 11720.75360390921,
      "median_time_ns": 1.383981e6,
      "allocs": 0,
      "gc_time_ns": 0.0,
      "memory_bytes": 0,
      "iqr_time_ns": 9077.0,
      "p75_time_ns": 1.389081e6,
      "min_time_ns": 1.376267e6,
      "mean_time_ns": 1.3865367411830048e6,
      "max_time_ns": 1.604953e6,
      "p99_time_ns": 1.432962e6,
      "samples": 3601,
      "p95_time_ns": 1.401313e6
    },
    "tree_1d_dgsem/elixir_mhd_ec.jl/p3_rhs!": {
      "cv": 0.1537962404392697,
      "p25_time_ns": 5359.0,
      "std_time_ns": 837.9512184990833,
      "median_time_ns": 5381.0,
      "allocs": 0,
      "gc_time_ns": 0.0,
      "memory_bytes": 0,
      "iqr_time_ns": 61.0,
      "p75_time_ns": 5420.0,
      "min_time_ns": 5290.0,
      "mean_time_ns": 5448.4506,
      "max_time_ns": 44574.0,
      "p99_time_ns": 5521.0,
      "samples": 10000,
      "p95_time_ns": 5460.0
    },
    "tree_2d_dgsem/elixir_advection_amr_nonperiodic.jl/p3_analysis": {
      "cv": 0.00690776805401944,
      "p25_time_ns": 841218.0,
      "std_time_ns": 5815.4839739691815,
      "median_time_ns": 842251.0,
      "allocs": 0,
      "gc_time_ns": 0.0,
      "memory_bytes": 0,
      "iqr_time_ns": 1744.0,
      "p75_time_ns": 842962.0,
      "min_time_ns": 831260.0,
      "mean_time_ns": 841875.9762185866,
      "max_time_ns": 1.021494e6,
      "p99_time_ns": 860023.0,
      "samples": 5929,
      "p95_time_ns": 845567.0
    },
    "tree_2d_dgsem/elixir_advection_amr_nonperiodic.jl/p7_rhs!": {
      "cv": 0.02320664418277582,
      "p25_time_ns": 320027.0,
      "std_time_ns": 7532.343229713222,
      "median_time_ns": 321660.0,
      "allocs": 0,
      "gc_time_ns": 0.0,
      "memory_bytes": 0,
      "iqr_time_ns": 9317.0,
      "p75_time_ns": 329344.0,
      "min_time_ns": 318214.0,
      "mean_time_ns": 324577.0121,
      "max_time_ns": 486878.0,
      "p99_time_ns": 344763.0,
      "samples": 10000,
      "p95_time_ns": 332760.0
    },
    "tree_2d_dgsem/elixir_euler_ec.jl/p7_rhs!": {
      "cv": 0.005953050823965407,
      "p25_time_ns": 9.453485e6,
      "std_time_ns": 56458.0860921176,
      "median_time_ns": 9.463894e6,
      "allocs": 0,
      "gc_time_ns": 0.0,
      "memory_bytes": 0,
      "iqr_time_ns": 38251.0,
      "p75_time_ns": 9.491736e6,
      "min_time_ns": 9.438688e6,
      "mean_time_ns": 9.483891161290323e6,
      "max_time_ns": 9.895049e6,
      "p99_time_ns": 9.744447e6,
      "samples": 527,
      "p95_time_ns": 9.599056e6
    },
    "tree_2d_dgsem/elixir_euler_vortex_mortar.jl/p7_rhs!": {
      "cv": 0.010544593415479697,
      "p25_time_ns": 1.121692e6,
      "std_time_ns": 11895.307485137177,
      "median_time_ns": 1.124698e6,
      "allocs": 0,
      "gc_time_ns": 0.0,
      "memory_bytes": 0,
      "iqr_time_ns": 9097.0,
      "p75_time_ns": 1.130789e6,
      "min_time_ns": 1.114158e6,
      "mean_time_ns": 1.1280954150090415e6,
      "max_time_ns": 1.300866e6,
      "p99_time_ns": 1.174981e6,
      "samples": 4424,
      "p95_time_ns": 1.146318e6
    },
    "tree_1d_dgsem/elixir_mhd_ec.jl/p7_rhs!": {
      "cv": 0.07639477318644844,
      "p25_time_ns": 14497.0,
      "std_time_ns": 1121.079132920182,
      "median_time_ns": 14517.0,
      "allocs": 0,
      "gc_time_ns": 0.0,
      "memory_bytes": 0,
      "iqr_time_ns": 50.0,
      "p75_time_ns": 14547.0,
      "min_time_ns": 14397.0,
      "mean_time_ns": 14674.8146,
      "max_time_ns": 41137.0,
      "p99_time_ns": 21921.0,
      "samples": 10000,
      "p95_time_ns": 14607.0
    },
    "structured_1d_dgsem/elixir_euler_sedov.jl/p3_rhs!": {
      "cv": 0.08677737761750408,
      "p25_time_ns": 11983.0,
      "std_time_ns": 1054.7786344425629,
      "median_time_ns": 12012.0,
      "allocs": 0,
      "gc_time_ns": 0.0,
      "memory_bytes": 0,
      "iqr_time_ns": 69.0,
      "p75_time_ns": 12052.0,
      "min_time_ns": 11912.0,
      "mean_time_ns": 12154.9955,
      "max_time_ns": 34674.0,
      "p99_time_ns": 19296.0,
      "samples": 10000,
      "p95_time_ns": 12122.0
    },
    "tree_2d_dgsem/elixir_euler_ec.jl/p3_analysis": {
      "cv": 0.035302616251455254,
      "p25_time_ns": 2.325697e6,
      "std_time_ns": 82686.60333583145,
      "median_time_ns": 2.329896e6,
      "allocs": 0,
      "gc_time_ns": 0.0,
      "memory_bytes": 0,
      "iqr_time_ns": 10521.0,
      "p75_time_ns": 2.336218e6,
      "min_time_ns": 2.321921e6,
      "mean_time_ns": 2.342223101734646e6,
      "max_time_ns": 3.499187e6,
      "p99_time_ns": 2.668705e6,
      "samples": 2133,
      "p95_time_ns": 2.363979e6
    },
    "structured_1d_dgsem/elixir_euler_sedov.jl/p7_analysis": {
      "cv": 0.2981940746312329,
      "p25_time_ns": 8025.0,
      "std_time_ns": 2482.707536518947,
      "median_time_ns": 8115.0,
      "allocs": 128,
      "gc_time_ns": 0.0,
      "memory_bytes": 8192,
      "iqr_time_ns": 311.0,
      "p75_time_ns": 8336.0,
      "min_time_ns": 7895.0,
      "mean_time_ns": 8325.8111,
      "max_time_ns": 173444.0,
      "p99_time_ns": 11351.0,
      "samples": 10000,
      "p95_time_ns": 8666.0
    },
    "tree_2d_dgsem/elixir_euler_vortex_mortar.jl/p7_analysis": {
      "cv": 0.007087362994616375,
      "p25_time_ns": 6.291533e6,
      "std_time_ns": 44706.01134189744,
      "median_time_ns": 6.298898e6,
      "allocs": 0,
      "gc_time_ns": 0.0,
      "memory_bytes": 0,
      "iqr_time_ns": 21455.0,
      "p75_time_ns": 6.312988e6,
      "min_time_ns": 6.267578e6,
      "mean_time_ns": 6.307848402269862e6,
      "max_time_ns": 7.038005e6,
      "p99_time_ns": 6.448647e6,
      "samples": 793,
      "p95_time_ns": 6.343724e6
    },
    "tree_2d_dgsem/elixir_euler_vortex_mortar.jl/p3_rhs!": {
      "cv": 0.02219967659290886,
      "p25_time_ns": 352338.0,
      "std_time_ns": 7925.3296911507505,
      "median_time_ns": 353300.0,
      "allocs": 0,
      "gc_time_ns": 0.0,
      "memory_bytes": 0,
      "iqr_time_ns": 9106.0,
      "p75_time_ns": 361444.0,
      "min_time_ns": 350325.0,
      "mean_time_ns": 357002.0337,
      "max_time_ns": 580124.0,
      "p99_time_ns": 381262.0,
      "samples": 10000,
      "p95_time_ns": 365133.0
    },
    "tree_2d_dgsem/elixir_advection_amr_nonperiodic.jl/p7_analysis": {
      "cv": 0.007759189422244238,
      "p25_time_ns": 3.943475e6,
      "std_time_ns": 30772.720576980268,
      "median_time_ns": 3.951778e6,
      "allocs": 0,
      "gc_time_ns": 0.0,