{
  "metadata": {
    "run_number": 54,
    "julia_version": "1.11.8",
    "commit_hash": "78157f00465a63c65d5aa6ad62b860dbc2d25bb3",
    "git_dirty": true,
    "hostname": "runnervmkj6or",
    "git_branch": "main",
    "timestamp": "2026-02-04T03:05:22.192",
    "group": "trixi",
    "system": {
      "julia_threads": 1,
      "arch": "x86_64",
      "word_size": 64,
      "os": "Linux",
      "cpu_threads": 4
    }
  },
  "benchmarks": {
    "tree_2d_dgsem/elixir_euler_ec.jl/p7_analysis": {
      "cv": 0.002434671953721706,
      "p25_time_ns": 1.0896262e7,
      "std_time_ns": 26556.95139509775,
      "median_time_ns": 1.0901321e7,
      "allocs": 0,
      "gc_time_ns": 0.0,
      "memory_bytes": 0,
      "iqr_time_ns": 11491.0,
      "p75_time_ns": 1.0907753e7,
      "min_time_ns": 1.0884069e7,
      "mean_time_ns": 1.0907815056768559e7,
      "max_time_ns": 1.1144865e7,
      "p99_time_ns": 1.1020254e7,
      "samples": 458,
      "p95_time_ns": 1.0949421e7
    },
    "tree_1d_dgsem/elixir_mhd_ec.jl/p3_analysis": {
      "cv": 0.16645356327200442,
      "p25_time_ns": 3216.0,
      "std_time_ns": 542.840308049351,
      "median_time_ns": 3226.0,
      "allocs": 0,
      "gc_time_ns": 0.0,
      "memory_bytes": 0,
      "iqr_time_ns": 20.0,
      "p75_time_ns": 3236.0,
      "min_time_ns": 3175.0,
      "mean_time_ns": 3261.2117,
      "max_time_ns": 25338.0,
      "p99_time_ns": 3316.0,
      "samples": 10000,
      "p95_time_ns": 3276.0
    },
    "tree_2d_dgsem/elixir_euler_ec.jl/p3_rhs!": {
      "cv": 0.007075362404240514,
      "p25_time_ns": 1.384962e6,
      "std_time_ns": 9836.141265581753,
      "median_time_ns": 1.387136e6,
      "allocs": 0,
      "gc_time_ns": 0.0,
      "memory_bytes": 0,
      "iqr_time_ns": 8886.0,
      "p75_time_ns": 1.393848e6,
      "min_time_ns": 1.381946e6,
      "mean_time_ns": 1.3901961063770538e6,
      "max_time_ns": 1.602427e6,
      "p99_time_ns": 1.420908e6,
      "samples": 3591,
      "p95_time_ns": 1.399248e6
    },
    "tree_1d_dgsem/elixir_mhd_ec.jl/p3_rhs!": {
      "cv": 0.15347106516334794,
      "p25_time_ns": 5350.0,
      "std_time_ns": 833.4371119142653,
      "median_time_ns": 5360.0,
      "allocs": 0,
      "gc_time_ns": 0.0,
      "memory_bytes": 0,
      "iqr_time_ns": 20.0,
      "p75_time_ns": 5370.0,
      "min_time_ns": 5310.0,
      "mean_time_ns": 5430.5814,
      "max_time_ns": 47108.0,
      "p99_time_ns": 6151.0,
      "samples": 10000,
      "p95_time_ns": 5430.0
    },
    "tree_2d_dgsem/elixir_advection_amr_nonperiodic.jl/p3_analysis": {
      "cv": 0.007682155510981977,
      "p25_time_ns": 834786.0,
      "std_time_ns": 6416.640768741892,
      "median_time_ns": 835498.0,
      "allocs": 0,
      "gc_time_ns": 0.0,
      "memory_bytes": 0,
      "iqr_time_ns": 1443.0,
      "p75_time_ns": 836229.0,
      "min_time_ns": 826180.0,
      "mean_time_ns": 835265.6698460509,
      "max_time_ns": 1.029228e6,
      "p99_time_ns": 856817.0,
      "samples": 5976,
      "p95_time_ns": 838412.0
    },
    "tree_2d_dgsem/elixir_advection_amr_nonperiodic.jl/p7_rhs!": {
      "cv": 0.018307067986975473,
      "p25_time_ns": 318294.0,
      "std_time_ns": 5905.459784482015,
      "median_time_ns": 320001.5,
      "allocs": 0,
      "gc_time_ns": 0.0,
      "memory_bytes": 0,
      "iqr_time_ns": 9427.0,
      "p75_time_ns": 327721.0,
      "min_time_ns": 316089.0,
      "mean_time_ns": 322578.1315,
      "max_time_ns": 466740.0,
      "p99_time_ns": 337319.0,
      "samples": 10000,
      "p95_time_ns": 330757.0
    },
    "tree_2d_dgsem/elixir_euler_ec.jl/p7_rhs!": {
      "cv": 0.002621105143922983,
      "p25_time_ns": 9.446074e6,
      "std_time_ns": 24787.471407742698,
      "median_time_ns": 9.451434e6,
      "allocs": 0,
      "gc_time_ns": 0.0,
      "memory_bytes": 0,
      "iqr_time_ns": 12444.0,
      "p75_time_ns": 9.458518e6,
      "min_time_ns": 9.433771e6,
      "mean_time_ns": 9.456877937618148e6,
      "max_time_ns": 9.703013e6,
      "p99_time_ns": 9.579833e6,
      "samples": 529,
      "p95_time_ns": 9.485408e6
    },
    "tree_2d_dgsem/elixir_euler_vortex_mortar.jl/p7_rhs!": {
      "cv": 0.00818382449148235,
      "p25_time_ns": 1.129957e6,
      "std_time_ns": 9279.285555839911,
      "median_time_ns": 1.13179e6,
      "allocs": 0,
      "gc_time_ns": 0.0,
      "memory_bytes": 0,
      "iqr_time_ns": 4798.0,
      "p75_time_ns": 1.134755e6,
      "min_time_ns": 1.120178e6,
      "mean_time_ns": 1.1338568618495797e6,
      "max_time_ns": 1.325722e6,
      "p99_time_ns": 1.168237e6,
      "samples": 4401,
      "p95_time_ns": 1.143512e6
    },
    "tree_1d_dgsem/elixir_mhd_ec.jl/p7_rhs!": {
      "cv": 0.06847345341913502,
      "p25_time_ns": 14237.0,
      "std_time_ns": 985.3715931870454,
      "median_time_ns": 14257.0,
      "allocs": 0,
      "gc_time_ns": 0.0,
      "memory_bytes": 0,
      "iqr_time_ns": 50.0,
      "p75_time_ns": 14287.0,
      "min_time_ns": 14126.0,
      "mean_time_ns": 14390.5637,
      "max_time_ns": 34084.0,
      "p99_time_ns": 21761.0,
      "samples": 10000,
      "p95_time_ns": 14347.0
    },
    "structured_1d_dgsem/elixir_euler_sedov.jl/p3_rhs!": {
      "cv": 0.07535714819013604,
      "p25_time_ns": 11802.0,
      "std_time_ns": 900.2126415290927,
      "median_time_ns": 11832.0,
      "allocs": 0,
      "gc_time_ns": 0.0,
      "memory_bytes": 0,
      "iqr_time_ns": 70.0,
      "p75_time_ns": 11872.0,
      "min_time_ns": 11741.0,
      "mean_time_ns": 11945.9489,
      "max_time_ns": 28232.0,
      "p99_time_ns": 19276.0,
      "samples": 10000,
      "p95_time_ns": 11943.0
    },
    "tree_2d_dgsem/elixir_euler_ec.jl/p3_analysis": {
      "cv": 0.005764974081443789,
      "p25_time_ns": 2.295911e6,
      "std_time_ns": 13268.221844922442,
      "median_time_ns": 2.298967e6,
      "allocs": 0,
      "gc_time_ns": 0.0,
      "memory_bytes": 0,
      "iqr_time_ns": 7643.0,
      "p75_time_ns": 2.303554e6,
      "min_time_ns": 2.289819e6,
      "mean_time_ns": 2.301523243205896e6,
      "max_time_ns": 2.565102e6,
      "p99_time_ns": 2.345984e6,
      "samples": 2171,
      "p95_time_ns": 2.314806e6
    },
    "structured_1d_dgsem/elixir_euler_sedov.jl/p7_analysis": {
      "cv": 0.14008438481672417,
      "p25_time_ns": 7865.0,
      "std_time_ns": 1139.7631589186205,
      "median_time_ns": 7975.0,
      "allocs": 128,
      "gc_time_ns": 0.0,
      "memory_bytes": 8192,
      "iqr_time_ns": 280.0,
      "p75_time_ns": 8145.0,
      "min_time_ns": 7734.0,
      "mean_time_ns": 8136.2613,
      "max_time_ns": 47298.0,
      "p99_time_ns": 11802.0,
      "samples": 10000,
      "p95_time_ns": 8446.0
    },
    "tree_2d_dgsem/elixir_euler_vortex_mortar.jl/p7_analysis": {
      "cv": 0.002386737032139625,
      "p25_time_ns": 6.277342e6,
      "std_time_ns": 14997.66105053008,
      "median_time_ns": 6.280989e6,
      "allocs": 0,
      "gc_time_ns": 0.0,
      "memory_bytes": 0,
      "iqr_time_ns": 9398.0,
      "p75_time_ns": 6.28674e6,
      "min_time_ns": 6.261775e6,
      "mean_time_ns": 6.283750932160804e6,
      "max_time_ns": 6.478477e6,
      "p99_time_ns": 6.332958e6,
      "samples": 796,
      "p95_time_ns": 6.305236e6
    },
    "tree_2d_dgsem/elixir_euler_vortex_mortar.jl/p3_rhs!": {
      "cv": 0.019551113316800935,
      "p25_time_ns": 355232.0,
      "std_time_ns": 7026.464944944441,
      "median_time_ns": 356264.0,
      "allocs": 0,
      "gc_time_ns": 0.0,
      "memory_bytes": 0,
      "iqr_time_ns": 9067.0,
      "p75_time_ns": 364299.0,
      "min_time_ns": 352537.0,
      "mean_time_ns": 359389.5054,
      "max_time_ns": 554304.0,
      "p99_time_ns": 374037.0,
      "samples": 10000,
      "p95_time_ns": 366263.0
    },
    "tree_2d_dgsem/elixir_advection_amr_nonperiodic.jl/p7_analysis": {
      "cv": 0.017707677961081424,
      "p25_time_ns": 3.93735e6,
      "std_time_ns": 69896.91037113531,
      "median_time_ns": 3.939469e6,
      "allocs": 0,
      "gc_time_ns": 0.0,
      "memory_bytes": 0,