{
  "metadata": {
    "run_number": 1,
    "julia_version": "1.11.9",
    "commit_hash": "4066716ac1ac5abd8b225a91217e49864d053b52",
    "git_dirty": false,
    "hostname": "runnervm46oaq",
    "git_branch": "main",
    "timestamp": "2026-03-22T15:40:43.555",
    "group": "enzyme",
    "system": {
      "julia_threads": 1,
      "arch": "x86_64",
      "word_size": 64,
      "os": "Linux",
      "cpu_threads": 4
    }
  },
  "benchmarks": {
    "basics/make_zero/array": {
      "cv": 0.9959779776810866,
      "p25_time_ns": 47.0,
      "std_time_ns": 66.193991168056,
      "median_time_ns": 48.0,
      "allocs": 2,
      "gc_time_ns": 0.0,
      "memory_bytes": 928,
      "iqr_time_ns": 6.0,
      "p75_time_ns": 53.0,
      "min_time_ns": 41.0,
      "mean_time_ns": 66.4613,
      "max_time_ns": 1091.0,
      "p99_time_ns": 378.0,
      "samples": 10000,
      "p95_time_ns": 222.0
    },
    "basics/make_zero/namedtuple": {
      "cv": 0.14744932216396017,
      "p25_time_ns": 25.0,
      "std_time_ns": 3.668023062811755,
      "median_time_ns": 26.0,
      "allocs": 0,
      "gc_time_ns": 0.0,
      "memory_bytes": 0,
      "iqr_time_ns": 2.0,
      "p75_time_ns": 27.0,
      "min_time_ns": 17.0,
      "mean_time_ns": 24.8765,
      "max_time_ns": 214.0,
      "p99_time_ns": 28.0,
      "samples": 10000,
      "p95_time_ns": 27.0
    },
    "autodiff/reverse/complex": {
      "cv": 0.06563079328034005,
      "p25_time_ns": 30587.0,
      "std_time_ns": 2074.0813604361624,
      "median_time_ns": 30869.0,
      "allocs": 3,
      "gc_time_ns": 0.0,
      "memory_bytes": 8072,
      "iqr_time_ns": 1955.0,
      "p75_time_ns": 32542.0,
      "min_time_ns": 29994.0,
      "mean_time_ns": 31602.2595,
      "max_time_ns": 83332.0,
      "p99_time_ns": 38741.0,
      "samples": 10000,
      "p95_time_ns": 34706.0
    },
    "autodiff/forward/complex": {
      "cv": 0.10593476767309469,
      "p25_time_ns": 18508.0,
      "std_time_ns": 2010.6251103681377,
      "median_time_ns": 18721.0,
      "allocs": 3,
      "gc_time_ns": 0.0,
      "memory_bytes": 8072,
      "iqr_time_ns": 476.0,
      "p75_time_ns": 18984.0,
      "min_time_ns": 17872.0,
      "mean_time_ns": 18979.8416,
      "max_time_ns": 183528.0,
      "p99_time_ns": 24166.0,
      "samples": 10000,
      "p95_time_ns": 20631.0
    },
    "basics/make_zero/struct": {
      "cv": 0.6273428308304472,
      "p25_time_ns": 173.0,
      "std_time_ns": 134.111091940742,
      "median_time_ns": 177.0,
      "allocs": 7,
      "gc_time_ns": 0.0,
      "memory_bytes": 496,
      "iqr_time_ns": 21.0,
      "p75_time_ns": 194.0,
      "min_time_ns": 164.0,
      "mean_time_ns": 213.7764,
      "max_time_ns": 8003.0,
      "p99_time_ns": 543.0,
      "samples": 10000,
      "p95_time_ns": 385.0
    },
    "autodiff/forward/simple": {
      "cv": 0.8925836836323728,
      "p25_time_ns": 180.0,
      "std_time_ns": 1001.0143924865599,
      "median_time_ns": 1395.0,
      "allocs": 4,
      "gc_time_ns": 0.0,
      "memory_bytes": 2720,
      "iqr_time_ns": 1315.0,
      "p75_time_ns": 1495.0,
      "min_time_ns": 163.0,
      "mean_time_ns": 1121.4796,
      "max_time_ns": 44738.0,
      "p99_time_ns": 3643.0,
      "samples": 10000,
      "p95_time_ns": 1833.0
    },
    "autodiff/reverse/simple": {
      "cv": 0.6540012096886472,
      "p25_time_ns": 519.0,
      "std_time_ns": 951.697066728758,
      "median_time_ns": 1713.0,
      "allocs": 4,
      "gc_time_ns": 0.0,
      "memory_bytes": 2720,
      "iqr_time_ns": 1314.0,
      "p75_time_ns": 1833.0,
      "min_time_ns": 486.0,
      "mean_time_ns": 1455.1916,
      "max_time_ns": 41803.0,
      "p99_time_ns": 3962.0,
      "samples": 10000,
      "p95_time_ns": 2207.0
    }
  }
}