{
  "metadata": {
    "run_number": 1,
    "julia_version": "1.11.9",
    "commit_hash": "4066716ac1ac5abd8b225a91217e49864d053b52",
    "git_dirty": true,
    "hostname": "runnervm46oaq",
    "git_branch": "main",
    "timestamp": "2026-03-22T15:35:14.120",
    "group": "trixi",
    "system": {
      "julia_threads": 1,
      "arch": "x86_64",
      "word_size": 64,
      "os": "Linux",
      "cpu_threads": 4
    }
  },
  "benchmarks": {
    "tree_2d_dgsem/elixir_euler_ec.jl/p7_analysis": {
      "cv": 0.018764467482270925,
      "p25_time_ns": 1.0972723e7,
      "std_time_ns": 206596.53189902857,
      "median_time_ns": 1.0984084e7,
      "allocs": 0,
      "gc_time_ns": 0.0,
      "memory_bytes": 0,
      "iqr_time_ns": 28693.0,
      "p75_time_ns": 1.1001416e7,
      "min_time_ns": 1.0942487e7,
      "mean_time_ns": 1.1009986406181015e7,
      "max_time_ns": 1.4915524e7,
      "p99_time_ns": 1.1301163e7,
      "samples": 453,
      "p95_time_ns": 1.1093928e7
    },
    "tree_1d_dgsem/elixir_mhd_ec.jl/p3_analysis": {
      "cv": 0.19160056287312263,
      "p25_time_ns": 3256.0,
      "std_time_ns": 634.2784694668367,
      "median_time_ns": 3266.0,
      "allocs": 0,
      "gc_time_ns": 0.0,
      "memory_bytes": 0,
      "iqr_time_ns": 20.0,
      "p75_time_ns": 3276.0,
      "min_time_ns": 3216.0,
      "mean_time_ns": 3310.4207,
      "max_time_ns": 28994.0,
      "p99_time_ns": 3537.0,
      "samples": 10000,
      "p95_time_ns": 3317.0
    },
    "tree_2d_dgsem/elixir_euler_ec.jl/p3_rhs!": {
      "cv": 0.012681499509971165,
      "p25_time_ns": 1.393531e6,
      "std_time_ns": 17786.045419092676,
      "median_time_ns": 1.399416e6,
      "allocs": 0,
      "gc_time_ns": 0.0,
      "memory_bytes": 0,
      "iqr_time_ns": 11662.0,
      "p75_time_ns": 1.405193e6,
      "min_time_ns": 1.385957e6,
      "mean_time_ns": 1.4025191110174255e6,
      "max_time_ns": 1.728725e6,
      "p99_time_ns": 1.472777e6,
      "samples": 3558,
      "p95_time_ns": 1.422925e6
    },
    "tree_1d_dgsem/elixir_mhd_ec.jl/p3_rhs!": {
      "cv": 0.13864298712419432,
      "p25_time_ns": 5580.0,
      "std_time_ns": 784.0528502838339,
      "median_time_ns": 5590.0,
      "allocs": 0,
      "gc_time_ns": 0.0,
      "memory_bytes": 0,
      "iqr_time_ns": 21.0,
      "p75_time_ns": 5601.0,
      "min_time_ns": 5530.0,
      "mean_time_ns": 5655.193,
      "max_time_ns": 33893.0,
      "p99_time_ns": 5961.0,
      "samples": 10000,
      "p95_time_ns": 5651.0
    },
    "tree_2d_dgsem/elixir_advection_amr_nonperiodic.jl/p3_analysis": {
      "cv": 0.011592203020352273,
      "p25_time_ns": 836476.0,
      "std_time_ns": 9720.792114756357,
      "median_time_ns": 837309.0,
      "allocs": 0,
      "gc_time_ns": 0.0,
      "memory_bytes": 0,
      "iqr_time_ns": 2144.0,
      "p75_time_ns": 838620.0,
      "min_time_ns": 827681.0,
      "mean_time_ns": 838562.9631994623,
      "max_time_ns": 1.044171e6,
      "p99_time_ns": 877483.0,
      "samples": 5951,
      "p95_time_ns": 851535.0
    },
    "tree_2d_dgsem/elixir_advection_amr_nonperiodic.jl/p7_rhs!": {
      "cv": 0.025409771300957108,
      "p25_time_ns": 319434.0,
      "std_time_ns": 8255.118872241601,
      "median_time_ns": 321408.0,
      "allocs": 0,
      "gc_time_ns": 0.0,
      "memory_bytes": 0,
      "iqr_time_ns": 10279.0,
      "p75_time_ns": 329713.0,
      "min_time_ns": 317261.0,
      "mean_time_ns": 324879.6998,
      "max_time_ns": 491945.0,
      "p99_time_ns": 352786.0,
      "samples": 10000,
      "p95_time_ns": 336035.0
    },
    "tree_2d_dgsem/elixir_euler_ec.jl/p7_rhs!": {
      "cv": 0.011890572006635085,
      "p25_time_ns": 9.52295e6,
      "std_time_ns": 113767.13552936634,
      "median_time_ns": 9.54898e6,
      "allocs": 0,
      "gc_time_ns": 0.0,
      "memory_bytes": 0,
      "iqr_time_ns": 56476.0,
      "p75_time_ns": 9.579426e6,
      "min_time_ns": 9.482466e6,
      "mean_time_ns": 9.567843789674953e6,
      "max_time_ns": 1.111358e7,
      "p99_time_ns": 9.887609e6,
      "samples": 523,
      "p95_time_ns": 9.667991e6
    },
    "tree_2d_dgsem/elixir_euler_vortex_mortar.jl/p7_rhs!": {
      "cv": 0.013361937468441217,
      "p25_time_ns": 1.132265e6,
      "std_time_ns": 15240.843472983339,
      "median_time_ns": 1.137745e6,
      "allocs": 0,
      "gc_time_ns": 0.0,
      "memory_bytes": 0,
      "iqr_time_ns": 12975.0,
      "p75_time_ns": 1.14524e6,
      "min_time_ns": 1.115203e6,
      "mean_time_ns": 1.1406162848e6,
      "max_time_ns": 1.432163e6,
      "p99_time_ns": 1.193399e6,
      "samples": 4375,
      "p95_time_ns": 1.163123e6
    },
    "tree_1d_dgsem/elixir_mhd_ec.jl/p7_rhs!": {
      "cv": 0.09034090920173746,
      "p25_time_ns": 14487.0,
      "std_time_ns": 1326.2249912292582,
      "median_time_ns": 14507.0,
      "allocs": 0,
      "gc_time_ns": 0.0,
      "memory_bytes": 0,
      "iqr_time_ns": 50.0,
      "p75_time_ns": 14537.0,
      "min_time_ns": 14377.0,
      "mean_time_ns": 14680.2263,
      "max_time_ns": 52228.0,
      "p99_time_ns": 22121.0,
      "samples": 10000,
      "p95_time_ns": 14597.0
    },
    "structured_1d_dgsem/elixir_euler_sedov.jl/p3_rhs!": {
      "cv": 0.09124800765670257,
      "p25_time_ns": 12434.0,
      "std_time_ns": 1151.301324429132,
      "median_time_ns": 12463.0,
      "allocs": 0,
      "gc_time_ns": 0.0,
      "memory_bytes": 0,
      "iqr_time_ns": 59.0,
      "p75_time_ns": 12493.0,
      "min_time_ns": 12372.0,
      "mean_time_ns": 12617.2763,
      "max_time_ns": 36137.0,
      "p99_time_ns": 20078.0,
      "samples": 10000,
      "p95_time_ns": 12563.0
    },
    "tree_2d_dgsem/elixir_euler_ec.jl/p3_analysis": {
      "cv": 0.010917008623924966,
      "p25_time_ns": 2.299988e6,
      "std_time_ns": 25210.66681590358,
      "median_time_ns": 2.303945e6,
      "allocs": 0,
      "gc_time_ns": 0.0,
      "memory_bytes": 0,
      "iqr_time_ns": 9948.0,
      "p75_time_ns": 2.309936e6,
      "min_time_ns": 2.293835e6,
      "mean_time_ns": 2.3093017221451686e6,
      "max_time_ns": 2.792432e6,
      "p99_time_ns": 2.383503e6,
      "samples": 2163,
      "p95_time_ns": 2.335684e6
    },
    "structured_1d_dgsem/elixir_euler_sedov.jl/p7_analysis": {
      "cv": 0.14026751109258015,
      "p25_time_ns": 8126.0,
      "std_time_ns": 1184.7261056220439,
      "median_time_ns": 8245.0,
      "allocs": 128,
      "gc_time_ns": 0.0,
      "memory_bytes": 8192,
      "iqr_time_ns": 370.0,
      "p75_time_ns": 8496.0,
      "min_time_ns": 7975.0,
      "mean_time_ns": 8446.1904,
      "max_time_ns": 39614.0,
      "p99_time_ns": 11852.0,
      "samples": 10000,
      "p95_time_ns": 8856.0
    },
    "tree_2d_dgsem/elixir_euler_vortex_mortar.jl/p7_analysis": {
      "cv": 0.0066692978161398,
      "p25_time_ns": 6.338766e6,
      "std_time_ns": 42381.86342855037,
      "median_time_ns": 6.345682e6,
      "allocs": 0,
      "gc_time_ns": 0.0,
      "memory_bytes": 0,
      "iqr_time_ns": 18113.0,
      "p75_time_ns": 6.356879e6,
      "min_time_ns": 6.322436e6,
      "mean_time_ns": 6.354771461245235e6,
      "max_time_ns": 6.882541e6,
      "p99_time_ns": 6.536878e6,
      "samples": 787,
      "p95_time_ns": 6.402985e6
    },
    "tree_2d_dgsem/elixir_euler_vortex_mortar.jl/p3_rhs!": {
      "cv": 0.026218485547265948,
      "p25_time_ns": 352235.0,
      "std_time_ns": 9385.483398947757,
      "median_time_ns": 354499.0,
      "allocs": 0,
      "gc_time_ns": 0.0,
      "memory_bytes": 0,
      "iqr_time_ns": 9818.0,
      "p75_time_ns": 362053.0,
      "min_time_ns": 349841.0,
      "mean_time_ns": 357971.9882,
      "max_time_ns": 592061.0,
      "p99_time_ns": 383233.0,
      "samples": 10000,
      "p95_time_ns": 370529.0
    },
    "tree_2d_dgsem/elixir_advection_amr_nonperiodic.jl/p7_analysis": {
      "cv": 0.0075762838783889975,
      "p25_time_ns": 3.94115e6,
      "std_time_ns": 29930.580790281172,
      "median_time_ns": 3.944094e6,
      "allocs": 0,
      "gc_time_ns": 0.0,
      "memory_bytes": 0,