{
  "metadata": {
    "run_number": 7,
    "julia_version": "1.11.9",
    "commit_hash": "90b2c7dc6438cbd66b6eff029a42700de93af5d0",
    "git_dirty": false,
    "hostname": "runnervmjduv7",
    "git_branch": "main",
    "timestamp": "2026-02-17T03:21:08.177",
    "group": "enzyme",
    "system": {
      "julia_threads": 1,
      "arch": "x86_64",
      "word_size": 64,
      "os": "Linux",
      "cpu_threads": 4
    }
  },
  "benchmarks": {
    "basics/make_zero/array": {
      "cv": 0.8044379057931738,
      "p25_time_ns": 51.0,
      "std_time_ns": 60.017342387835946,
      "median_time_ns": 60.0,
      "allocs": 2,
      "gc_time_ns": 0.0,
      "memory_bytes": 928,
      "iqr_time_ns": 9.0,
      "p75_time_ns": 60.0,
      "min_time_ns": 40.0,
      "mean_time_ns": 74.6078,
      "max_time_ns": 1152.0,
      "p99_time_ns": 350.0,
      "samples": 10000,
      "p95_time_ns": 210.0
    },
    "basics/make_zero/namedtuple": {
      "cv": 0.13841767423434292,
      "p25_time_ns": 30.0,
      "std_time_ns": 4.075057854761326,
      "median_time_ns": 30.0,
      "allocs": 0,
      "gc_time_ns": 0.0,
      "memory_bytes": 0,
      "iqr_time_ns": 0.0,
      "p75_time_ns": 30.0,
      "min_time_ns": 20.0,
      "mean_time_ns": 29.4403,
      "max_time_ns": 260.0,
      "p99_time_ns": 31.0,
      "samples": 10000,
      "p95_time_ns": 31.0
    },
    "autodiff/reverse/complex": {
      "cv": 0.1833793818889483,
      "p25_time_ns": 28223.0,
      "std_time_ns": 5589.861439953783,
      "median_time_ns": 31208.0,
      "allocs": 3,
      "gc_time_ns": 0.0,
      "memory_bytes": 8072,
      "iqr_time_ns": 3206.0,
      "p75_time_ns": 31429.0,
      "min_time_ns": 27892.0,
      "mean_time_ns": 30482.4969,
      "max_time_ns": 455850.0,
      "p99_time_ns": 40405.0,
      "samples": 10000,
      "p95_time_ns": 34464.0
    },
    "autodiff/forward/complex": {
      "cv": 0.13962771058998588,
      "p25_time_ns": 19125.0,
      "std_time_ns": 2791.7029993876477,
      "median_time_ns": 19256.0,
      "allocs": 3,
      "gc_time_ns": 0.0,
      "memory_bytes": 8072,
      "iqr_time_ns": 402.0,
      "p75_time_ns": 19527.0,
      "min_time_ns": 18835.0,
      "mean_time_ns": 19993.9037,
      "max_time_ns": 219169.0,
      "p99_time_ns": 28072.0,
      "samples": 10000,
      "p95_time_ns": 22562.0
    },
    "basics/make_zero/struct": {
      "cv": 0.9012323393269923,
      "p25_time_ns": 190.0,
      "std_time_ns": 200.2650912026993,
      "median_time_ns": 191.0,
      "allocs": 7,
      "gc_time_ns": 0.0,
      "memory_bytes": 496,
      "iqr_time_ns": 11.0,
      "p75_time_ns": 201.0,
      "min_time_ns": 180.0,
      "mean_time_ns": 222.2125,
      "max_time_ns": 13314.0,
      "p99_time_ns": 491.0,
      "samples": 10000,
      "p95_time_ns": 381.0
    },
    "autodiff/forward/simple": {
      "cv": 1.1286897745046576,
      "p25_time_ns": 201.0,
      "std_time_ns": 1783.8130358098244,
      "median_time_ns": 2004.0,
      "allocs": 4,
      "gc_time_ns": 0.0,
      "memory_bytes": 2720,
      "iqr_time_ns": 1923.0,
      "p75_time_ns": 2124.0,
      "min_time_ns": 190.0,
      "mean_time_ns": 1580.4281,
      "max_time_ns": 88365.0,
      "p99_time_ns": 5160.0,
      "samples": 10000,
      "p95_time_ns": 2374.0
    },
    "autodiff/reverse/simple": {
      "cv": 0.47299782750428815,
      "p25_time_ns": 1764.0,
      "std_time_ns": 1520.982030875863,
      "median_time_ns": 3667.0,
      "allocs": 4,
      "gc_time_ns": 0.0,
      "memory_bytes": 2720,
      "iqr_time_ns": 2043.0,
      "p75_time_ns": 3807.0,
      "min_time_ns": 1603.0,
      "mean_time_ns": 3215.6216,
      "max_time_ns": 59471.0,
      "p99_time_ns": 6903.0,
      "samples": 10000,
      "p95_time_ns": 4128.0
    }
  }
}