{
  "metadata": {
    "run_number": 7,
    "julia_version": "1.11.9",
    "commit_hash": "90b2c7dc6438cbd66b6eff029a42700de93af5d0",
    "git_dirty": true,
    "hostname": "runnervmjduv7",
    "git_branch": "main",
    "timestamp": "2026-02-17T03:16:51.186",
    "group": "trixi",
    "system": {
      "julia_threads": 1,
      "arch": "x86_64",
      "word_size": 64,
      "os": "Linux",
      "cpu_threads": 4
    }
  },
  "benchmarks": {
    "tree_2d_dgsem/elixir_euler_ec.jl/p7_analysis": {
      "cv": 0.0035104276192854593,
      "p25_time_ns": 1.0864818e7,
      "std_time_ns": 38211.35178585701,
      "median_time_ns": 1.0873554e7,
      "allocs": 0,
      "gc_time_ns": 0.0,
      "memory_bytes": 0,
      "iqr_time_ns": 22112.0,
      "p75_time_ns": 1.088693e7,
      "min_time_ns": 1.0844269e7,
      "mean_time_ns": 1.0885098891067538e7,
      "max_time_ns": 1.1131476e7,
      "p99_time_ns": 1.1080811e7,
      "samples": 459,
      "p95_time_ns": 1.0953514e7
    },
    "tree_1d_dgsem/elixir_mhd_ec.jl/p3_analysis": {
      "cv": 0.1850293012909119,
      "p25_time_ns": 3146.0,
      "std_time_ns": 591.7279241964058,
      "median_time_ns": 3156.0,
      "allocs": 0,
      "gc_time_ns": 0.0,
      "memory_bytes": 0,
      "iqr_time_ns": 20.0,
      "p75_time_ns": 3166.0,
      "min_time_ns": 3125.0,
      "mean_time_ns": 3198.0228,
      "max_time_ns": 24656.0,
      "p99_time_ns": 3266.0,
      "samples": 10000,
      "p95_time_ns": 3216.0
    },
    "tree_2d_dgsem/elixir_euler_ec.jl/p3_rhs!": {
      "cv": 0.01178052526728848,
      "p25_time_ns": 1.428786e6,
      "std_time_ns": 16925.799473739575,
      "median_time_ns": 1.433745e6,
      "allocs": 0,
      "gc_time_ns": 0.0,
      "memory_bytes": 0,
      "iqr_time_ns": 9567.0,
      "p75_time_ns": 1.438353e6,
      "min_time_ns": 1.423375e6,
      "mean_time_ns": 1.4367610178417265e6,
      "max_time_ns": 1.769831e6,
      "p99_time_ns": 1.51165e6,
      "samples": 3475,
      "p95_time_ns": 1.454413e6
    },
    "tree_1d_dgsem/elixir_mhd_ec.jl/p3_rhs!": {
      "cv": 0.1278929395732562,
      "p25_time_ns": 5330.0,
      "std_time_ns": 691.0366432879134,
      "median_time_ns": 5340.0,
      "allocs": 0,
      "gc_time_ns": 0.0,
      "memory_bytes": 0,
      "iqr_time_ns": 30.0,
      "p75_time_ns": 5360.0,
      "min_time_ns": 5289.0,
      "mean_time_ns": 5403.2431,
      "max_time_ns": 22451.0,
      "p99_time_ns": 6121.0,
      "samples": 10000,
      "p95_time_ns": 5410.0
    },
    "tree_2d_dgsem/elixir_advection_amr_nonperiodic.jl/p3_analysis": {
      "cv": 0.010867613697401284,
      "p25_time_ns": 842813.0,
      "std_time_ns": 9190.31307124107,
      "median_time_ns": 843844.0,
      "allocs": 0,
      "gc_time_ns": 0.0,
      "memory_bytes": 0,
      "iqr_time_ns": 3255.0,
      "p75_time_ns": 846068.0,
      "min_time_ns": 833385.0,
      "mean_time_ns": 845660.6323280244,
      "max_time_ns": 1.09341e6,
      "p99_time_ns": 879431.0,
      "samples": 5902,
      "p95_time_ns": 858251.0
    },
    "tree_2d_dgsem/elixir_advection_amr_nonperiodic.jl/p7_rhs!": {
      "cv": 0.045276540588411386,
      "p25_time_ns": 316412.0,
      "std_time_ns": 14568.158791020804,
      "median_time_ns": 318175.0,
      "allocs": 0,
      "gc_time_ns": 0.0,
      "memory_bytes": 0,
      "iqr_time_ns": 9517.0,
      "p75_time_ns": 325929.0,
      "min_time_ns": 314277.0,
      "mean_time_ns": 321759.5382,
      "max_time_ns": 559647.0,
      "p99_time_ns": 346796.0,
      "samples": 10000,
      "p95_time_ns": 329407.0
    },
    "tree_2d_dgsem/elixir_euler_ec.jl/p7_rhs!": {
      "cv": 0.003627397370783544,
      "p25_time_ns": 9.432477e6,
      "std_time_ns": 34273.60361321938,
      "median_time_ns": 9.43919e6,
      "allocs": 0,
      "gc_time_ns": 0.0,
      "memory_bytes": 0,
      "iqr_time_ns": 15619.0,
      "p75_time_ns": 9.448096e6,
      "min_time_ns": 9.421556e6,
      "mean_time_ns": 9.448538472589793e6,
      "max_time_ns": 9.711196e6,
      "p99_time_ns": 9.629304e6,
      "samples": 529,
      "p95_time_ns": 9.50925e6
    },
    "tree_2d_dgsem/elixir_euler_vortex_mortar.jl/p7_rhs!": {
      "cv": 0.013972090504771523,
      "p25_time_ns": 1.113577e6,
      "std_time_ns": 15627.890151628117,
      "median_time_ns": 1.115211e6,
      "allocs": 0,
      "gc_time_ns": 0.0,
      "memory_bytes": 0,
      "iqr_time_ns": 4559.0,
      "p75_time_ns": 1.118136e6,
      "min_time_ns": 1.108859e6,
      "mean_time_ns": 1.1185076525442726e6,
      "max_time_ns": 1.478308e6,
      "p99_time_ns": 1.172898e6,
      "samples": 4461,
      "p95_time_ns": 1.13127e6
    },
    "tree_1d_dgsem/elixir_mhd_ec.jl/p7_rhs!": {
      "cv": 0.08183555098553542,
      "p25_time_ns": 14246.0,
      "std_time_ns": 1180.5137569567862,
      "median_time_ns": 14266.0,
      "allocs": 0,
      "gc_time_ns": 0.0,
      "memory_bytes": 0,
      "iqr_time_ns": 50.0,
      "p75_time_ns": 14296.0,
      "min_time_ns": 14106.0,
      "mean_time_ns": 14425.4391,
      "max_time_ns": 40405.0,
      "p99_time_ns": 21981.0,
      "samples": 10000,
      "p95_time_ns": 14357.0
    },
    "structured_1d_dgsem/elixir_euler_sedov.jl/p3_rhs!": {
      "cv": 0.09370710595596693,
      "p25_time_ns": 12092.0,
      "std_time_ns": 1149.9834903913045,
      "median_time_ns": 12123.0,
      "allocs": 0,
      "gc_time_ns": 0.0,
      "memory_bytes": 0,
      "iqr_time_ns": 80.0,
      "p75_time_ns": 12172.0,
      "min_time_ns": 11933.0,
      "mean_time_ns": 12272.1055,
      "max_time_ns": 45024.0,
      "p99_time_ns": 19837.0,
      "samples": 10000,
      "p95_time_ns": 12253.0
    },
    "tree_2d_dgsem/elixir_euler_ec.jl/p3_analysis": {
      "cv": 0.008759796129840043,
      "p25_time_ns": 2.288604e6,
      "std_time_ns": 20115.988034896887,
      "median_time_ns": 2.292236e6,
      "allocs": 0,
      "gc_time_ns": 0.0,
      "memory_bytes": 0,
      "iqr_time_ns": 9243.0,
      "p75_time_ns": 2.297847e6,
      "min_time_ns": 2.283173e6,
      "mean_time_ns": 2.296399109834559e6,
      "max_time_ns": 2.661698e6,
      "p99_time_ns": 2.35847e6,
      "samples": 2176,
      "p95_time_ns": 2.31553e6
    },
    "structured_1d_dgsem/elixir_euler_sedov.jl/p7_analysis": {
      "cv": 0.22379591222349765,
      "p25_time_ns": 8055.0,
      "std_time_ns": 1858.4511839719414,
      "median_time_ns": 8145.0,
      "allocs": 128,
      "gc_time_ns": 0.0,
      "memory_bytes": 8192,
      "iqr_time_ns": 230.0,
      "p75_time_ns": 8285.0,
      "min_time_ns": 7924.0,
      "mean_time_ns": 8304.2231,
      "max_time_ns": 122919.0,
      "p99_time_ns": 10800.0,
      "samples": 10000,
      "p95_time_ns": 8556.0
    },
    "tree_2d_dgsem/elixir_euler_vortex_mortar.jl/p7_analysis": {
      "cv": 0.00577385004788316,
      "p25_time_ns": 6.27284e6,
      "std_time_ns": 36297.769028412375,
      "median_time_ns": 6.278961e6,
      "allocs": 0,
      "gc_time_ns": 0.0,
      "memory_bytes": 0,
      "iqr_time_ns": 15669.0,
      "p75_time_ns": 6.288509e6,
      "min_time_ns": 6.259144e6,
      "mean_time_ns": 6.286579791194969e6,
      "max_time_ns": 7.015115e6,
      "p99_time_ns": 6.376475e6,
      "samples": 795,
      "p95_time_ns": 6.334314e6
    },
    "tree_2d_dgsem/elixir_euler_vortex_mortar.jl/p3_rhs!": {
      "cv": 0.024489233952585204,
      "p25_time_ns": 354872.0,
      "std_time_ns": 8805.78625934438,
      "median_time_ns": 355854.0,
      "allocs": 0,
      "gc_time_ns": 0.0,
      "memory_bytes": 0,
      "iqr_time_ns": 9187.0,
      "p75_time_ns": 364059.0,
      "min_time_ns": 352367.0,
      "mean_time_ns": 359577.8568,
      "max_time_ns": 599579.0,
      "p99_time_ns": 387071.0,
      "samples": 10000,
      "p95_time_ns": 366724.0
    },
    "tree_2d_dgsem/elixir_advection_amr_nonperiodic.jl/p7_analysis": {
      "cv": 0.009007765687167981,
      "p25_time_ns": 3.958675e6,
      "std_time_ns": 35857.56119747938,
      "median_time_ns": 3.9637295e6,
      "allocs": 0,
      "gc_time_ns": 0.0,
      "memory_bytes": 0,