{
  "metadata": {
    "run_number": 25,
    "julia_version": "1.11.9",
    "commit_hash": "42331d8622cf105ba713390909c10d47bc7ec9b3",
    "git_dirty": false,
    "hostname": "runnervm0kj6c",
    "git_branch": "main",
    "timestamp": "2026-03-07T02:36:13.238",
    "group": "enzyme",
    "system": {
      "julia_threads": 1,
      "arch": "x86_64",
      "word_size": 64,
      "os": "Linux",
      "cpu_threads": 4
    }
  },
  "benchmarks": {
    "basics/make_zero/array": {
      "cv": 1.8998794422306187,
      "p25_time_ns": 60.0,
      "std_time_ns": 146.0883798911601,
      "median_time_ns": 60.0,
      "allocs": 2,
      "gc_time_ns": 0.0,
      "memory_bytes": 928,
      "iqr_time_ns": 1.0,
      "p75_time_ns": 61.0,
      "min_time_ns": 49.0,
      "mean_time_ns": 76.8935,
      "max_time_ns": 13145.0,
      "p99_time_ns": 331.0,
      "samples": 10000,
      "p95_time_ns": 210.0
    },
    "basics/make_zero/namedtuple": {
      "cv": 0.12848858914298003,
      "p25_time_ns": 30.0,
      "std_time_ns": 3.7716411968441212,
      "median_time_ns": 30.0,
      "allocs": 0,
      "gc_time_ns": 0.0,
      "memory_bytes": 0,
      "iqr_time_ns": 0.0,
      "p75_time_ns": 30.0,
      "min_time_ns": 20.0,
      "mean_time_ns": 29.3539,
      "max_time_ns": 270.0,
      "p99_time_ns": 31.0,
      "samples": 10000,
      "p95_time_ns": 31.0
    },
    "autodiff/reverse/complex": {
      "cv": 0.1495469585963156,
      "p25_time_ns": 28394.0,
      "std_time_ns": 4566.852040938279,
      "median_time_ns": 31419.0,
      "allocs": 3,
      "gc_time_ns": 0.0,
      "memory_bytes": 8072,
      "iqr_time_ns": 3265.0,
      "p75_time_ns": 31659.0,
      "min_time_ns": 28052.0,
      "mean_time_ns": 30537.9132,
      "max_time_ns": 409137.0,
      "p99_time_ns": 40135.0,
      "samples": 10000,
      "p95_time_ns": 34675.0
    },
    "autodiff/forward/complex": {
      "cv": 0.12948673483582696,
      "p25_time_ns": 19306.0,
      "std_time_ns": 2616.4718816971763,
      "median_time_ns": 19447.0,
      "allocs": 3,
      "gc_time_ns": 0.0,
      "memory_bytes": 8072,
      "iqr_time_ns": 371.0,
      "p75_time_ns": 19677.0,
      "min_time_ns": 18955.0,
      "mean_time_ns": 20206.4859,
      "max_time_ns": 192220.0,
      "p99_time_ns": 28162.0,
      "samples": 10000,
      "p95_time_ns": 23013.0
    },
    "basics/make_zero/struct": {
      "cv": 0.6915786978725142,
      "p25_time_ns": 190.0,
      "std_time_ns": 145.82268802416942,
      "median_time_ns": 190.0,
      "allocs": 7,
      "gc_time_ns": 0.0,
      "memory_bytes": 496,
      "iqr_time_ns": 10.0,
      "p75_time_ns": 200.0,
      "min_time_ns": 180.0,
      "mean_time_ns": 210.8548,
      "max_time_ns": 12964.0,
      "p99_time_ns": 431.0,
      "samples": 10000,
      "p95_time_ns": 320.0
    },
    "autodiff/forward/simple": {
      "cv": 0.7359083401767781,
      "p25_time_ns": 201.0,
      "std_time_ns": 1135.3261241677571,
      "median_time_ns": 2034.0,
      "allocs": 4,
      "gc_time_ns": 0.0,
      "memory_bytes": 2720,
      "iqr_time_ns": 1903.0,
      "p75_time_ns": 2104.0,
      "min_time_ns": 190.0,
      "mean_time_ns": 1542.7548,
      "max_time_ns": 15299.0,
      "p99_time_ns": 5160.0,
      "samples": 10000,
      "p95_time_ns": 2314.0
    },
    "autodiff/reverse/simple": {
      "cv": 0.42180705155334025,
      "p25_time_ns": 1783.0,
      "std_time_ns": 1343.4157671538376,
      "median_time_ns": 3667.0,
      "allocs": 4,
      "gc_time_ns": 0.0,
      "memory_bytes": 2720,
      "iqr_time_ns": 2034.0,
      "p75_time_ns": 3817.0,
      "min_time_ns": 1603.0,
      "mean_time_ns": 3184.9059,
      "max_time_ns": 28473.0,
      "p99_time_ns": 6863.0,
      "samples": 10000,
      "p95_time_ns": 4048.0
    }
  }
}