{
  "metadata": {
    "run_number": 62,
    "julia_version": "1.11.9",
    "commit_hash": "3e5ea194f5b1f2362d504bd92093252574e350b1",
    "git_dirty": false,
    "hostname": "runnervm46oaq",
    "git_branch": "main",
    "timestamp": "2026-03-18T16:08:26.672",
    "group": "enzyme",
    "system": {
      "julia_threads": 1,
      "arch": "x86_64",
      "word_size": 64,
      "os": "Linux",
      "cpu_threads": 4
    }
  },
  "benchmarks": {
    "basics/make_zero/array": {
      "cv": 0.8079932901137128,
      "p25_time_ns": 50.0,
      "std_time_ns": 56.81420979300374,
      "median_time_ns": 60.0,
      "allocs": 2,
      "gc_time_ns": 0.0,
      "memory_bytes": 928,
      "iqr_time_ns": 10.0,
      "p75_time_ns": 60.0,
      "min_time_ns": 40.0,
      "mean_time_ns": 70.3152,
      "max_time_ns": 1112.0,
      "p99_time_ns": 331.0,
      "samples": 10000,
      "p95_time_ns": 200.0
    },
    "basics/make_zero/namedtuple": {
      "cv": 0.15978469137291734,
      "p25_time_ns": 30.0,
      "std_time_ns": 4.704892194413826,
      "median_time_ns": 30.0,
      "allocs": 0,
      "gc_time_ns": 0.0,
      "memory_bytes": 0,
      "iqr_time_ns": 0.0,
      "p75_time_ns": 30.0,
      "min_time_ns": 20.0,
      "mean_time_ns": 29.4452,
      "max_time_ns": 290.0,
      "p99_time_ns": 31.0,
      "samples": 10000,
      "p95_time_ns": 31.0
    },
    "autodiff/reverse/complex": {
      "cv": 0.14988160726346242,
      "p25_time_ns": 28273.0,
      "std_time_ns": 4568.005998813578,
      "median_time_ns": 31298.0,
      "allocs": 3,
      "gc_time_ns": 0.0,
      "memory_bytes": 8072,
      "iqr_time_ns": 3256.0,
      "p75_time_ns": 31529.0,
      "min_time_ns": 27902.0,
      "mean_time_ns": 30477.4287,
      "max_time_ns": 400650.0,
      "p99_time_ns": 40556.0,
      "samples": 10000,
      "p95_time_ns": 34545.0
    },
    "autodiff/forward/complex": {
      "cv": 0.13676004269235245,
      "p25_time_ns": 18815.0,
      "std_time_ns": 2708.285314984831,
      "median_time_ns": 18955.0,
      "allocs": 3,
      "gc_time_ns": 0.0,
      "memory_bytes": 8072,
      "iqr_time_ns": 470.0,
      "p75_time_ns": 19285.0,
      "min_time_ns": 18535.0,
      "mean_time_ns": 19803.1915,
      "max_time_ns": 198061.0,
      "p99_time_ns": 27943.0,
      "samples": 10000,
      "p95_time_ns": 22492.0
    },
    "basics/make_zero/struct": {
      "cv": 0.7495755569328864,
      "p25_time_ns": 190.0,
      "std_time_ns": 165.75476726790455,
      "median_time_ns": 191.0,
      "allocs": 7,
      "gc_time_ns": 0.0,
      "memory_bytes": 496,
      "iqr_time_ns": 11.0,
      "p75_time_ns": 201.0,
      "min_time_ns": 180.0,
      "mean_time_ns": 221.1315,
      "max_time_ns": 10920.0,
      "p99_time_ns": 491.0,
      "samples": 10000,
      "p95_time_ns": 381.0
    },
    "autodiff/forward/simple": {
      "cv": 0.7454700618420405,
      "p25_time_ns": 210.0,
      "std_time_ns": 1165.9284460880522,
      "median_time_ns": 2054.0,
      "allocs": 4,
      "gc_time_ns": 0.0,
      "memory_bytes": 2720,
      "iqr_time_ns": 1934.0,
      "p75_time_ns": 2144.0,
      "min_time_ns": 190.0,
      "mean_time_ns": 1564.0178,
      "max_time_ns": 23735.0,
      "p99_time_ns": 5159.0,
      "samples": 10000,
      "p95_time_ns": 2394.0
    },
    "autodiff/reverse/simple": {
      "cv": 0.4246053906894128,
      "p25_time_ns": 1754.0,
      "std_time_ns": 1373.4932216644374,
      "median_time_ns": 3737.0,
      "allocs": 4,
      "gc_time_ns": 0.0,
      "memory_bytes": 2720,
      "iqr_time_ns": 2093.0,
      "p75_time_ns": 3847.0,
      "min_time_ns": 1603.0,
      "mean_time_ns": 3234.7522,
      "max_time_ns": 23033.0,
      "p99_time_ns": 6913.0,
      "samples": 10000,
      "p95_time_ns": 4138.0
    }
  }
}