{
  "metadata": {
    "run_number": 64,
    "julia_version": "1.11.9",
    "commit_hash": "3e5ea194f5b1f2362d504bd92093252574e350b1",
    "git_dirty": true,
    "hostname": "runnervm46oaq",
    "git_branch": "main",
    "timestamp": "2026-03-18T16:05:39.621",
    "group": "trixi",
    "system": {
      "julia_threads": 1,
      "arch": "x86_64",
      "word_size": 64,
      "os": "Linux",
      "cpu_threads": 4
    }
  },
  "benchmarks": {
    "tree_2d_dgsem/elixir_euler_ec.jl/p7_analysis": {
      "cv": 0.0034411428213833254,
      "p25_time_ns": 1.092033e7,
      "std_time_ns": 37644.21428219129,
      "median_time_ns": 1.0927874e7,
      "allocs": 0,
      "gc_time_ns": 0.0,
      "memory_bytes": 0,
      "iqr_time_ns": 24696.0,
      "p75_time_ns": 1.0945026e7,
      "min_time_ns": 1.0899761e7,
      "mean_time_ns": 1.0939451291666666e7,
      "max_time_ns": 1.1222785e7,
      "p99_time_ns": 1.111309e7,
      "samples": 456,
      "p95_time_ns": 1.0993156e7
    },
    "tree_1d_dgsem/elixir_mhd_ec.jl/p3_analysis": {
      "cv": 0.16421627444683334,
      "p25_time_ns": 3166.0,
      "std_time_ns": 528.0299422216779,
      "median_time_ns": 3176.0,
      "allocs": 0,
      "gc_time_ns": 0.0,
      "memory_bytes": 0,
      "iqr_time_ns": 20.0,
      "p75_time_ns": 3186.0,
      "min_time_ns": 3125.0,
      "mean_time_ns": 3215.4544,
      "max_time_ns": 20438.0,
      "p99_time_ns": 3276.0,
      "samples": 10000,
      "p95_time_ns": 3236.0
    },
    "tree_2d_dgsem/elixir_euler_ec.jl/p3_rhs!": {
      "cv": 0.010292201847994547,
      "p25_time_ns": 1.385109e6,
      "std_time_ns": 14329.542040421618,
      "median_time_ns": 1.3914505e6,
      "allocs": 0,
      "gc_time_ns": 0.0,
      "memory_bytes": 0,
      "iqr_time_ns": 10108.0,
      "p75_time_ns": 1.395217e6,
      "min_time_ns": 1.381272e6,
      "mean_time_ns": 1.3922717657557167e6,
      "max_time_ns": 1.959351e6,
      "p99_time_ns": 1.432858e6,
      "samples": 3586,
      "p95_time_ns": 1.406949e6
    },
    "tree_1d_dgsem/elixir_mhd_ec.jl/p3_rhs!": {
      "cv": 0.13616017359756274,
      "p25_time_ns": 5350.0,
      "std_time_ns": 739.1374416920924,
      "median_time_ns": 5360.0,
      "allocs": 0,
      "gc_time_ns": 0.0,
      "memory_bytes": 0,
      "iqr_time_ns": 20.0,
      "p75_time_ns": 5370.0,
      "min_time_ns": 5319.0,
      "mean_time_ns": 5428.4408,
      "max_time_ns": 27001.0,
      "p99_time_ns": 6142.0,
      "samples": 10000,
      "p95_time_ns": 5430.0
    },
    "tree_2d_dgsem/elixir_advection_amr_nonperiodic.jl/p3_analysis": {
      "cv": 0.008648651921888777,
      "p25_time_ns": 842014.0,
      "std_time_ns": 7295.8433460083015,
      "median_time_ns": 843146.0,
      "allocs": 0,
      "gc_time_ns": 0.0,
      "memory_bytes": 0,
      "iqr_time_ns": 2745.0,
      "p75_time_ns": 844759.0,
      "min_time_ns": 832586.0,
      "mean_time_ns": 843581.5676132522,
      "max_time_ns": 1.020617e6,
      "p99_time_ns": 871328.0,
      "samples": 5916,
      "p95_time_ns": 850480.0
    },
    "tree_2d_dgsem/elixir_advection_amr_nonperiodic.jl/p7_rhs!": {
      "cv": 0.021821388713621336,
      "p25_time_ns": 322172.0,
      "std_time_ns": 7130.166996870628,
      "median_time_ns": 323464.0,
      "allocs": 0,
      "gc_time_ns": 0.0,
      "memory_bytes": 0,
      "iqr_time_ns": 9698.0,
      "p75_time_ns": 331870.0,
      "min_time_ns": 320328.0,
      "mean_time_ns": 326751.2939,
      "max_time_ns": 481309.0,
      "p99_time_ns": 347821.0,
      "samples": 10000,
      "p95_time_ns": 335097.0
    },
    "tree_2d_dgsem/elixir_euler_ec.jl/p7_rhs!": {
      "cv": 0.023776221043811177,
      "p25_time_ns": 9.437327e6,
      "std_time_ns": 225429.64754886864,
      "median_time_ns": 9.44672e6,
      "allocs": 0,
      "gc_time_ns": 0.0,
      "memory_bytes": 0,
      "iqr_time_ns": 30687.0,
      "p75_time_ns": 9.468014e6,
      "min_time_ns": 9.418483e6,
      "mean_time_ns": 9.481306854166666e6,
      "max_time_ns": 1.2925456e7,
      "p99_time_ns": 1.0146743e7,
      "samples": 528,
      "p95_time_ns": 9.52993e6
    },
    "tree_2d_dgsem/elixir_euler_vortex_mortar.jl/p7_rhs!": {
      "cv": 0.01973221435473701,
      "p25_time_ns": 1.131875e6,
      "std_time_ns": 22478.80258479965,
      "median_time_ns": 1.1351665e6,
      "allocs": 0,
      "gc_time_ns": 0.0,
      "memory_bytes": 0,
      "iqr_time_ns": 9939.0,
      "p75_time_ns": 1.141814e6,
      "min_time_ns": 1.12378e6,
      "mean_time_ns": 1.139193107305936e6,
      "max_time_ns": 1.884752e6,
      "p99_time_ns": 1.195734e6,
      "samples": 4380,
      "p95_time_ns": 1.15572e6
    },
    "tree_1d_dgsem/elixir_mhd_ec.jl/p7_rhs!": {
      "cv": 0.07703872533902405,
      "p25_time_ns": 14507.0,
      "std_time_ns": 1131.485547295927,
      "median_time_ns": 14528.0,
      "allocs": 0,
      "gc_time_ns": 0.0,
      "memory_bytes": 0,
      "iqr_time_ns": 51.0,
      "p75_time_ns": 14558.0,
      "min_time_ns": 14406.0,
      "mean_time_ns": 14687.2309,
      "max_time_ns": 44283.0,
      "p99_time_ns": 22332.0,
      "samples": 10000,
      "p95_time_ns": 14618.0
    },
    "structured_1d_dgsem/elixir_euler_sedov.jl/p3_rhs!": {
      "cv": 0.08120552608556265,
      "p25_time_ns": 12483.0,
      "std_time_ns": 1026.789664542725,
      "median_time_ns": 12514.0,
      "allocs": 0,
      "gc_time_ns": 0.0,
      "memory_bytes": 0,
      "iqr_time_ns": 80.0,
      "p75_time_ns": 12563.0,
      "min_time_ns": 12393.0,
      "mean_time_ns": 12644.3324,
      "max_time_ns": 33182.0,
      "p99_time_ns": 20147.0,
      "samples": 10000,
      "p95_time_ns": 12644.0
    },
    "tree_2d_dgsem/elixir_euler_ec.jl/p3_analysis": {
      "cv": 0.026644039932446715,
      "p25_time_ns": 2.294839e6,
      "std_time_ns": 61464.40938099886,
      "median_time_ns": 2.298225e6,
      "allocs": 0,
      "gc_time_ns": 0.0,
      "memory_bytes": 0,
      "iqr_time_ns": 9076.0,
      "p75_time_ns": 2.303915e6,
      "min_time_ns": 2.289869e6,
      "mean_time_ns": 2.306872739150508e6,
      "max_time_ns": 3.637738e6,
      "p99_time_ns": 2.420804e6,
      "samples": 2166,
      "p95_time_ns": 2.328782e6
    },
    "structured_1d_dgsem/elixir_euler_sedov.jl/p7_analysis": {
      "cv": 0.13371964221866944,
      "p25_time_ns": 8166.0,
      "std_time_ns": 1131.2183893471454,
      "median_time_ns": 8275.0,
      "allocs": 128,
      "gc_time_ns": 0.0,
      "memory_bytes": 8192,
      "iqr_time_ns": 360.0,
      "p75_time_ns": 8526.0,
      "min_time_ns": 8035.0,
      "mean_time_ns": 8459.6277,
      "max_time_ns": 53059.0,
      "p99_time_ns": 10680.0,
      "samples": 10000,
      "p95_time_ns": 8856.0
    },
    "tree_2d_dgsem/elixir_euler_vortex_mortar.jl/p7_analysis": {
      "cv": 0.023896131306268092,
      "p25_time_ns": 6.303069e6,
      "std_time_ns": 151236.6465708682,
      "median_time_ns": 6.3084995e6,
      "allocs": 0,
      "gc_time_ns": 0.0,
      "memory_bytes": 0,
      "iqr_time_ns": 14208.0,
      "p75_time_ns": 6.317277e6,
      "min_time_ns": 6.290065e6,
      "mean_time_ns": 6.328917624050633e6,
      "max_time_ns": 8.847124e6,
      "p99_time_ns": 6.928949e6,
      "samples": 790,
      "p95_time_ns": 6.368102e6
    },
    "tree_2d_dgsem/elixir_euler_vortex_mortar.jl/p3_rhs!": {
      "cv": 0.02272060982730554,
      "p25_time_ns": 354593.0,
      "std_time_ns": 8182.088250674968,
      "median_time_ns": 356781.5,
      "allocs": 0,
      "gc_time_ns": 0.0,
      "memory_bytes": 0,
      "iqr_time_ns": 9607.0,
      "p75_time_ns": 364200.0,
      "min_time_ns": 352690.0,
      "mean_time_ns": 360117.4578,
      "max_time_ns": 591224.0,
      "p99_time_ns": 380572.0,
      "samples": 10000,
      "p95_time_ns": 372115.0
    },
    "tree_2d_dgsem/elixir_advection_amr_nonperiodic.jl/p7_analysis": {
      "cv": 0.010848191106029532,
      "p25_time_ns": 3.945244e6,
      "std_time_ns": 42900.33723990817,
      "median_time_ns": 3.9480185e6,
      "allocs": 0,
      "gc_time_ns": 0.0,