{
  "metadata": {
    "run_number": 26,
    "julia_version": "1.11.9",
    "commit_hash": "e597c46656ac9231f7f161c963cdb720f0e000bc",
    "git_dirty": true,
    "hostname": "runnervm0kj6c",
    "git_branch": "main",
    "timestamp": "2026-03-07T02:35:19.951",
    "group": "trixi",
    "system": {
      "julia_threads": 1,
      "arch": "x86_64",
      "word_size": 64,
      "os": "Linux",
      "cpu_threads": 4
    }
  },
  "benchmarks": {
    "tree_2d_dgsem/elixir_euler_ec.jl/p7_analysis": {
      "cv": 0.004888722889344371,
      "p25_time_ns": 1.1000364e7,
      "std_time_ns": 53907.35588404148,
      "median_time_ns": 1.1010904e7,
      "allocs": 0,
      "gc_time_ns": 0.0,
      "memory_bytes": 0,
      "iqr_time_ns": 36839.0,
      "p75_time_ns": 1.1037203e7,
      "min_time_ns": 1.0983202e7,
      "mean_time_ns": 1.1026879024282562e7,
      "max_time_ns": 1.1417808e7,
      "p99_time_ns": 1.1320464e7,
      "samples": 453,
      "p95_time_ns": 1.1094659e7
    },
    "tree_1d_dgsem/elixir_mhd_ec.jl/p3_analysis": {
      "cv": 0.16798436150097681,
      "p25_time_ns": 3126.0,
      "std_time_ns": 532.9651092293713,
      "median_time_ns": 3136.0,
      "allocs": 0,
      "gc_time_ns": 0.0,
      "memory_bytes": 0,
      "iqr_time_ns": 19.0,
      "p75_time_ns": 3145.0,
      "min_time_ns": 3096.0,
      "mean_time_ns": 3172.7067,
      "max_time_ns": 21139.0,
      "p99_time_ns": 3256.0,
      "samples": 10000,
      "p95_time_ns": 3195.0
    },
    "tree_2d_dgsem/elixir_euler_ec.jl/p3_rhs!": {
      "cv": 0.011682468893944784,
      "p25_time_ns": 1.384295e6,
      "std_time_ns": 16263.356590572066,
      "median_time_ns": 1.38963e6,
      "allocs": 0,
      "gc_time_ns": 0.0,
      "memory_bytes": 0,
      "iqr_time_ns": 10139.0,
      "p75_time_ns": 1.394434e6,
      "min_time_ns": 1.378875e6,
      "mean_time_ns": 1.392116404350251e6,
      "max_time_ns": 1.70008e6,
      "p99_time_ns": 1.458933e6,
      "samples": 3586,
      "p95_time_ns": 1.409242e6
    },
    "tree_1d_dgsem/elixir_mhd_ec.jl/p3_rhs!": {
      "cv": 0.13718264420495072,
      "p25_time_ns": 5350.0,
      "std_time_ns": 743.395753246536,
      "median_time_ns": 5359.0,
      "allocs": 0,
      "gc_time_ns": 0.0,
      "memory_bytes": 0,
      "iqr_time_ns": 20.0,
      "p75_time_ns": 5370.0,
      "min_time_ns": 5309.0,
      "mean_time_ns": 5419.0219,
      "max_time_ns": 39554.0,
      "p99_time_ns": 6132.0,
      "samples": 10000,
      "p95_time_ns": 5420.0
    },
    "tree_2d_dgsem/elixir_advection_amr_nonperiodic.jl/p3_analysis": {
      "cv": 0.026342322993171813,
      "p25_time_ns": 839586.0,
      "std_time_ns": 22201.18348138021,
      "median_time_ns": 840618.0,
      "allocs": 0,
      "gc_time_ns": 0.0,
      "memory_bytes": 0,
      "iqr_time_ns": 3076.0,
      "p75_time_ns": 842662.0,
      "min_time_ns": 829657.0,
      "mean_time_ns": 842795.2040195913,
      "max_time_ns": 1.722302e6,
      "p99_time_ns": 883988.0,
      "samples": 5921,
      "p95_time_ns": 853282.0
    },
    "tree_2d_dgsem/elixir_advection_amr_nonperiodic.jl/p7_rhs!": {
      "cv": 0.02834802351987172,
      "p25_time_ns": 324342.0,
      "std_time_ns": 9356.854200644775,
      "median_time_ns": 326685.0,
      "allocs": 0,
      "gc_time_ns": 0.0,
      "memory_bytes": 0,
      "iqr_time_ns": 10399.0,
      "p75_time_ns": 334741.0,
      "min_time_ns": 321376.0,
      "mean_time_ns": 330070.7788,
      "max_time_ns": 503112.0,
      "p99_time_ns": 360217.0,
      "samples": 10000,
      "p95_time_ns": 341353.0
    },
    "tree_2d_dgsem/elixir_euler_ec.jl/p7_rhs!": {
      "cv": 0.00961492795354042,
      "p25_time_ns": 9.455706e6,
      "std_time_ns": 91440.37833132039,
      "median_time_ns": 9.4827855e6,
      "allocs": 0,
      "gc_time_ns": 0.0,
      "memory_bytes": 0,
      "iqr_time_ns": 74037.0,
      "p75_time_ns": 9.529743e6,
      "min_time_ns": 9.425059e6,
      "mean_time_ns": 9.510251015209125e6,
      "max_time_ns": 1.0101283e7,
      "p99_time_ns": 9.941687e6,
      "samples": 526,
      "p95_time_ns": 9.670464e6
    },
    "tree_2d_dgsem/elixir_euler_vortex_mortar.jl/p7_rhs!": {
      "cv": 0.021421780072592357,
      "p25_time_ns": 1.131999e6,
      "std_time_ns": 24435.049881380586,
      "median_time_ns": 1.136849e6,
      "allocs": 0,
      "gc_time_ns": 0.0,
      "memory_bytes": 0,
      "iqr_time_ns": 11783.0,
      "p75_time_ns": 1.143782e6,
      "min_time_ns": 1.114936e6,
      "mean_time_ns": 1.1406638383260919e6,
      "max_time_ns": 1.774558e6,
      "p99_time_ns": 1.205855e6,
      "samples": 4373,
      "p95_time_ns": 1.160351e6
    },
    "tree_1d_dgsem/elixir_mhd_ec.jl/p7_rhs!": {
      "cv": 0.08593196871988189,
      "p25_time_ns": 14497.0,
      "std_time_ns": 1262.8994876468316,
      "median_time_ns": 14527.0,
      "allocs": 0,
      "gc_time_ns": 0.0,
      "memory_bytes": 0,
      "iqr_time_ns": 80.0,
      "p75_time_ns": 14577.0,
      "min_time_ns": 14386.0,
      "mean_time_ns": 14696.5036,
      "max_time_ns": 61472.0,
      "p99_time_ns": 22221.0,
      "samples": 10000,
      "p95_time_ns": 14697.0
    },
    "structured_1d_dgsem/elixir_euler_sedov.jl/p3_rhs!": {
      "cv": 0.08680066549386611,
      "p25_time_ns": 11852.0,
      "std_time_ns": 1042.7627993402568,
      "median_time_ns": 11882.0,
      "allocs": 0,
      "gc_time_ns": 0.0,
      "memory_bytes": 0,
      "iqr_time_ns": 60.0,
      "p75_time_ns": 11912.0,
      "min_time_ns": 11772.0,
      "mean_time_ns": 12013.3042,
      "max_time_ns": 40666.0,
      "p99_time_ns": 19526.0,
      "samples": 10000,
      "p95_time_ns": 11972.0
    },
    "tree_2d_dgsem/elixir_euler_ec.jl/p3_analysis": {
      "cv": 0.013667980854840087,
      "p25_time_ns": 2.30398e6,
      "std_time_ns": 31608.018851450957,
      "median_time_ns": 2.3076735e6,
      "allocs": 0,
      "gc_time_ns": 0.0,
      "memory_bytes": 0,
      "iqr_time_ns": 9350.0,
      "p75_time_ns": 2.31333e6,
      "min_time_ns": 2.294863e6,
      "mean_time_ns": 2.312559491203704e6,
      "max_time_ns": 3.346251e6,
      "p99_time_ns": 2.382699e6,
      "samples": 2160,
      "p95_time_ns": 2.33648e6
    },
    "structured_1d_dgsem/elixir_euler_sedov.jl/p7_analysis": {
      "cv": 0.12973345080662552,
      "p25_time_ns": 8145.0,
      "std_time_ns": 1098.5000914888901,
      "median_time_ns": 8315.0,
      "allocs": 128,
      "gc_time_ns": 0.0,
      "memory_bytes": 8192,
      "iqr_time_ns": 370.0,
      "p75_time_ns": 8515.0,
      "min_time_ns": 7914.0,
      "mean_time_ns": 8467.362,
      "max_time_ns": 35647.0,
      "p99_time_ns": 11702.0,
      "samples": 10000,
      "p95_time_ns": 8886.0
    },
    "tree_2d_dgsem/elixir_euler_vortex_mortar.jl/p7_analysis": {
      "cv": 0.0047188188310682356,
      "p25_time_ns": 6.300142e6,
      "std_time_ns": 29802.31146827301,
      "median_time_ns": 6.310416e6,
      "allocs": 0,
      "gc_time_ns": 0.0,
      "memory_bytes": 0,
      "iqr_time_ns": 21254.0,
      "p75_time_ns": 6.321396e6,
      "min_time_ns": 6.274444e6,
      "mean_time_ns": 6.315629511363637e6,
      "max_time_ns": 6.574469e6,
      "p99_time_ns": 6.462217e6,
      "samples": 792,
      "p95_time_ns": 6.360073e6
    },
    "tree_2d_dgsem/elixir_euler_vortex_mortar.jl/p3_rhs!": {
      "cv": 0.04167580901481887,
      "p25_time_ns": 357562.0,
      "std_time_ns": 15168.077785931991,
      "median_time_ns": 360092.0,
      "allocs": 0,
      "gc_time_ns": 0.0,
      "memory_bytes": 0,
      "iqr_time_ns": 10109.0,
      "p75_time_ns": 367671.0,
      "min_time_ns": 355008.0,
      "mean_time_ns": 363954.0094,
      "max_time_ns": 1.098526e6,
      "p99_time_ns": 394521.0,
      "samples": 10000,
      "p95_time_ns": 376707.0
    },
    "tree_2d_dgsem/elixir_advection_amr_nonperiodic.jl/p7_analysis": {
      "cv": 0.008431713864330887,
      "p25_time_ns": 3.957576e6,
      "std_time_ns": 33474.11086282933,
      "median_time_ns": 3.962154e6,
      "allocs": 0,
      "gc_time_ns": 0.0,