{
  "metadata": {
    "run_number": 62,
    "julia_version": "1.11.9",
    "commit_hash": "dd56c9395f881ee697fbda1d7626b66ff4417896",
    "git_dirty": false,
    "hostname": "runnervm0kj6c",
    "git_branch": "main",
    "timestamp": "2026-03-07T07:01:17.760",
    "group": "enzyme",
    "system": {
      "julia_threads": 1,
      "arch": "x86_64",
      "word_size": 64,
      "os": "Linux",
      "cpu_threads": 4
    }
  },
  "benchmarks": {
    "basics/make_zero/array": {
      "cv": 1.4728199906649724,
      "p25_time_ns": 60.0,
      "std_time_ns": 115.20604161780108,
      "median_time_ns": 60.0,
      "allocs": 2,
      "gc_time_ns": 0.0,
      "memory_bytes": 928,
      "iqr_time_ns": 1.0,
      "p75_time_ns": 61.0,
      "min_time_ns": 49.0,
      "mean_time_ns": 78.2214,
      "max_time_ns": 9939.0,
      "p99_time_ns": 331.0,
      "samples": 10000,
      "p95_time_ns": 200.0
    },
    "basics/make_zero/namedtuple": {
      "cv": 0.12416007570207263,
      "p25_time_ns": 30.0,
      "std_time_ns": 3.643638829575734,
      "median_time_ns": 30.0,
      "allocs": 0,
      "gc_time_ns": 0.0,
      "memory_bytes": 0,
      "iqr_time_ns": 0.0,
      "p75_time_ns": 30.0,
      "min_time_ns": 20.0,
      "mean_time_ns": 29.3463,
      "max_time_ns": 250.0,
      "p99_time_ns": 31.0,
      "samples": 10000,
      "p95_time_ns": 31.0
    },
    "autodiff/reverse/complex": {
      "cv": 0.14846660137670142,
      "p25_time_ns": 28533.0,
      "std_time_ns": 4549.649445683859,
      "median_time_ns": 31459.0,
      "allocs": 3,
      "gc_time_ns": 0.0,
      "memory_bytes": 8072,
      "iqr_time_ns": 3186.0,
      "p75_time_ns": 31719.0,
      "min_time_ns": 28133.0,
      "mean_time_ns": 30644.2621,
      "max_time_ns": 381411.0,
      "p99_time_ns": 40536.0,
      "samples": 10000,
      "p95_time_ns": 34745.0
    },
    "autodiff/forward/complex": {
      "cv": 0.1359665914792645,
      "p25_time_ns": 18956.0,
      "std_time_ns": 2704.6692739401205,
      "median_time_ns": 19076.0,
      "allocs": 3,
      "gc_time_ns": 0.0,
      "memory_bytes": 8072,
      "iqr_time_ns": 381.0,
      "p75_time_ns": 19337.0,
      "min_time_ns": 18675.0,
      "mean_time_ns": 19892.1606,
      "max_time_ns": 200635.0,
      "p99_time_ns": 28203.0,
      "samples": 10000,
      "p95_time_ns": 22472.0
    },
    "basics/make_zero/struct": {
      "cv": 0.7075661543887221,
      "p25_time_ns": 190.0,
      "std_time_ns": 156.0583852870516,
      "median_time_ns": 191.0,
      "allocs": 7,
      "gc_time_ns": 0.0,
      "memory_bytes": 496,
      "iqr_time_ns": 20.0,
      "p75_time_ns": 210.0,
      "min_time_ns": 171.0,
      "mean_time_ns": 220.5566,
      "max_time_ns": 10430.0,
      "p99_time_ns": 461.0,
      "samples": 10000,
      "p95_time_ns": 370.0
    },
    "autodiff/forward/simple": {
      "cv": 0.7332551655187542,
      "p25_time_ns": 211.0,
      "std_time_ns": 1145.1619146785633,
      "median_time_ns": 2074.0,
      "allocs": 4,
      "gc_time_ns": 0.0,
      "memory_bytes": 2720,
      "iqr_time_ns": 1933.0,
      "p75_time_ns": 2144.0,
      "min_time_ns": 190.0,
      "mean_time_ns": 1561.7509,
      "max_time_ns": 19015.0,
      "p99_time_ns": 5180.0,
      "samples": 10000,
      "p95_time_ns": 2354.0
    },
    "autodiff/reverse/simple": {
      "cv": 0.402091512060235,
      "p25_time_ns": 1814.0,
      "std_time_ns": 1305.1150633093037,
      "median_time_ns": 3736.0,
      "allocs": 4,
      "gc_time_ns": 0.0,
      "memory_bytes": 2720,
      "iqr_time_ns": 2053.0,
      "p75_time_ns": 3867.0,
      "min_time_ns": 1613.0,
      "mean_time_ns": 3245.816,
      "max_time_ns": 21560.0,
      "p99_time_ns": 6903.0,
      "samples": 10000,
      "p95_time_ns": 4138.0
    }
  }
}