{
  "metadata": {
    "run_number": 62,
    "julia_version": "1.11.9",
    "commit_hash": "7aaaacefcaebe3a63c3656d4a2545eec23fd0893",
    "git_dirty": false,
    "hostname": "runnervm46oaq",
    "git_branch": "main",
    "timestamp": "2026-03-20T03:08:10.965",
    "group": "enzyme",
    "system": {
      "julia_threads": 1,
      "arch": "x86_64",
      "word_size": 64,
      "os": "Linux",
      "cpu_threads": 4
    }
  },
  "benchmarks": {
    "basics/make_zero/array": {
      "cv": 0.9988097285714649,
      "p25_time_ns": 48.0,
      "std_time_ns": 67.66126875191532,
      "median_time_ns": 49.0,
      "allocs": 2,
      "gc_time_ns": 0.0,
      "memory_bytes": 928,
      "iqr_time_ns": 11.0,
      "p75_time_ns": 59.0,
      "min_time_ns": 43.0,
      "mean_time_ns": 67.7419,
      "max_time_ns": 966.0,
      "p99_time_ns": 403.0,
      "samples": 10000,
      "p95_time_ns": 209.0
    },
    "basics/make_zero/namedtuple": {
      "cv": 0.12481741334931513,
      "p25_time_ns": 18.0,
      "std_time_ns": 2.291248293370708,
      "median_time_ns": 18.0,
      "allocs": 0,
      "gc_time_ns": 0.0,
      "memory_bytes": 0,
      "iqr_time_ns": 1.0,
      "p75_time_ns": 19.0,
      "min_time_ns": 17.0,
      "mean_time_ns": 18.3568,
      "max_time_ns": 220.0,
      "p99_time_ns": 20.0,
      "samples": 10000,
      "p95_time_ns": 20.0
    },
    "autodiff/reverse/complex": {
      "cv": 0.12992060124174545,
      "p25_time_ns": 29272.0,
      "std_time_ns": 3961.565398913595,
      "median_time_ns": 29812.5,
      "allocs": 3,
      "gc_time_ns": 0.0,
      "memory_bytes": 8072,
      "iqr_time_ns": 2109.0,
      "p75_time_ns": 31381.0,
      "min_time_ns": 27942.0,
      "mean_time_ns": 30492.2034,
      "max_time_ns": 334644.0,
      "p99_time_ns": 36719.0,
      "samples": 10000,
      "p95_time_ns": 33432.0
    },
    "autodiff/forward/complex": {
      "cv": 0.10232284424701822,
      "p25_time_ns": 18219.0,
      "std_time_ns": 1920.2970029881208,
      "median_time_ns": 18487.0,
      "allocs": 3,
      "gc_time_ns": 0.0,
      "memory_bytes": 8072,
      "iqr_time_ns": 613.0,
      "p75_time_ns": 18832.0,
      "min_time_ns": 17484.0,
      "mean_time_ns": 18767.0409,
      "max_time_ns": 169611.0,
      "p99_time_ns": 24379.0,
      "samples": 10000,
      "p95_time_ns": 20481.0
    },
    "basics/make_zero/struct": {
      "cv": 0.6616868003349253,
      "p25_time_ns": 190.0,
      "std_time_ns": 152.09989356390824,
      "median_time_ns": 193.0,
      "allocs": 7,
      "gc_time_ns": 0.0,
      "memory_bytes": 496,
      "iqr_time_ns": 27.0,
      "p75_time_ns": 217.0,
      "min_time_ns": 167.0,
      "mean_time_ns": 229.8669,
      "max_time_ns": 7637.0,
      "p99_time_ns": 567.0,
      "samples": 10000,
      "p95_time_ns": 401.0
    },
    "autodiff/forward/simple": {
      "cv": 0.7424774122838309,
      "p25_time_ns": 184.0,
      "std_time_ns": 819.5026872638266,
      "median_time_ns": 1372.0,
      "allocs": 4,
      "gc_time_ns": 0.0,
      "memory_bytes": 2720,
      "iqr_time_ns": 1302.0,
      "p75_time_ns": 1486.0,
      "min_time_ns": 167.0,
      "mean_time_ns": 1103.7409,
      "max_time_ns": 15939.0,
      "p99_time_ns": 3560.0,
      "samples": 10000,
      "p95_time_ns": 1855.0
    },
    "autodiff/reverse/simple": {
      "cv": 0.552646685580458,
      "p25_time_ns": 531.0,
      "std_time_ns": 806.7669503954752,
      "median_time_ns": 1735.0,
      "allocs": 4,
      "gc_time_ns": 0.0,
      "memory_bytes": 2720,
      "iqr_time_ns": 1320.0,
      "p75_time_ns": 1851.0,
      "min_time_ns": 485.0,
      "mean_time_ns": 1459.8241,
      "max_time_ns": 17550.0,
      "p99_time_ns": 3885.0,
      "samples": 10000,
      "p95_time_ns": 2238.0
    }
  }
}