{
  "metadata": {
    "run_number": 20,
    "julia_version": "1.11.9",
    "commit_hash": "90b2c7dc6438cbd66b6eff029a42700de93af5d0",
    "git_dirty": false,
    "hostname": "runnervmnay03",
    "git_branch": "main",
    "timestamp": "2026-03-02T03:19:40.518",
    "group": "enzyme",
    "system": {
      "julia_threads": 1,
      "arch": "x86_64",
      "word_size": 64,
      "os": "Linux",
      "cpu_threads": 4
    }
  },
  "benchmarks": {
    "basics/make_zero/array": {
      "cv": 0.8032851712480382,
      "p25_time_ns": 50.0,
      "std_time_ns": 59.098573662406544,
      "median_time_ns": 60.0,
      "allocs": 2,
      "gc_time_ns": 0.0,
      "memory_bytes": 928,
      "iqr_time_ns": 10.0,
      "p75_time_ns": 60.0,
      "min_time_ns": 49.0,
      "mean_time_ns": 73.5711,
      "max_time_ns": 1413.0,
      "p99_time_ns": 340.0,
      "samples": 10000,
      "p95_time_ns": 210.0
    },
    "basics/make_zero/namedtuple": {
      "cv": 0.13886588701500047,
      "p25_time_ns": 30.0,
      "std_time_ns": 4.109666493265431,
      "median_time_ns": 30.0,
      "allocs": 0,
      "gc_time_ns": 0.0,
      "memory_bytes": 0,
      "iqr_time_ns": 0.0,
      "p75_time_ns": 30.0,
      "min_time_ns": 20.0,
      "mean_time_ns": 29.5945,
      "max_time_ns": 251.0,
      "p99_time_ns": 40.0,
      "samples": 10000,
      "p95_time_ns": 31.0
    },
    "autodiff/reverse/complex": {
      "cv": 0.1810661913340043,
      "p25_time_ns": 28303.0,
      "std_time_ns": 5550.515145338242,
      "median_time_ns": 31309.0,
      "allocs": 3,
      "gc_time_ns": 0.0,
      "memory_bytes": 8072,
      "iqr_time_ns": 3156.0,
      "p75_time_ns": 31459.0,
      "min_time_ns": 27961.0,
      "mean_time_ns": 30654.6192,
      "max_time_ns": 456050.0,
      "p99_time_ns": 40536.0,
      "samples": 10000,
      "p95_time_ns": 34504.0
    },
    "autodiff/forward/complex": {
      "cv": 0.1356002011735446,
      "p25_time_ns": 18815.0,
      "std_time_ns": 2665.471282155917,
      "median_time_ns": 18926.0,
      "allocs": 3,
      "gc_time_ns": 0.0,
      "memory_bytes": 8072,
      "iqr_time_ns": 331.0,
      "p75_time_ns": 19146.0,
      "min_time_ns": 18524.0,
      "mean_time_ns": 19656.8387,
      "max_time_ns": 210252.0,
      "p99_time_ns": 27602.0,
      "samples": 10000,
      "p95_time_ns": 22322.0
    },
    "basics/make_zero/struct": {
      "cv": 0.8719494290048491,
      "p25_time_ns": 190.0,
      "std_time_ns": 188.0323193722368,
      "median_time_ns": 190.0,
      "allocs": 7,
      "gc_time_ns": 0.0,
      "memory_bytes": 496,
      "iqr_time_ns": 10.0,
      "p75_time_ns": 200.0,
      "min_time_ns": 170.0,
      "mean_time_ns": 215.6459,
      "max_time_ns": 10059.0,
      "p99_time_ns": 481.0,
      "samples": 10000,
      "p95_time_ns": 361.0
    },
    "autodiff/forward/simple": {
      "cv": 1.1397748935516523,
      "p25_time_ns": 210.0,
      "std_time_ns": 1795.4910370915773,
      "median_time_ns": 2044.0,
      "allocs": 4,
      "gc_time_ns": 0.0,
      "memory_bytes": 2720,
      "iqr_time_ns": 1904.0,
      "p75_time_ns": 2114.0,
      "min_time_ns": 190.0,
      "mean_time_ns": 1575.3032,
      "max_time_ns": 80019.0,
      "p99_time_ns": 5139.0,
      "samples": 10000,
      "p95_time_ns": 2314.0
    },
    "autodiff/reverse/simple": {
      "cv": 0.5956520178986441,
      "p25_time_ns": 1783.0,
      "std_time_ns": 1930.9247890308236,
      "median_time_ns": 3697.0,
      "allocs": 4,
      "gc_time_ns": 0.0,
      "memory_bytes": 2720,
      "iqr_time_ns": 2044.0,
      "p75_time_ns": 3827.0,
      "min_time_ns": 1612.0,
      "mean_time_ns": 3241.6994,
      "max_time_ns": 81251.0,
      "p99_time_ns": 6873.0,
      "samples": 10000,
      "p95_time_ns": 4088.0
    }
  }
}