{
  "metadata": {
    "run_number": 51,
    "julia_version": "1.11.8",
    "commit_hash": "cf2c78b6d01d4cbbf84894c999d4527e48827c9f",
    "git_dirty": true,
    "hostname": "runnervmkj6or",
    "git_branch": "main",
    "timestamp": "2026-02-03T03:15:25.914",
    "group": "enzyme",
    "system": {
      "julia_threads": 1,
      "arch": "x86_64",
      "word_size": 64,
      "os": "Linux",
      "cpu_threads": 4
    }
  },
  "benchmarks": {
    "basics/make_zero/array": {
      "cv": 1.4380937220636536,
      "p25_time_ns": 50.0,
      "std_time_ns": 101.35583886544086,
      "median_time_ns": 60.0,
      "allocs": 2,
      "gc_time_ns": 0.0,
      "memory_bytes": 928,
      "iqr_time_ns": 10.0,
      "p75_time_ns": 60.0,
      "min_time_ns": 49.0,
      "mean_time_ns": 70.4793,
      "max_time_ns": 8796.0,
      "p99_time_ns": 301.0,
      "samples": 10000,
      "p95_time_ns": 200.0
    },
    "basics/make_zero/namedtuple": {
      "cv": 0.9071601078432509,
      "p25_time_ns": 30.0,
      "std_time_ns": 26.80150109016414,
      "median_time_ns": 30.0,
      "allocs": 0,
      "gc_time_ns": 0.0,
      "memory_bytes": 0,
      "iqr_time_ns": 0.0,
      "p75_time_ns": 30.0,
      "min_time_ns": 20.0,
      "mean_time_ns": 29.5444,
      "max_time_ns": 2685.0,
      "p99_time_ns": 31.0,
      "samples": 10000,
      "p95_time_ns": 31.0
    },
    "autodiff/reverse/complex": {
      "cv": 0.1288478923517772,
      "p25_time_ns": 28163.0,
      "std_time_ns": 3904.848106741627,
      "median_time_ns": 30768.0,
      "allocs": 3,
      "gc_time_ns": 0.0,
      "memory_bytes": 8072,
      "iqr_time_ns": 2755.0,
      "p75_time_ns": 30918.0,
      "min_time_ns": 27811.0,
      "mean_time_ns": 30305.8749,
      "max_time_ns": 261656.0,
      "p99_time_ns": 39323.0,
      "samples": 10000,
      "p95_time_ns": 33993.0
    },
    "autodiff/forward/complex": {
      "cv": 0.10696178041318596,
      "p25_time_ns": 18835.0,
      "std_time_ns": 2097.431275689178,
      "median_time_ns": 18945.0,
      "allocs": 3,
      "gc_time_ns": 0.0,
      "memory_bytes": 8072,
      "iqr_time_ns": 350.0,
      "p75_time_ns": 19185.0,
      "min_time_ns": 18604.0,
      "mean_time_ns": 19609.1657,
      "max_time_ns": 130783.0,
      "p99_time_ns": 27231.0,
      "samples": 10000,
      "p95_time_ns": 21831.0
    },
    "basics/make_zero/struct": {
      "cv": 0.6490660725434794,
      "p25_time_ns": 190.0,
      "std_time_ns": 141.40391189914104,
      "median_time_ns": 191.0,
      "allocs": 7,
      "gc_time_ns": 0.0,
      "memory_bytes": 496,
      "iqr_time_ns": 11.0,
      "p75_time_ns": 201.0,
      "min_time_ns": 180.0,
      "mean_time_ns": 217.8575,
      "max_time_ns": 9027.0,
      "p99_time_ns": 452.0,
      "samples": 10000,
      "p95_time_ns": 361.0
    },
    "autodiff/forward/simple": {
      "cv": 1.4929183458243938,
      "p25_time_ns": 201.0,
      "std_time_ns": 1801.2321103081829,
      "median_time_ns": 1693.0,
      "allocs": 4,
      "gc_time_ns": 0.0,
      "memory_bytes": 2720,
      "iqr_time_ns": 1592.0,
      "p75_time_ns": 1793.0,
      "min_time_ns": 190.0,
      "mean_time_ns": 1206.5175,
      "max_time_ns": 107771.0,
      "p99_time_ns": 4839.0,
      "samples": 10000,
      "p95_time_ns": 2043.0
    },
    "autodiff/reverse/simple": {
      "cv": 0.7309267439361058,
      "p25_time_ns": 1653.0,
      "std_time_ns": 2110.2912017507106,
      "median_time_ns": 3256.0,
      "allocs": 4,
      "gc_time_ns": 0.0,
      "memory_bytes": 2720,
      "iqr_time_ns": 1673.0,
      "p75_time_ns": 3326.0,
      "min_time_ns": 1533.0,
      "mean_time_ns": 2887.1446,
      "max_time_ns": 106889.0,
      "p99_time_ns": 6442.0,
      "samples": 10000,
      "p95_time_ns": 3577.0
    }
  }
}