{
  "metadata": {
    "run_number": 56,
    "julia_version": "1.11.8",
    "commit_hash": "9ed7154b276b6f1fbb0cc5fd7bc294332d83ef3d",
    "git_dirty": false,
    "hostname": "runnervmkj6or",
    "git_branch": "main",
    "timestamp": "2026-02-05T03:10:20.708",
    "group": "enzyme",
    "system": {
      "julia_threads": 1,
      "arch": "x86_64",
      "word_size": 64,
      "os": "Linux",
      "cpu_threads": 4
    }
  },
  "benchmarks": {
    "basics/make_zero/array": {
      "cv": 0.8482025055114335,
      "p25_time_ns": 50.0,
      "std_time_ns": 61.49917712285814,
      "median_time_ns": 60.0,
      "allocs": 2,
      "gc_time_ns": 0.0,
      "memory_bytes": 928,
      "iqr_time_ns": 10.0,
      "p75_time_ns": 60.0,
      "min_time_ns": 49.0,
      "mean_time_ns": 72.5053,
      "max_time_ns": 1132.0,
      "p99_time_ns": 351.0,
      "samples": 10000,
      "p95_time_ns": 210.0
    },
    "basics/make_zero/namedtuple": {
      "cv": 0.12017602583220165,
      "p25_time_ns": 30.0,
      "std_time_ns": 3.5282118895998584,
      "median_time_ns": 30.0,
      "allocs": 0,
      "gc_time_ns": 0.0,
      "memory_bytes": 0,
      "iqr_time_ns": 0.0,
      "p75_time_ns": 30.0,
      "min_time_ns": 20.0,
      "mean_time_ns": 29.3587,
      "max_time_ns": 250.0,
      "p99_time_ns": 31.0,
      "samples": 10000,
      "p95_time_ns": 31.0
    },
    "autodiff/reverse/complex": {
      "cv": 0.149682589528925,
      "p25_time_ns": 28293.0,
      "std_time_ns": 4431.953963759488,
      "median_time_ns": 28444.0,
      "allocs": 3,
      "gc_time_ns": 0.0,
      "memory_bytes": 8072,
      "iqr_time_ns": 2705.0,
      "p75_time_ns": 30998.0,
      "min_time_ns": 27772.0,
      "mean_time_ns": 29609.0145,
      "max_time_ns": 410696.0,
      "p99_time_ns": 39403.0,
      "samples": 10000,
      "p95_time_ns": 33513.0
    },
    "autodiff/forward/complex": {
      "cv": 0.12855515156947078,
      "p25_time_ns": 19305.0,
      "std_time_ns": 2587.506591596589,
      "median_time_ns": 19416.0,
      "allocs": 3,
      "gc_time_ns": 0.0,
      "memory_bytes": 8072,
      "iqr_time_ns": 362.0,
      "p75_time_ns": 19667.0,
      "min_time_ns": 19055.0,
      "mean_time_ns": 20127.5994,
      "max_time_ns": 197138.0,
      "p99_time_ns": 27922.0,
      "samples": 10000,
      "p95_time_ns": 22371.0
    },
    "basics/make_zero/struct": {
      "cv": 0.5664156181896597,
      "p25_time_ns": 190.0,
      "std_time_ns": 118.95486978911227,
      "median_time_ns": 190.0,
      "allocs": 7,
      "gc_time_ns": 0.0,
      "memory_bytes": 496,
      "iqr_time_ns": 10.0,
      "p75_time_ns": 200.0,
      "min_time_ns": 170.0,
      "mean_time_ns": 210.0134,
      "max_time_ns": 9057.0,
      "p99_time_ns": 431.0,
      "samples": 10000,
      "p95_time_ns": 301.0
    },
    "autodiff/forward/simple": {
      "cv": 1.0538390011838137,
      "p25_time_ns": 200.0,
      "std_time_ns": 1437.3087777116784,
      "median_time_ns": 1753.0,
      "allocs": 4,
      "gc_time_ns": 0.0,
      "memory_bytes": 2720,
      "iqr_time_ns": 1624.0,
      "p75_time_ns": 1824.0,
      "min_time_ns": 180.0,
      "mean_time_ns": 1363.8789,
      "max_time_ns": 89026.0,
      "p99_time_ns": 4889.0,
      "samples": 10000,
      "p95_time_ns": 2054.0
    },
    "autodiff/reverse/simple": {
      "cv": 0.39961724690613076,
      "p25_time_ns": 1743.0,
      "std_time_ns": 1198.8732800880005,
      "median_time_ns": 3417.0,
      "allocs": 4,
      "gc_time_ns": 0.0,
      "memory_bytes": 2720,
      "iqr_time_ns": 1754.0,
      "p75_time_ns": 3497.0,
      "min_time_ns": 1603.0,
      "mean_time_ns": 3000.0539,
      "max_time_ns": 22723.0,
      "p99_time_ns": 6643.0,
      "samples": 10000,
      "p95_time_ns": 3777.0
    }
  }
}