{
  "metadata": {
    "run_number": 53,
    "julia_version": "1.11.8",
    "commit_hash": "f7d8358aaa856ab0fb62cd8798bd754ab62b6fc4",
    "git_dirty": false,
    "hostname": "runnervmkj6or",
    "git_branch": "main",
    "timestamp": "2026-02-04T13:57:50.741",
    "group": "enzyme",
    "system": {
      "julia_threads": 1,
      "arch": "x86_64",
      "word_size": 64,
      "os": "Linux",
      "cpu_threads": 4
    }
  },
  "benchmarks": {
    "basics/make_zero/array": {
      "cv": 0.7829950026121468,
      "p25_time_ns": 50.0,
      "std_time_ns": 55.36385404569916,
      "median_time_ns": 60.0,
      "allocs": 2,
      "gc_time_ns": 0.0,
      "memory_bytes": 928,
      "iqr_time_ns": 10.0,
      "p75_time_ns": 60.0,
      "min_time_ns": 49.0,
      "mean_time_ns": 70.7078,
      "max_time_ns": 1092.0,
      "p99_time_ns": 330.0,
      "samples": 10000,
      "p95_time_ns": 191.0
    },
    "basics/make_zero/namedtuple": {
      "cv": 2.6787234911170885,
      "p25_time_ns": 30.0,
      "std_time_ns": 80.73779751166549,
      "median_time_ns": 30.0,
      "allocs": 0,
      "gc_time_ns": 0.0,
      "memory_bytes": 0,
      "iqr_time_ns": 0.0,
      "p75_time_ns": 30.0,
      "min_time_ns": 20.0,
      "mean_time_ns": 30.1404,
      "max_time_ns": 8095.0,
      "p99_time_ns": 31.0,
      "samples": 10000,
      "p95_time_ns": 31.0
    },
    "autodiff/reverse/complex": {
      "cv": 0.13110121466619015,
      "p25_time_ns": 28173.0,
      "std_time_ns": 3980.0884430573356,
      "median_time_ns": 30818.0,
      "allocs": 3,
      "gc_time_ns": 0.0,
      "memory_bytes": 8072,
      "iqr_time_ns": 2815.0,
      "p75_time_ns": 30988.0,
      "min_time_ns": 27631.0,
      "mean_time_ns": 30358.8983,
      "max_time_ns": 258491.0,
      "p99_time_ns": 39814.0,
      "samples": 10000,
      "p95_time_ns": 34053.0
    },
    "autodiff/forward/complex": {
      "cv": 0.10749904551085698,
      "p25_time_ns": 18985.0,
      "std_time_ns": 2121.4257990093315,
      "median_time_ns": 19095.0,
      "allocs": 3,
      "gc_time_ns": 0.0,
      "memory_bytes": 8072,
      "iqr_time_ns": 341.0,
      "p75_time_ns": 19326.0,
      "min_time_ns": 18735.0,
      "mean_time_ns": 19734.3687,
      "max_time_ns": 135553.0,
      "p99_time_ns": 27591.0,
      "samples": 10000,
      "p95_time_ns": 22041.0
    },
    "basics/make_zero/struct": {
      "cv": 1.1503187226503966,
      "p25_time_ns": 190.0,
      "std_time_ns": 249.60110281119046,
      "median_time_ns": 191.0,
      "allocs": 7,
      "gc_time_ns": 0.0,
      "memory_bytes": 496,
      "iqr_time_ns": 11.0,
      "p75_time_ns": 201.0,
      "min_time_ns": 180.0,
      "mean_time_ns": 216.9843,
      "max_time_ns": 17061.0,
      "p99_time_ns": 441.0,
      "samples": 10000,
      "p95_time_ns": 301.0
    },
    "autodiff/forward/simple": {
      "cv": 0.7382900659403692,
      "p25_time_ns": 210.0,
      "std_time_ns": 1024.3188462610265,
      "median_time_ns": 1793.0,
      "allocs": 4,
      "gc_time_ns": 0.0,
      "memory_bytes": 2720,
      "iqr_time_ns": 1663.0,
      "p75_time_ns": 1873.0,
      "min_time_ns": 190.0,
      "mean_time_ns": 1387.4206,
      "max_time_ns": 13666.0,
      "p99_time_ns": 4919.0,
      "samples": 10000,
      "p95_time_ns": 2134.0
    },
    "autodiff/reverse/simple": {
      "cv": 0.4049330279824367,
      "p25_time_ns": 1663.0,
      "std_time_ns": 1173.9312180981826,
      "median_time_ns": 3316.0,
      "allocs": 4,
      "gc_time_ns": 0.0,
      "memory_bytes": 2720,
      "iqr_time_ns": 1744.0,
      "p75_time_ns": 3407.0,
      "min_time_ns": 1503.0,
      "mean_time_ns": 2899.075,
      "max_time_ns": 22111.0,
      "p99_time_ns": 6502.0,
      "samples": 10000,
      "p95_time_ns": 3656.0
    }
  }
}