{
  "metadata": {
    "run_number": 62,
    "julia_version": "1.11.9",
    "commit_hash": "9d1b26a8ba6b00ee327b2be37ea99d88e62c6048",
    "git_dirty": false,
    "hostname": "runnervm0kj6c",
    "git_branch": "main",
    "timestamp": "2026-03-07T03:00:01.944",
    "group": "enzyme",
    "system": {
      "julia_threads": 1,
      "arch": "x86_64",
      "word_size": 64,
      "os": "Linux",
      "cpu_threads": 4
    }
  },
  "benchmarks": {
    "basics/make_zero/array": {
      "cv": 0.7799863565219802,
      "p25_time_ns": 50.0,
      "std_time_ns": 56.86864925674628,
      "median_time_ns": 60.0,
      "allocs": 2,
      "gc_time_ns": 0.0,
      "memory_bytes": 928,
      "iqr_time_ns": 10.0,
      "p75_time_ns": 60.0,
      "min_time_ns": 49.0,
      "mean_time_ns": 72.9098,
      "max_time_ns": 892.0,
      "p99_time_ns": 331.0,
      "samples": 10000,
      "p95_time_ns": 201.0
    },
    "basics/make_zero/namedtuple": {
      "cv": 0.12835994282023452,
      "p25_time_ns": 30.0,
      "std_time_ns": 3.7622170880667913,
      "median_time_ns": 30.0,
      "allocs": 0,
      "gc_time_ns": 0.0,
      "memory_bytes": 0,
      "iqr_time_ns": 0.0,
      "p75_time_ns": 30.0,
      "min_time_ns": 20.0,
      "mean_time_ns": 29.3099,
      "max_time_ns": 261.0,
      "p99_time_ns": 31.0,
      "samples": 10000,
      "p95_time_ns": 31.0
    },
    "autodiff/reverse/complex": {
      "cv": 0.147133568679768,
      "p25_time_ns": 28213.0,
      "std_time_ns": 4445.258921908396,
      "median_time_ns": 28814.0,
      "allocs": 3,
      "gc_time_ns": 0.0,
      "memory_bytes": 8072,
      "iqr_time_ns": 3216.0,
      "p75_time_ns": 31429.0,
      "min_time_ns": 27902.0,
      "mean_time_ns": 30212.4047,
      "max_time_ns": 389878.0,
      "p99_time_ns": 40196.0,
      "samples": 10000,
      "p95_time_ns": 34474.0
    },
    "autodiff/forward/complex": {
      "cv": 0.14220753442202003,
      "p25_time_ns": 19436.0,
      "std_time_ns": 2902.9460095868417,
      "median_time_ns": 19556.0,
      "allocs": 3,
      "gc_time_ns": 0.0,
      "memory_bytes": 8072,
      "iqr_time_ns": 411.0,
      "p75_time_ns": 19847.0,
      "min_time_ns": 19176.0,
      "mean_time_ns": 20413.4473,
      "max_time_ns": 216795.0,
      "p99_time_ns": 29445.0,
      "samples": 10000,
      "p95_time_ns": 23143.0
    },
    "basics/make_zero/struct": {
      "cv": 0.6061253174089792,
      "p25_time_ns": 190.0,
      "std_time_ns": 128.5276006934075,
      "median_time_ns": 191.0,
      "allocs": 7,
      "gc_time_ns": 0.0,
      "memory_bytes": 496,
      "iqr_time_ns": 11.0,
      "p75_time_ns": 201.0,
      "min_time_ns": 180.0,
      "mean_time_ns": 212.0479,
      "max_time_ns": 10780.0,
      "p99_time_ns": 431.0,
      "samples": 10000,
      "p95_time_ns": 301.0
    },
    "autodiff/forward/simple": {
      "cv": 0.7589815241016711,
      "p25_time_ns": 220.0,
      "std_time_ns": 1191.0121749732257,
      "median_time_ns": 2084.0,
      "allocs": 4,
      "gc_time_ns": 0.0,
      "memory_bytes": 2720,
      "iqr_time_ns": 1914.0,
      "p75_time_ns": 2134.0,
      "min_time_ns": 200.0,
      "mean_time_ns": 1569.2242,
      "max_time_ns": 26609.0,
      "p99_time_ns": 5159.0,
      "samples": 10000,
      "p95_time_ns": 2335.0
    },
    "autodiff/reverse/simple": {
      "cv": 0.40222265164537,
      "p25_time_ns": 1803.0,
      "std_time_ns": 1302.677536549496,
      "median_time_ns": 3727.0,
      "allocs": 4,
      "gc_time_ns": 0.0,
      "memory_bytes": 2720,
      "iqr_time_ns": 2054.0,
      "p75_time_ns": 3857.0,
      "min_time_ns": 1653.0,
      "mean_time_ns": 3238.6976,
      "max_time_ns": 22331.0,
      "p99_time_ns": 6943.0,
      "samples": 10000,
      "p95_time_ns": 4108.0
    }
  }
}