{
  "metadata": {
    "run_number": 55,
    "julia_version": "1.11.8",
    "commit_hash": "9ed7154b276b6f1fbb0cc5fd7bc294332d83ef3d",
    "git_dirty": false,
    "hostname": "runnervmkj6or",
    "git_branch": "main",
    "timestamp": "2026-02-04T19:16:24.146",
    "group": "enzyme",
    "system": {
      "julia_threads": 1,
      "arch": "x86_64",
      "word_size": 64,
      "os": "Linux",
      "cpu_threads": 4
    }
  },
  "benchmarks": {
    "basics/make_zero/array": {
      "cv": 1.4684461527195274,
      "p25_time_ns": 50.0,
      "std_time_ns": 105.41226022835599,
      "median_time_ns": 60.0,
      "allocs": 2,
      "gc_time_ns": 0.0,
      "memory_bytes": 928,
      "iqr_time_ns": 10.0,
      "p75_time_ns": 60.0,
      "min_time_ns": 49.0,
      "mean_time_ns": 71.7849,
      "max_time_ns": 8917.0,
      "p99_time_ns": 331.0,
      "samples": 10000,
      "p95_time_ns": 200.0
    },
    "basics/make_zero/namedtuple": {
      "cv": 0.10875247921387428,
      "p25_time_ns": 30.0,
      "std_time_ns": 3.188459561831973,
      "median_time_ns": 30.0,
      "allocs": 0,
      "gc_time_ns": 0.0,
      "memory_bytes": 0,
      "iqr_time_ns": 0.0,
      "p75_time_ns": 30.0,
      "min_time_ns": 20.0,
      "mean_time_ns": 29.3185,
      "max_time_ns": 190.0,
      "p99_time_ns": 31.0,
      "samples": 10000,
      "p95_time_ns": 31.0
    },
    "autodiff/reverse/complex": {
      "cv": 0.16478315079616487,
      "p25_time_ns": 29706.0,
      "std_time_ns": 5229.522035592009,
      "median_time_ns": 32190.0,
      "allocs": 3,
      "gc_time_ns": 0.0,
      "memory_bytes": 8072,
      "iqr_time_ns": 2675.0,
      "p75_time_ns": 32381.0,
      "min_time_ns": 29014.0,
      "mean_time_ns": 31735.7813,
      "max_time_ns": 452404.0,
      "p99_time_ns": 41197.0,
      "samples": 10000,
      "p95_time_ns": 35426.0
    },
    "autodiff/forward/complex": {
      "cv": 0.12495205967847207,
      "p25_time_ns": 20178.0,
      "std_time_ns": 2624.8489374477977,
      "median_time_ns": 20298.0,
      "allocs": 3,
      "gc_time_ns": 0.0,
      "memory_bytes": 8072,
      "iqr_time_ns": 411.0,
      "p75_time_ns": 20589.0,
      "min_time_ns": 19897.0,
      "mean_time_ns": 21006.8481,
      "max_time_ns": 204732.0,
      "p99_time_ns": 28564.0,
      "samples": 10000,
      "p95_time_ns": 23243.0
    },
    "basics/make_zero/struct": {
      "cv": 0.7219577228280288,
      "p25_time_ns": 181.0,
      "std_time_ns": 158.13198833801337,
      "median_time_ns": 190.0,
      "allocs": 7,
      "gc_time_ns": 0.0,
      "memory_bytes": 496,
      "iqr_time_ns": 19.0,
      "p75_time_ns": 200.0,
      "min_time_ns": 170.0,
      "mean_time_ns": 219.0322,
      "max_time_ns": 10380.0,
      "p99_time_ns": 521.0,
      "samples": 10000,
      "p95_time_ns": 381.0
    },
    "autodiff/forward/simple": {
      "cv": 0.7466569477518936,
      "p25_time_ns": 201.0,
      "std_time_ns": 1033.6230471033384,
      "median_time_ns": 1793.0,
      "allocs": 4,
      "gc_time_ns": 0.0,
      "memory_bytes": 2720,
      "iqr_time_ns": 1673.0,
      "p75_time_ns": 1874.0,
      "min_time_ns": 180.0,
      "mean_time_ns": 1384.3346,
      "max_time_ns": 14066.0,
      "p99_time_ns": 4930.0,
      "samples": 10000,
      "p95_time_ns": 2114.0
    },
    "autodiff/reverse/simple": {
      "cv": 0.39809151998287257,
      "p25_time_ns": 1763.0,
      "std_time_ns": 1199.843183557594,
      "median_time_ns": 3426.0,
      "allocs": 4,
      "gc_time_ns": 0.0,
      "memory_bytes": 2720,
      "iqr_time_ns": 1743.0,
      "p75_time_ns": 3506.0,
      "min_time_ns": 1593.0,
      "mean_time_ns": 3013.9883,
      "max_time_ns": 20669.0,
      "p99_time_ns": 6613.0,
      "samples": 10000,
      "p95_time_ns": 3777.0
    }
  }
}