{
  "metadata": {
    "run_number": 47,
    "julia_version": "1.11.8",
    "commit_hash": "cf2c78b6d01d4cbbf84894c999d4527e48827c9f",
    "git_dirty": true,
    "hostname": "runnervmkj6or",
    "git_branch": "main",
    "timestamp": "2026-01-30T03:11:38.042",
    "group": "enzyme",
    "system": {
      "julia_threads": 1,
      "arch": "x86_64",
      "word_size": 64,
      "os": "Linux",
      "cpu_threads": 4
    }
  },
  "benchmarks": {
    "basics/make_zero/array": {
      "cv": 0.73379674609992,
      "p25_time_ns": 60.0,
      "std_time_ns": 55.98847158840006,
      "median_time_ns": 60.0,
      "allocs": 2,
      "gc_time_ns": 0.0,
      "memory_bytes": 928,
      "iqr_time_ns": 1.0,
      "p75_time_ns": 61.0,
      "min_time_ns": 49.0,
      "mean_time_ns": 76.2997,
      "max_time_ns": 1213.0,
      "p99_time_ns": 330.0,
      "samples": 10000,
      "p95_time_ns": 210.0
    },
    "basics/make_zero/namedtuple": {
      "cv": 4.060350621720537,
      "p25_time_ns": 30.0,
      "std_time_ns": 124.18988411594434,
      "median_time_ns": 30.0,
      "allocs": 0,
      "gc_time_ns": 0.0,
      "memory_bytes": 0,
      "iqr_time_ns": 0.0,
      "p75_time_ns": 30.0,
      "min_time_ns": 20.0,
      "mean_time_ns": 30.586,
      "max_time_ns": 12443.0,
      "p99_time_ns": 31.0,
      "samples": 10000,
      "p95_time_ns": 31.0
    },
    "autodiff/reverse/complex": {
      "cv": 0.4749533142826466,
      "p25_time_ns": 28734.0,
      "std_time_ns": 16006.04238995255,
      "median_time_ns": 31289.0,
      "allocs": 3,
      "gc_time_ns": 0.0,
      "memory_bytes": 8072,
      "iqr_time_ns": 2765.0,
      "p75_time_ns": 31499.0,
      "min_time_ns": 28343.0,
      "mean_time_ns": 33700.2436,
      "max_time_ns": 422592.0,
      "p99_time_ns": 118352.0,
      "samples": 10000,
      "p95_time_ns": 42119.0
    },
    "autodiff/forward/complex": {
      "cv": 0.127399119808625,
      "p25_time_ns": 19216.0,
      "std_time_ns": 2551.835416932256,
      "median_time_ns": 19346.0,
      "allocs": 3,
      "gc_time_ns": 0.0,
      "memory_bytes": 8072,
      "iqr_time_ns": 380.0,
      "p75_time_ns": 19596.0,
      "min_time_ns": 18966.0,
      "mean_time_ns": 20030.2437,
      "max_time_ns": 194033.0,
      "p99_time_ns": 28203.0,
      "samples": 10000,
      "p95_time_ns": 22321.0
    },
    "basics/make_zero/struct": {
      "cv": 0.5989859099920655,
      "p25_time_ns": 190.0,
      "std_time_ns": 131.30789423073062,
      "median_time_ns": 200.0,
      "allocs": 7,
      "gc_time_ns": 0.0,
      "memory_bytes": 496,
      "iqr_time_ns": 11.0,
      "p75_time_ns": 201.0,
      "min_time_ns": 180.0,
      "mean_time_ns": 219.217,
      "max_time_ns": 10029.0,
      "p99_time_ns": 480.0,
      "samples": 10000,
      "p95_time_ns": 361.0
    },
    "autodiff/forward/simple": {
      "cv": 0.7420209251136288,
      "p25_time_ns": 211.0,
      "std_time_ns": 1023.1264999376408,
      "median_time_ns": 1793.0,
      "allocs": 4,
      "gc_time_ns": 0.0,
      "memory_bytes": 2720,
      "iqr_time_ns": 1643.0,
      "p75_time_ns": 1854.0,
      "min_time_ns": 190.0,
      "mean_time_ns": 1378.8378,
      "max_time_ns": 19186.0,
      "p99_time_ns": 4889.0,
      "samples": 10000,
      "p95_time_ns": 2134.0
    },
    "autodiff/reverse/simple": {
      "cv": 0.42346614866404825,
      "p25_time_ns": 1733.0,
      "std_time_ns": 1261.865052590571,
      "median_time_ns": 3387.0,
      "allocs": 4,
      "gc_time_ns": 0.0,
      "memory_bytes": 2720,
      "iqr_time_ns": 1754.0,
      "p75_time_ns": 3487.0,
      "min_time_ns": 1583.0,
      "mean_time_ns": 2979.8487,
      "max_time_ns": 34304.0,
      "p99_time_ns": 6602.0,
      "samples": 10000,
      "p95_time_ns": 3737.0
    }
  }
}