{
  "metadata": {
    "run_number": 60,
    "julia_version": "1.11.9",
    "commit_hash": "9ed7154b276b6f1fbb0cc5fd7bc294332d83ef3d",
    "git_dirty": false,
    "hostname": "runnervmwffz4",
    "git_branch": "main",
    "timestamp": "2026-02-09T03:29:43.950",
    "group": "enzyme",
    "system": {
      "julia_threads": 1,
      "arch": "x86_64",
      "word_size": 64,
      "os": "Linux",
      "cpu_threads": 4
    }
  },
  "benchmarks": {
    "basics/make_zero/array": {
      "cv": 1.4219756301679896,
      "p25_time_ns": 48.0,
      "std_time_ns": 96.91574445704045,
      "median_time_ns": 50.0,
      "allocs": 2,
      "gc_time_ns": 0.0,
      "memory_bytes": 928,
      "iqr_time_ns": 11.0,
      "p75_time_ns": 59.0,
      "min_time_ns": 44.0,
      "mean_time_ns": 68.1557,
      "max_time_ns": 7386.0,
      "p99_time_ns": 363.0,
      "samples": 10000,
      "p95_time_ns": 218.0
    },
    "basics/make_zero/namedtuple": {
      "cv": 2.577819607691604,
      "p25_time_ns": 18.0,
      "std_time_ns": 49.247181349261936,
      "median_time_ns": 18.0,
      "allocs": 0,
      "gc_time_ns": 0.0,
      "memory_bytes": 0,
      "iqr_time_ns": 1.0,
      "p75_time_ns": 19.0,
      "min_time_ns": 17.0,
      "mean_time_ns": 19.1042,
      "max_time_ns": 4937.0,
      "p99_time_ns": 20.0,
      "samples": 10000,
      "p95_time_ns": 20.0
    },
    "autodiff/reverse/complex": {
      "cv": 0.13953047115562597,
      "p25_time_ns": 29836.0,
      "std_time_ns": 4320.020498288702,
      "median_time_ns": 30274.5,
      "allocs": 3,
      "gc_time_ns": 0.0,
      "memory_bytes": 8072,
      "iqr_time_ns": 1966.0,
      "p75_time_ns": 31802.0,
      "min_time_ns": 28632.0,
      "mean_time_ns": 30961.126,
      "max_time_ns": 391734.0,
      "p99_time_ns": 37578.0,
      "samples": 10000,
      "p95_time_ns": 33729.0
    },
    "autodiff/forward/complex": {
      "cv": 0.1026088896248535,
      "p25_time_ns": 18608.0,
      "std_time_ns": 1961.0091373684943,
      "median_time_ns": 18852.5,
      "allocs": 3,
      "gc_time_ns": 0.0,
      "memory_bytes": 8072,
      "iqr_time_ns": 560.0,
      "p75_time_ns": 19168.0,
      "min_time_ns": 17834.0,
      "mean_time_ns": 19111.4936,
      "max_time_ns": 181705.0,
      "p99_time_ns": 24156.0,
      "samples": 10000,
      "p95_time_ns": 20779.0
    },
    "basics/make_zero/struct": {
      "cv": 0.5632568370679404,
      "p25_time_ns": 176.0,
      "std_time_ns": 126.43426221664058,
      "median_time_ns": 181.0,
      "allocs": 7,
      "gc_time_ns": 0.0,
      "memory_bytes": 496,
      "iqr_time_ns": 58.0,
      "p75_time_ns": 234.0,
      "min_time_ns": 167.0,
      "mean_time_ns": 224.47,
      "max_time_ns": 6337.0,
      "p99_time_ns": 556.0,
      "samples": 10000,
      "p95_time_ns": 393.0
    },
    "autodiff/forward/simple": {
      "cv": 1.4557270190523472,
      "p25_time_ns": 190.0,
      "std_time_ns": 1623.498538989217,
      "median_time_ns": 1337.0,
      "allocs": 4,
      "gc_time_ns": 0.0,
      "memory_bytes": 2720,
      "iqr_time_ns": 1285.0,
      "p75_time_ns": 1475.0,
      "min_time_ns": 167.0,
      "mean_time_ns": 1115.2493,
      "max_time_ns": 102328.0,
      "p99_time_ns": 3490.0,
      "samples": 10000,
      "p95_time_ns": 1858.0
    },
    "autodiff/reverse/simple": {
      "cv": 0.5775038791345745,
      "p25_time_ns": 522.0,
      "std_time_ns": 826.773784248232,
      "median_time_ns": 1694.0,
      "allocs": 4,
      "gc_time_ns": 0.0,
      "memory_bytes": 2720,
      "iqr_time_ns": 1299.0,
      "p75_time_ns": 1821.0,
      "min_time_ns": 494.0,
      "mean_time_ns": 1431.6333,
      "max_time_ns": 25852.0,
      "p99_time_ns": 3795.0,
      "samples": 10000,
      "p95_time_ns": 2191.0
    }
  }
}