{
  "metadata": {
    "run_number": 45,
    "julia_version": "1.11.8",
    "commit_hash": "f33f156fbe22fabd73e022460df09b0ea1c84efe",
    "git_dirty": true,
    "hostname": "runnervmymu0l",
    "git_branch": "main",
    "timestamp": "2026-01-28T13:48:36.354",
    "group": "enzyme",
    "system": {
      "julia_threads": 1,
      "arch": "x86_64",
      "word_size": 64,
      "os": "Linux",
      "cpu_threads": 4
    }
  },
  "benchmarks": {
    "basics/make_zero/array": {
      "cv": 0.8021424202974575,
      "p25_time_ns": 50.0,
      "std_time_ns": 57.47238141492441,
      "median_time_ns": 60.0,
      "allocs": 2,
      "gc_time_ns": 0.0,
      "memory_bytes": 928,
      "iqr_time_ns": 10.0,
      "p75_time_ns": 60.0,
      "min_time_ns": 40.0,
      "mean_time_ns": 71.6486,
      "max_time_ns": 1012.0,
      "p99_time_ns": 330.0,
      "samples": 10000,
      "p95_time_ns": 201.0
    },
    "basics/make_zero/namedtuple": {
      "cv": 0.11634624810654527,
      "p25_time_ns": 30.0,
      "std_time_ns": 3.415611709538281,
      "median_time_ns": 30.0,
      "allocs": 0,
      "gc_time_ns": 0.0,
      "memory_bytes": 0,
      "iqr_time_ns": 0.0,
      "p75_time_ns": 30.0,
      "min_time_ns": 20.0,
      "mean_time_ns": 29.3573,
      "max_time_ns": 241.0,
      "p99_time_ns": 31.0,
      "samples": 10000,
      "p95_time_ns": 31.0
    },
    "autodiff/reverse/complex": {
      "cv": 0.14800875217943565,
      "p25_time_ns": 28583.0,
      "std_time_ns": 4541.644120363418,
      "median_time_ns": 31168.5,
      "allocs": 3,
      "gc_time_ns": 0.0,
      "memory_bytes": 8072,
      "iqr_time_ns": 2785.0,
      "p75_time_ns": 31368.0,
      "min_time_ns": 27992.0,
      "mean_time_ns": 30684.97,
      "max_time_ns": 356795.0,
      "p99_time_ns": 39624.0,
      "samples": 10000,
      "p95_time_ns": 34424.0
    },
    "autodiff/forward/complex": {
      "cv": 0.11897722887423416,
      "p25_time_ns": 19186.0,
      "std_time_ns": 2368.919494525913,
      "median_time_ns": 19286.0,
      "allocs": 3,
      "gc_time_ns": 0.0,
      "memory_bytes": 8072,
      "iqr_time_ns": 320.0,
      "p75_time_ns": 19506.0,
      "min_time_ns": 18945.0,
      "mean_time_ns": 19910.6965,
      "max_time_ns": 183180.0,
      "p99_time_ns": 27541.0,
      "samples": 10000,
      "p95_time_ns": 22221.0
    },
    "basics/make_zero/struct": {
      "cv": 0.3152351782296249,
      "p25_time_ns": 190.0,
      "std_time_ns": 66.54166978474295,
      "median_time_ns": 191.0,
      "allocs": 7,
      "gc_time_ns": 0.0,
      "memory_bytes": 496,
      "iqr_time_ns": 11.0,
      "p75_time_ns": 201.0,
      "min_time_ns": 170.0,
      "mean_time_ns": 211.0858,
      "max_time_ns": 3016.0,
      "p99_time_ns": 431.0,
      "samples": 10000,
      "p95_time_ns": 311.0
    },
    "autodiff/forward/simple": {
      "cv": 0.762357736194718,
      "p25_time_ns": 210.0,
      "std_time_ns": 1046.0326507840186,
      "median_time_ns": 1783.0,
      "allocs": 4,
      "gc_time_ns": 0.0,
      "memory_bytes": 2720,
      "iqr_time_ns": 1634.0,
      "p75_time_ns": 1844.0,
      "min_time_ns": 190.0,
      "mean_time_ns": 1372.1021,
      "max_time_ns": 23494.0,
      "p99_time_ns": 4920.0,
      "samples": 10000,
      "p95_time_ns": 2044.0
    },
    "autodiff/reverse/simple": {
      "cv": 0.38295648978255115,
      "p25_time_ns": 1753.0,
      "std_time_ns": 1140.6435639471242,
      "median_time_ns": 3406.0,
      "allocs": 4,
      "gc_time_ns": 0.0,
      "memory_bytes": 2720,
      "iqr_time_ns": 1733.0,
      "p75_time_ns": 3486.0,
      "min_time_ns": 1603.0,
      "mean_time_ns": 2978.52,
      "max_time_ns": 21099.0,
      "p99_time_ns": 6603.0,
      "samples": 10000,
      "p95_time_ns": 3697.0
    }
  }
}