{
  "metadata": {
    "run_number": 48,
    "julia_version": "1.11.8",
    "commit_hash": "cf2c78b6d01d4cbbf84894c999d4527e48827c9f",
    "git_dirty": true,
    "hostname": "runnervmkj6or",
    "git_branch": "main",
    "timestamp": "2026-01-31T03:08:32.209",
    "group": "enzyme",
    "system": {
      "julia_threads": 1,
      "arch": "x86_64",
      "word_size": 64,
      "os": "Linux",
      "cpu_threads": 4
    }
  },
  "benchmarks": {
    "basics/make_zero/array": {
      "cv": 0.6656960622106288,
      "p25_time_ns": 60.0,
      "std_time_ns": 51.92442599164149,
      "median_time_ns": 61.0,
      "allocs": 2,
      "gc_time_ns": 0.0,
      "memory_bytes": 928,
      "iqr_time_ns": 10.0,
      "p75_time_ns": 70.0,
      "min_time_ns": 49.0,
      "mean_time_ns": 78.0002,
      "max_time_ns": 922.0,
      "p99_time_ns": 330.0,
      "samples": 10000,
      "p95_time_ns": 220.0
    },
    "basics/make_zero/namedtuple": {
      "cv": 0.12666097796779743,
      "p25_time_ns": 30.0,
      "std_time_ns": 3.710508017371032,
      "median_time_ns": 30.0,
      "allocs": 0,
      "gc_time_ns": 0.0,
      "memory_bytes": 0,
      "iqr_time_ns": 0.0,
      "p75_time_ns": 30.0,
      "min_time_ns": 20.0,
      "mean_time_ns": 29.2948,
      "max_time_ns": 270.0,
      "p99_time_ns": 31.0,
      "samples": 10000,
      "p95_time_ns": 31.0
    },
    "autodiff/reverse/complex": {
      "cv": 0.13036915888470438,
      "p25_time_ns": 28023.0,
      "std_time_ns": 3932.9060078174034,
      "median_time_ns": 30627.0,
      "allocs": 3,
      "gc_time_ns": 0.0,
      "memory_bytes": 8072,
      "iqr_time_ns": 2755.0,
      "p75_time_ns": 30778.0,
      "min_time_ns": 27472.0,
      "mean_time_ns": 30167.4571,
      "max_time_ns": 262160.0,
      "p99_time_ns": 39855.0,
      "samples": 10000,
      "p95_time_ns": 33854.0
    },
    "autodiff/forward/complex": {
      "cv": 0.12314482764630062,
      "p25_time_ns": 19145.0,
      "std_time_ns": 2456.652851560207,
      "median_time_ns": 19236.0,
      "allocs": 3,
      "gc_time_ns": 0.0,
      "memory_bytes": 8072,
      "iqr_time_ns": 291.0,
      "p75_time_ns": 19436.0,
      "min_time_ns": 18905.0,
      "mean_time_ns": 19949.2979,
      "max_time_ns": 121928.0,
      "p99_time_ns": 29555.0,
      "samples": 10000,
      "p95_time_ns": 22332.0
    },
    "basics/make_zero/struct": {
      "cv": 0.5011870347025644,
      "p25_time_ns": 190.0,
      "std_time_ns": 105.31778955518236,
      "median_time_ns": 191.0,
      "allocs": 7,
      "gc_time_ns": 0.0,
      "memory_bytes": 496,
      "iqr_time_ns": 10.0,
      "p75_time_ns": 200.0,
      "min_time_ns": 180.0,
      "mean_time_ns": 210.1367,
      "max_time_ns": 8876.0,
      "p99_time_ns": 411.0,
      "samples": 10000,
      "p95_time_ns": 291.0
    },
    "autodiff/forward/simple": {
      "cv": 1.269107183736425,
      "p25_time_ns": 211.0,
      "std_time_ns": 1771.3725962720669,
      "median_time_ns": 1764.0,
      "allocs": 4,
      "gc_time_ns": 0.0,
      "memory_bytes": 2720,
      "iqr_time_ns": 1622.0,
      "p75_time_ns": 1833.0,
      "min_time_ns": 190.0,
      "mean_time_ns": 1395.7628,
      "max_time_ns": 103975.0,
      "p99_time_ns": 4889.0,
      "samples": 10000,
      "p95_time_ns": 2093.0
    },
    "autodiff/reverse/simple": {
      "cv": 0.40052581226319,
      "p25_time_ns": 1663.0,
      "std_time_ns": 1150.832098058423,
      "median_time_ns": 3286.0,
      "allocs": 4,
      "gc_time_ns": 0.0,
      "memory_bytes": 2720,
      "iqr_time_ns": 1694.0,
      "p75_time_ns": 3357.0,
      "min_time_ns": 1523.0,
      "mean_time_ns": 2873.3032,
      "max_time_ns": 24286.0,
      "p99_time_ns": 6472.0,
      "samples": 10000,
      "p95_time_ns": 3607.0
    }
  }
}