{
  "metadata": {
    "run_number": 6,
    "julia_version": "1.11.9",
    "commit_hash": "90b2c7dc6438cbd66b6eff029a42700de93af5d0",
    "git_dirty": true,
    "hostname": "runnervmjduv7",
    "git_branch": "main",
    "timestamp": "2026-02-16T03:19:09.735",
    "group": "trixi",
    "system": {
      "julia_threads": 1,
      "arch": "x86_64",
      "word_size": 64,
      "os": "Linux",
      "cpu_threads": 4
    }
  },
  "benchmarks": {
    "tree_2d_dgsem/elixir_euler_ec.jl/p7_analysis": {
      "cv": 0.0034621658179945086,
      "p25_time_ns": 1.0855034e7,
      "std_time_ns": 37642.834111666896,
      "median_time_ns": 1.0860293e7,
      "allocs": 0,
      "gc_time_ns": 0.0,
      "memory_bytes": 0,
      "iqr_time_ns": 17783.0,
      "p75_time_ns": 1.0872817e7,
      "min_time_ns": 1.0833152e7,
      "mean_time_ns": 1.0872626006535947e7,
      "max_time_ns": 1.1238282e7,
      "p99_time_ns": 1.1043506e7,
      "samples": 459,
      "p95_time_ns": 1.0940944e7
    },
    "tree_1d_dgsem/elixir_mhd_ec.jl/p3_analysis": {
      "cv": 0.1623687515519135,
      "p25_time_ns": 3186.0,
      "std_time_ns": 524.2268200299122,
      "median_time_ns": 3196.0,
      "allocs": 0,
      "gc_time_ns": 0.0,
      "memory_bytes": 0,
      "iqr_time_ns": 20.0,
      "p75_time_ns": 3206.0,
      "min_time_ns": 3156.0,
      "mean_time_ns": 3228.6189,
      "max_time_ns": 22071.0,
      "p99_time_ns": 3277.0,
      "samples": 10000,
      "p95_time_ns": 3246.0
    },
    "tree_2d_dgsem/elixir_euler_ec.jl/p3_rhs!": {
      "cv": 0.009860645321735645,
      "p25_time_ns": 1.385143e6,
      "std_time_ns": 13723.946194334889,
      "median_time_ns": 1.388679e6,
      "allocs": 0,
      "gc_time_ns": 0.0,
      "memory_bytes": 0,
      "iqr_time_ns": 9368.0,
      "p75_time_ns": 1.394511e6,
      "min_time_ns": 1.381657e6,
      "mean_time_ns": 1.3917898622804573e6,
      "max_time_ns": 1.76276e6,
      "p99_time_ns": 1.449194e6,
      "samples": 3587,
      "p95_time_ns": 1.405291e6
    },
    "tree_1d_dgsem/elixir_mhd_ec.jl/p3_rhs!": {
      "cv": 0.1283318915966754,
      "p25_time_ns": 5361.0,
      "std_time_ns": 698.1242839661332,
      "median_time_ns": 5370.0,
      "allocs": 0,
      "gc_time_ns": 0.0,
      "memory_bytes": 0,
      "iqr_time_ns": 19.0,
      "p75_time_ns": 5380.0,
      "min_time_ns": 5330.0,
      "mean_time_ns": 5439.9906,
      "max_time_ns": 25858.0,
      "p99_time_ns": 7484.0,
      "samples": 10000,
      "p95_time_ns": 5440.0
    },
    "tree_2d_dgsem/elixir_advection_amr_nonperiodic.jl/p3_analysis": {
      "cv": 0.0103225318258729,
      "p25_time_ns": 837217.0,
      "std_time_ns": 8654.883403789718,
      "median_time_ns": 838080.0,
      "allocs": 0,
      "gc_time_ns": 0.0,
      "memory_bytes": 0,
      "iqr_time_ns": 1854.0,
      "p75_time_ns": 839071.0,
      "min_time_ns": 827669.0,
      "mean_time_ns": 838445.7950613137,
      "max_time_ns": 1.067528e6,
      "p99_time_ns": 867374.0,
      "samples": 5953,
      "p95_time_ns": 845994.0
    },
    "tree_2d_dgsem/elixir_advection_amr_nonperiodic.jl/p7_rhs!": {
      "cv": 0.023580679803892644,
      "p25_time_ns": 318507.0,
      "std_time_ns": 7614.127359229291,
      "median_time_ns": 319738.0,
      "allocs": 0,
      "gc_time_ns": 0.0,
      "memory_bytes": 0,
      "iqr_time_ns": 9087.0,
      "p75_time_ns": 327594.0,
      "min_time_ns": 316583.0,
      "mean_time_ns": 322896.8555,
      "max_time_ns": 483415.0,
      "p99_time_ns": 344405.0,
      "samples": 10000,
      "p95_time_ns": 331030.0
    },
    "tree_2d_dgsem/elixir_euler_ec.jl/p7_rhs!": {
      "cv": 0.006430927977633282,
      "p25_time_ns": 9.412231e6,
      "std_time_ns": 60649.51652702555,
      "median_time_ns": 9.420392e6,
      "allocs": 0,
      "gc_time_ns": 0.0,
      "memory_bytes": 0,
      "iqr_time_ns": 21963.0,
      "p75_time_ns": 9.434194e6,
      "min_time_ns": 9.399949e6,
      "mean_time_ns": 9.43091210754717e6,
      "max_time_ns": 1.062899e7,
      "p99_time_ns": 9.604081e6,
      "samples": 530,
      "p95_time_ns": 9.479518e6
    },
    "tree_2d_dgsem/elixir_euler_vortex_mortar.jl/p7_rhs!": {
      "cv": 0.016506027664975845,
      "p25_time_ns": 1.129405e6,
      "std_time_ns": 18738.53788456137,
      "median_time_ns": 1.132105e6,
      "allocs": 0,
      "gc_time_ns": 0.0,
      "memory_bytes": 0,
      "iqr_time_ns": 7935.0,
      "p75_time_ns": 1.13734e6,
      "min_time_ns": 1.119846e6,
      "mean_time_ns": 1.1352542395359417e6,
      "max_time_ns": 1.73603e6,
      "p99_time_ns": 1.184798e6,
      "samples": 4396,
      "p95_time_ns": 1.149943e6
    },
    "tree_1d_dgsem/elixir_mhd_ec.jl/p7_rhs!": {
      "cv": 0.07522206661675979,
      "p25_time_ns": 14487.0,
      "std_time_ns": 1102.243151583765,
      "median_time_ns": 14507.0,
      "allocs": 0,
      "gc_time_ns": 0.0,
      "memory_bytes": 0,
      "iqr_time_ns": 50.0,
      "p75_time_ns": 14537.0,
      "min_time_ns": 14377.0,
      "mean_time_ns": 14653.1889,
      "max_time_ns": 39574.0,
      "p99_time_ns": 22211.0,
      "samples": 10000,
      "p95_time_ns": 14597.0
    },
    "structured_1d_dgsem/elixir_euler_sedov.jl/p3_rhs!": {
      "cv": 0.08357796781990064,
      "p25_time_ns": 12062.0,
      "std_time_ns": 1021.7785257755046,
      "median_time_ns": 12102.0,
      "allocs": 0,
      "gc_time_ns": 0.0,
      "memory_bytes": 0,
      "iqr_time_ns": 80.0,
      "p75_time_ns": 12142.0,
      "min_time_ns": 11892.0,
      "mean_time_ns": 12225.4531,
      "max_time_ns": 34976.0,
      "p99_time_ns": 19757.0,
      "samples": 10000,
      "p95_time_ns": 12223.0
    },
    "tree_2d_dgsem/elixir_euler_ec.jl/p3_analysis": {
      "cv": 0.06403481004033645,
      "p25_time_ns": 2.314324e6,
      "std_time_ns": 149473.13609426375,
      "median_time_ns": 2.316893e6,
      "allocs": 0,
      "gc_time_ns": 0.0,
      "memory_bytes": 0,
      "iqr_time_ns": 8635.0,
      "p75_time_ns": 2.322959e6,
      "min_time_ns": 2.310967e6,
      "mean_time_ns": 2.334248137850467e6,
      "max_time_ns": 5.472206e6,
      "p99_time_ns": 2.608143e6,
      "samples": 2140,
      "p95_time_ns": 2.339891e6
    },
    "structured_1d_dgsem/elixir_euler_sedov.jl/p7_analysis": {
      "cv": 0.11964961356157924,
      "p25_time_ns": 8145.0,
      "std_time_ns": 1006.498543725644,
      "median_time_ns": 8245.0,
      "allocs": 128,
      "gc_time_ns": 0.0,
      "memory_bytes": 8192,
      "iqr_time_ns": 300.0,
      "p75_time_ns": 8445.0,
      "min_time_ns": 8005.0,
      "mean_time_ns": 8412.0501,
      "max_time_ns": 29465.0,
      "p99_time_ns": 11732.0,
      "samples": 10000,
      "p95_time_ns": 8747.0
    },
    "tree_2d_dgsem/elixir_euler_vortex_mortar.jl/p7_analysis": {
      "cv": 0.005148111243983487,
      "p25_time_ns": 6.299675e6,
      "std_time_ns": 32494.35401369739,
      "median_time_ns": 6.30497e6,
      "allocs": 0,
      "gc_time_ns": 0.0,
      "memory_bytes": 0,
      "iqr_time_ns": 11361.0,
      "p75_time_ns": 6.311036e6,
      "min_time_ns": 6.289155e6,
      "mean_time_ns": 6.311898184343434e6,
      "max_time_ns": 6.733887e6,
      "p99_time_ns": 6.433456e6,
      "samples": 792,
      "p95_time_ns": 6.35592e6
    },
    "tree_2d_dgsem/elixir_euler_vortex_mortar.jl/p3_rhs!": {
      "cv": 0.022817856643147227,
      "p25_time_ns": 357790.0,
      "std_time_ns": 8272.42942078421,
      "median_time_ns": 359032.0,
      "allocs": 0,
      "gc_time_ns": 0.0,
      "memory_bytes": 0,
      "iqr_time_ns": 9217.0,
      "p75_time_ns": 367007.0,
      "min_time_ns": 355196.0,
      "mean_time_ns": 362541.914,
      "max_time_ns": 602177.0,
      "p99_time_ns": 384510.0,
      "samples": 10000,
      "p95_time_ns": 370614.0
    },
    "tree_2d_dgsem/elixir_advection_amr_nonperiodic.jl/p7_analysis": {
      "cv": 0.009983614869453504,
      "p25_time_ns": 3.950707e6,
      "std_time_ns": 39514.63089253808,
      "median_time_ns": 3.95239e6,
      "allocs": 0,
      "gc_time_ns": 0.0,
      "memory_bytes": 0,