{
  "metadata": {
    "run_number": 16,
    "julia_version": "1.11.9",
    "commit_hash": "90b2c7dc6438cbd66b6eff029a42700de93af5d0",
    "git_dirty": false,
    "hostname": "runnervmnay03",
    "git_branch": "main",
    "timestamp": "2026-02-26T03:25:54.502",
    "group": "enzyme",
    "system": {
      "julia_threads": 1,
      "arch": "x86_64",
      "word_size": 64,
      "os": "Linux",
      "cpu_threads": 4
    }
  },
  "benchmarks": {
    "basics/make_zero/array": {
      "cv": 0.8146497693506113,
      "p25_time_ns": 51.0,
      "std_time_ns": 60.868920001362035,
      "median_time_ns": 60.0,
      "allocs": 2,
      "gc_time_ns": 0.0,
      "memory_bytes": 928,
      "iqr_time_ns": 9.0,
      "p75_time_ns": 60.0,
      "min_time_ns": 49.0,
      "mean_time_ns": 74.7179,
      "max_time_ns": 962.0,
      "p99_time_ns": 350.0,
      "samples": 10000,
      "p95_time_ns": 210.0
    },
    "basics/make_zero/namedtuple": {
      "cv": 6.217733121596131,
      "p25_time_ns": 30.0,
      "std_time_ns": 199.02715012904352,
      "median_time_ns": 30.0,
      "allocs": 0,
      "gc_time_ns": 0.0,
      "memory_bytes": 0,
      "iqr_time_ns": 0.0,
      "p75_time_ns": 30.0,
      "min_time_ns": 20.0,
      "mean_time_ns": 32.0096,
      "max_time_ns": 17613.0,
      "p99_time_ns": 31.0,
      "samples": 10000,
      "p95_time_ns": 31.0
    },
    "autodiff/reverse/complex": {
      "cv": 0.09327656591520622,
      "p25_time_ns": 28383.0,
      "std_time_ns": 2869.7340480577045,
      "median_time_ns": 31359.0,
      "allocs": 3,
      "gc_time_ns": 0.0,
      "memory_bytes": 8072,
      "iqr_time_ns": 3116.0,
      "p75_time_ns": 31499.0,
      "min_time_ns": 28002.0,
      "mean_time_ns": 30765.863,
      "max_time_ns": 116778.0,
      "p99_time_ns": 40315.0,
      "samples": 10000,
      "p95_time_ns": 34575.0
    },
    "autodiff/forward/complex": {
      "cv": 0.15105880707572406,
      "p25_time_ns": 19106.0,
      "std_time_ns": 3019.5392229633667,
      "median_time_ns": 19226.0,
      "allocs": 3,
      "gc_time_ns": 0.0,
      "memory_bytes": 8072,
      "iqr_time_ns": 351.0,
      "p75_time_ns": 19457.0,
      "min_time_ns": 18775.0,
      "mean_time_ns": 19989.1637,
      "max_time_ns": 210413.0,
      "p99_time_ns": 28504.0,
      "samples": 10000,
      "p95_time_ns": 22522.0
    },
    "basics/make_zero/struct": {
      "cv": 0.6793049815329086,
      "p25_time_ns": 190.0,
      "std_time_ns": 145.850108129525,
      "median_time_ns": 191.0,
      "allocs": 7,
      "gc_time_ns": 0.0,
      "memory_bytes": 496,
      "iqr_time_ns": 11.0,
      "p75_time_ns": 201.0,
      "min_time_ns": 180.0,
      "mean_time_ns": 214.7049,
      "max_time_ns": 9588.0,
      "p99_time_ns": 461.0,
      "samples": 10000,
      "p95_time_ns": 321.0
    },
    "autodiff/forward/simple": {
      "cv": 0.9451200791539359,
      "p25_time_ns": 210.0,
      "std_time_ns": 1476.3449507000917,
      "median_time_ns": 2014.0,
      "allocs": 4,
      "gc_time_ns": 0.0,
      "memory_bytes": 2720,
      "iqr_time_ns": 1894.0,
      "p75_time_ns": 2104.0,
      "min_time_ns": 190.0,
      "mean_time_ns": 1562.0713,
      "max_time_ns": 57748.0,
      "p99_time_ns": 5119.0,
      "samples": 10000,
      "p95_time_ns": 2315.0
    },
    "autodiff/reverse/simple": {
      "cv": 0.40190301883781726,
      "p25_time_ns": 1824.0,
      "std_time_ns": 1312.5699248637864,
      "median_time_ns": 3797.0,
      "allocs": 4,
      "gc_time_ns": 0.0,
      "memory_bytes": 2720,
      "iqr_time_ns": 2093.0,
      "p75_time_ns": 3917.0,
      "min_time_ns": 1593.0,
      "mean_time_ns": 3265.8872,
      "max_time_ns": 26089.0,
      "p99_time_ns": 6933.0,
      "samples": 10000,
      "p95_time_ns": 4147.0
    }
  }
}