{
  "metadata": {
    "run_number": 24,
    "julia_version": "1.11.9",
    "commit_hash": "90b2c7dc6438cbd66b6eff029a42700de93af5d0",
    "git_dirty": false,
    "hostname": "runnervm0kj6c",
    "git_branch": "main",
    "timestamp": "2026-03-06T03:24:56.890",
    "group": "enzyme",
    "system": {
      "julia_threads": 1,
      "arch": "x86_64",
      "word_size": 64,
      "os": "Linux",
      "cpu_threads": 4
    }
  },
  "benchmarks": {
    "basics/make_zero/array": {
      "cv": 0.8954030952188473,
      "p25_time_ns": 47.0,
      "std_time_ns": 58.39039986324481,
      "median_time_ns": 49.0,
      "allocs": 2,
      "gc_time_ns": 0.0,
      "memory_bytes": 928,
      "iqr_time_ns": 11.0,
      "p75_time_ns": 58.0,
      "min_time_ns": 41.0,
      "mean_time_ns": 65.2113,
      "max_time_ns": 1038.0,
      "p99_time_ns": 358.0,
      "samples": 10000,
      "p95_time_ns": 205.0
    },
    "basics/make_zero/namedtuple": {
      "cv": 0.11706536296687321,
      "p25_time_ns": 18.0,
      "std_time_ns": 2.1880101665323437,
      "median_time_ns": 19.0,
      "allocs": 0,
      "gc_time_ns": 0.0,
      "memory_bytes": 0,
      "iqr_time_ns": 1.0,
      "p75_time_ns": 19.0,
      "min_time_ns": 17.0,
      "mean_time_ns": 18.6905,
      "max_time_ns": 218.0,
      "p99_time_ns": 20.0,
      "samples": 10000,
      "p95_time_ns": 20.0
    },
    "autodiff/reverse/complex": {
      "cv": 0.13814892462577877,
      "p25_time_ns": 29405.0,
      "std_time_ns": 4257.297115310718,
      "median_time_ns": 30894.0,
      "allocs": 3,
      "gc_time_ns": 0.0,
      "memory_bytes": 8072,
      "iqr_time_ns": 1951.0,
      "p75_time_ns": 31356.0,
      "min_time_ns": 28204.0,
      "mean_time_ns": 30816.7228,
      "max_time_ns": 375424.0,
      "p99_time_ns": 36970.0,
      "samples": 10000,
      "p95_time_ns": 33339.0
    },
    "autodiff/forward/complex": {
      "cv": 0.11131868352171499,
      "p25_time_ns": 18173.0,
      "std_time_ns": 2075.697832210617,
      "median_time_ns": 18397.0,
      "allocs": 3,
      "gc_time_ns": 0.0,
      "memory_bytes": 8072,
      "iqr_time_ns": 496.0,
      "p75_time_ns": 18669.0,
      "min_time_ns": 17521.0,
      "mean_time_ns": 18646.4461,
      "max_time_ns": 185649.0,
      "p99_time_ns": 23756.0,
      "samples": 10000,
      "p95_time_ns": 20185.0
    },
    "basics/make_zero/struct": {
      "cv": 0.573597227664072,
      "p25_time_ns": 175.0,
      "std_time_ns": 124.420408645683,
      "median_time_ns": 179.0,
      "allocs": 7,
      "gc_time_ns": 0.0,
      "memory_bytes": 496,
      "iqr_time_ns": 22.0,
      "p75_time_ns": 197.0,
      "min_time_ns": 164.0,
      "mean_time_ns": 216.9125,
      "max_time_ns": 6227.0,
      "p99_time_ns": 569.0,
      "samples": 10000,
      "p95_time_ns": 389.0
    },
    "autodiff/forward/simple": {
      "cv": 0.7248422000033999,
      "p25_time_ns": 182.0,
      "std_time_ns": 796.3366479796352,
      "median_time_ns": 1370.0,
      "allocs": 4,
      "gc_time_ns": 0.0,
      "memory_bytes": 2720,
      "iqr_time_ns": 1300.0,
      "p75_time_ns": 1482.0,
      "min_time_ns": 166.0,
      "mean_time_ns": 1098.6345,
      "max_time_ns": 14738.0,
      "p99_time_ns": 3562.0,
      "samples": 10000,
      "p95_time_ns": 1834.0
    },
    "autodiff/reverse/simple": {
      "cv": 0.5951122329353511,
      "p25_time_ns": 505.0,
      "std_time_ns": 849.1622530357247,
      "median_time_ns": 1687.0,
      "allocs": 4,
      "gc_time_ns": 0.0,
      "memory_bytes": 2720,
      "iqr_time_ns": 1313.0,
      "p75_time_ns": 1818.0,
      "min_time_ns": 479.0,
      "mean_time_ns": 1426.8943,
      "max_time_ns": 21845.0,
      "p99_time_ns": 3847.0,
      "samples": 10000,
      "p95_time_ns": 2161.0
    }
  }
}