{
  "metadata": {
    "run_number": 9,
    "julia_version": "1.11.9",
    "commit_hash": "90b2c7dc6438cbd66b6eff029a42700de93af5d0",
    "git_dirty": false,
    "hostname": "runnervmjduv7",
    "git_branch": "main",
    "timestamp": "2026-02-19T03:21:43.865",
    "group": "enzyme",
    "system": {
      "julia_threads": 1,
      "arch": "x86_64",
      "word_size": 64,
      "os": "Linux",
      "cpu_threads": 4
    }
  },
  "benchmarks": {
    "basics/make_zero/array": {
      "cv": 1.4583258288043863,
      "p25_time_ns": 50.0,
      "std_time_ns": 108.06923554354906,
      "median_time_ns": 60.0,
      "allocs": 2,
      "gc_time_ns": 0.0,
      "memory_bytes": 928,
      "iqr_time_ns": 10.0,
      "p75_time_ns": 60.0,
      "min_time_ns": 40.0,
      "mean_time_ns": 74.105,
      "max_time_ns": 9177.0,
      "p99_time_ns": 340.0,
      "samples": 10000,
      "p95_time_ns": 211.0
    },
    "basics/make_zero/namedtuple": {
      "cv": 0.10859555882016315,
      "p25_time_ns": 30.0,
      "std_time_ns": 3.185596420210076,
      "median_time_ns": 30.0,
      "allocs": 0,
      "gc_time_ns": 0.0,
      "memory_bytes": 0,
      "iqr_time_ns": 0.0,
      "p75_time_ns": 30.0,
      "min_time_ns": 20.0,
      "mean_time_ns": 29.3345,
      "max_time_ns": 190.0,
      "p99_time_ns": 31.0,
      "samples": 10000,
      "p95_time_ns": 31.0
    },
    "autodiff/reverse/complex": {
      "cv": 0.0873386265286622,
      "p25_time_ns": 28283.0,
      "std_time_ns": 2669.10415694803,
      "median_time_ns": 31328.0,
      "allocs": 3,
      "gc_time_ns": 0.0,
      "memory_bytes": 8072,
      "iqr_time_ns": 3226.0,
      "p75_time_ns": 31509.0,
      "min_time_ns": 27912.0,
      "mean_time_ns": 30560.4091,
      "max_time_ns": 83195.0,
      "p99_time_ns": 40476.0,
      "samples": 10000,
      "p95_time_ns": 34555.0
    },
    "autodiff/forward/complex": {
      "cv": 0.13847154825489144,
      "p25_time_ns": 18896.0,
      "std_time_ns": 2736.559993545425,
      "median_time_ns": 19015.0,
      "allocs": 3,
      "gc_time_ns": 0.0,
      "memory_bytes": 8072,
      "iqr_time_ns": 350.0,
      "p75_time_ns": 19246.0,
      "min_time_ns": 18595.0,
      "mean_time_ns": 19762.6157,
      "max_time_ns": 213989.0,
      "p99_time_ns": 28042.0,
      "samples": 10000,
      "p95_time_ns": 22401.0
    },
    "basics/make_zero/struct": {
      "cv": 0.9608420245603023,
      "p25_time_ns": 190.0,
      "std_time_ns": 206.0128893913425,
      "median_time_ns": 190.0,
      "allocs": 7,
      "gc_time_ns": 0.0,
      "memory_bytes": 496,
      "iqr_time_ns": 10.0,
      "p75_time_ns": 200.0,
      "min_time_ns": 180.0,
      "mean_time_ns": 214.4087,
      "max_time_ns": 10239.0,
      "p99_time_ns": 431.0,
      "samples": 10000,
      "p95_time_ns": 310.0
    },
    "autodiff/forward/simple": {
      "cv": 0.7604091719820533,
      "p25_time_ns": 201.0,
      "std_time_ns": 1184.803035979887,
      "median_time_ns": 2063.0,
      "allocs": 4,
      "gc_time_ns": 0.0,
      "memory_bytes": 2720,
      "iqr_time_ns": 1933.0,
      "p75_time_ns": 2134.0,
      "min_time_ns": 190.0,
      "mean_time_ns": 1558.1125,
      "max_time_ns": 28613.0,
      "p99_time_ns": 5159.0,
      "samples": 10000,
      "p95_time_ns": 2315.0
    },
    "autodiff/reverse/simple": {
      "cv": 0.430152686847866,
      "p25_time_ns": 1783.0,
      "std_time_ns": 1398.3716265053765,
      "median_time_ns": 3787.0,
      "allocs": 4,
      "gc_time_ns": 0.0,
      "memory_bytes": 2720,
      "iqr_time_ns": 2065.0,
      "p75_time_ns": 3848.0,
      "min_time_ns": 1633.0,
      "mean_time_ns": 3250.8727,
      "max_time_ns": 27631.0,
      "p99_time_ns": 6903.0,
      "samples": 10000,
      "p95_time_ns": 4057.0
    }
  }
}