{
  "metadata": {
    "run_number": 23,
    "julia_version": "1.11.9",
    "commit_hash": "90b2c7dc6438cbd66b6eff029a42700de93af5d0",
    "git_dirty": false,
    "hostname": "runnervm0kj6c",
    "git_branch": "main",
    "timestamp": "2026-03-05T03:19:36.043",
    "group": "enzyme",
    "system": {
      "julia_threads": 1,
      "arch": "x86_64",
      "word_size": 64,
      "os": "Linux",
      "cpu_threads": 4
    }
  },
  "benchmarks": {
    "basics/make_zero/array": {
      "cv": 1.9748854318658722,
      "p25_time_ns": 50.0,
      "std_time_ns": 142.25751477922392,
      "median_time_ns": 60.0,
      "allocs": 2,
      "gc_time_ns": 0.0,
      "memory_bytes": 928,
      "iqr_time_ns": 10.0,
      "p75_time_ns": 60.0,
      "min_time_ns": 40.0,
      "mean_time_ns": 72.0333,
      "max_time_ns": 13465.0,
      "p99_time_ns": 290.0,
      "samples": 10000,
      "p95_time_ns": 180.0
    },
    "basics/make_zero/namedtuple": {
      "cv": 0.17474291956330562,
      "p25_time_ns": 30.0,
      "std_time_ns": 5.1273766429943395,
      "median_time_ns": 30.0,
      "allocs": 0,
      "gc_time_ns": 0.0,
      "memory_bytes": 0,
      "iqr_time_ns": 0.0,
      "p75_time_ns": 30.0,
      "min_time_ns": 20.0,
      "mean_time_ns": 29.3424,
      "max_time_ns": 451.0,
      "p99_time_ns": 31.0,
      "samples": 10000,
      "p95_time_ns": 31.0
    },
    "autodiff/reverse/complex": {
      "cv": 0.09721140104280118,
      "p25_time_ns": 28573.0,
      "std_time_ns": 3011.2469460199945,
      "median_time_ns": 31490.0,
      "allocs": 3,
      "gc_time_ns": 0.0,
      "memory_bytes": 8072,
      "iqr_time_ns": 3086.0,
      "p75_time_ns": 31659.0,
      "min_time_ns": 28072.0,
      "mean_time_ns": 30976.2735,
      "max_time_ns": 100718.0,
      "p99_time_ns": 40746.0,
      "samples": 10000,
      "p95_time_ns": 34725.0
    },
    "autodiff/forward/complex": {
      "cv": 0.13459584319143866,
      "p25_time_ns": 18996.0,
      "std_time_ns": 2675.9925200503544,
      "median_time_ns": 19106.0,
      "allocs": 3,
      "gc_time_ns": 0.0,
      "memory_bytes": 8072,
      "iqr_time_ns": 340.0,
      "p75_time_ns": 19336.0,
      "min_time_ns": 18725.0,
      "mean_time_ns": 19881.6877,
      "max_time_ns": 197730.0,
      "p99_time_ns": 28123.0,
      "samples": 10000,
      "p95_time_ns": 22472.0
    },
    "basics/make_zero/struct": {
      "cv": 0.7841744689109408,
      "p25_time_ns": 200.0,
      "std_time_ns": 172.54057529787715,
      "median_time_ns": 200.0,
      "allocs": 7,
      "gc_time_ns": 0.0,
      "memory_bytes": 496,
      "iqr_time_ns": 1.0,
      "p75_time_ns": 201.0,
      "min_time_ns": 190.0,
      "mean_time_ns": 220.0283,
      "max_time_ns": 9719.0,
      "p99_time_ns": 411.0,
      "samples": 10000,
      "p95_time_ns": 320.0
    },
    "autodiff/forward/simple": {
      "cv": 0.9146175791424666,
      "p25_time_ns": 201.0,
      "std_time_ns": 1409.4883407627124,
      "median_time_ns": 2024.0,
      "allocs": 4,
      "gc_time_ns": 0.0,
      "memory_bytes": 2720,
      "iqr_time_ns": 1893.0,
      "p75_time_ns": 2094.0,
      "min_time_ns": 190.0,
      "mean_time_ns": 1541.0685,
      "max_time_ns": 65232.0,
      "p99_time_ns": 5120.0,
      "samples": 10000,
      "p95_time_ns": 2244.0
    },
    "autodiff/reverse/simple": {
      "cv": 0.4115625436022057,
      "p25_time_ns": 1763.0,
      "std_time_ns": 1304.3492008117787,
      "median_time_ns": 3637.0,
      "allocs": 4,
      "gc_time_ns": 0.0,
      "memory_bytes": 2720,
      "iqr_time_ns": 2014.0,
      "p75_time_ns": 3777.0,
      "min_time_ns": 1592.0,
      "mean_time_ns": 3169.2612,
      "max_time_ns": 22483.0,
      "p99_time_ns": 6833.0,
      "samples": 10000,
      "p95_time_ns": 3968.0
    }
  }
}