{
  "metadata": {
    "run_number": 19,
    "julia_version": "1.11.9",
    "commit_hash": "90b2c7dc6438cbd66b6eff029a42700de93af5d0",
    "git_dirty": false,
    "hostname": "runnervmnay03",
    "git_branch": "main",
    "timestamp": "2026-03-01T03:29:37.489",
    "group": "enzyme",
    "system": {
      "julia_threads": 1,
      "arch": "x86_64",
      "word_size": 64,
      "os": "Linux",
      "cpu_threads": 4
    }
  },
  "benchmarks": {
    "basics/make_zero/array": {
      "cv": 0.8418518765687648,
      "p25_time_ns": 50.0,
      "std_time_ns": 62.47887887142744,
      "median_time_ns": 60.0,
      "allocs": 2,
      "gc_time_ns": 0.0,
      "memory_bytes": 928,
      "iqr_time_ns": 10.0,
      "p75_time_ns": 60.0,
      "min_time_ns": 40.0,
      "mean_time_ns": 74.216,
      "max_time_ns": 1783.0,
      "p99_time_ns": 341.0,
      "samples": 10000,
      "p95_time_ns": 201.0
    },
    "basics/make_zero/namedtuple": {
      "cv": 0.12440108341230534,
      "p25_time_ns": 30.0,
      "std_time_ns": 3.6404111044359975,
      "median_time_ns": 30.0,
      "allocs": 0,
      "gc_time_ns": 0.0,
      "memory_bytes": 0,
      "iqr_time_ns": 0.0,
      "p75_time_ns": 30.0,
      "min_time_ns": 20.0,
      "mean_time_ns": 29.2635,
      "max_time_ns": 261.0,
      "p99_time_ns": 31.0,
      "samples": 10000,
      "p95_time_ns": 31.0
    },
    "autodiff/reverse/complex": {
      "cv": 0.10077995584553649,
      "p25_time_ns": 28473.0,
      "std_time_ns": 3112.351075437608,
      "median_time_ns": 31499.0,
      "allocs": 3,
      "gc_time_ns": 0.0,
      "memory_bytes": 8072,
      "iqr_time_ns": 3166.0,
      "p75_time_ns": 31639.0,
      "min_time_ns": 28092.0,
      "mean_time_ns": 30882.6398,
      "max_time_ns": 117179.0,
      "p99_time_ns": 40626.0,
      "samples": 10000,
      "p95_time_ns": 34674.0
    },
    "autodiff/forward/complex": {
      "cv": 0.14348024352513852,
      "p25_time_ns": 19076.0,
      "std_time_ns": 2869.08257372029,
      "median_time_ns": 19196.0,
      "allocs": 3,
      "gc_time_ns": 0.0,
      "memory_bytes": 8072,
      "iqr_time_ns": 370.0,
      "p75_time_ns": 19446.0,
      "min_time_ns": 18785.0,
      "mean_time_ns": 19996.3598,
      "max_time_ns": 202537.0,
      "p99_time_ns": 29856.0,
      "samples": 10000,
      "p95_time_ns": 22652.0
    },
    "basics/make_zero/struct": {
      "cv": 0.8131870072261121,
      "p25_time_ns": 190.0,
      "std_time_ns": 172.9060830163716,
      "median_time_ns": 190.0,
      "allocs": 7,
      "gc_time_ns": 0.0,
      "memory_bytes": 496,
      "iqr_time_ns": 10.0,
      "p75_time_ns": 200.0,
      "min_time_ns": 180.0,
      "mean_time_ns": 212.6277,
      "max_time_ns": 14617.0,
      "p99_time_ns": 421.0,
      "samples": 10000,
      "p95_time_ns": 310.0
    },
    "autodiff/forward/simple": {
      "cv": 0.9328960735284895,
      "p25_time_ns": 210.0,
      "std_time_ns": 1456.9162055472198,
      "median_time_ns": 2054.0,
      "allocs": 4,
      "gc_time_ns": 0.0,
      "memory_bytes": 2720,
      "iqr_time_ns": 1894.0,
      "p75_time_ns": 2104.0,
      "min_time_ns": 190.0,
      "mean_time_ns": 1561.7133,
      "max_time_ns": 70421.0,
      "p99_time_ns": 5130.0,
      "samples": 10000,
      "p95_time_ns": 2284.0
    },
    "autodiff/reverse/simple": {
      "cv": 0.42312028531721874,
      "p25_time_ns": 1753.0,
      "std_time_ns": 1366.3596581276015,
      "median_time_ns": 3747.0,
      "allocs": 4,
      "gc_time_ns": 0.0,
      "memory_bytes": 2720,
      "iqr_time_ns": 2104.0,
      "p75_time_ns": 3857.0,
      "min_time_ns": 1593.0,
      "mean_time_ns": 3229.2464,
      "max_time_ns": 22683.0,
      "p99_time_ns": 6933.0,
      "samples": 10000,
      "p95_time_ns": 4058.0
    }
  }
}