{
  "metadata": {
    "run_number": 13,
    "julia_version": "1.11.9",
    "commit_hash": "90b2c7dc6438cbd66b6eff029a42700de93af5d0",
    "git_dirty": false,
    "hostname": "runnervmwffz4",
    "git_branch": "main",
    "timestamp": "2026-02-23T03:23:13.509",
    "group": "enzyme",
    "system": {
      "julia_threads": 1,
      "arch": "x86_64",
      "word_size": 64,
      "os": "Linux",
      "cpu_threads": 4
    }
  },
  "benchmarks": {
    "basics/make_zero/array": {
      "cv": 1.0834919334565383,
      "p25_time_ns": 50.0,
      "std_time_ns": 87.26866593913006,
      "median_time_ns": 60.0,
      "allocs": 2,
      "gc_time_ns": 0.0,
      "memory_bytes": 928,
      "iqr_time_ns": 10.0,
      "p75_time_ns": 60.0,
      "min_time_ns": 40.0,
      "mean_time_ns": 80.5439,
      "max_time_ns": 1392.0,
      "p99_time_ns": 471.0,
      "samples": 10000,
      "p95_time_ns": 250.0
    },
    "basics/make_zero/namedtuple": {
      "cv": 0.23945358189266802,
      "p25_time_ns": 30.0,
      "std_time_ns": 7.046687898653813,
      "median_time_ns": 30.0,
      "allocs": 0,
      "gc_time_ns": 0.0,
      "memory_bytes": 0,
      "iqr_time_ns": 0.0,
      "p75_time_ns": 30.0,
      "min_time_ns": 20.0,
      "mean_time_ns": 29.4282,
      "max_time_ns": 652.0,
      "p99_time_ns": 31.0,
      "samples": 10000,
      "p95_time_ns": 31.0
    },
    "autodiff/reverse/complex": {
      "cv": 0.18575716489820532,
      "p25_time_ns": 28603.0,
      "std_time_ns": 5698.98282251422,
      "median_time_ns": 31007.5,
      "allocs": 3,
      "gc_time_ns": 0.0,
      "memory_bytes": 8072,
      "iqr_time_ns": 2635.0,
      "p75_time_ns": 31238.0,
      "min_time_ns": 28173.0,
      "mean_time_ns": 30679.747,
      "max_time_ns": 510873.0,
      "p99_time_ns": 40465.0,
      "samples": 10000,
      "p95_time_ns": 34293.0
    },
    "autodiff/forward/complex": {
      "cv": 0.13936596557699238,
      "p25_time_ns": 19486.0,
      "std_time_ns": 2832.440757096775,
      "median_time_ns": 19617.0,
      "allocs": 3,
      "gc_time_ns": 0.0,
      "memory_bytes": 8072,
      "iqr_time_ns": 392.0,
      "p75_time_ns": 19878.0,
      "min_time_ns": 19186.0,
      "mean_time_ns": 20323.7623,
      "max_time_ns": 224750.0,
      "p99_time_ns": 29846.0,
      "samples": 10000,
      "p95_time_ns": 22552.0
    },
    "basics/make_zero/struct": {
      "cv": 0.6082435573456624,
      "p25_time_ns": 190.0,
      "std_time_ns": 130.3160605125967,
      "median_time_ns": 190.0,
      "allocs": 7,
      "gc_time_ns": 0.0,
      "memory_bytes": 496,
      "iqr_time_ns": 10.0,
      "p75_time_ns": 200.0,
      "min_time_ns": 180.0,
      "mean_time_ns": 214.2498,
      "max_time_ns": 9658.0,
      "p99_time_ns": 491.0,
      "samples": 10000,
      "p95_time_ns": 371.0
    },
    "autodiff/forward/simple": {
      "cv": 0.7765608594829008,
      "p25_time_ns": 201.0,
      "std_time_ns": 1078.5318303066713,
      "median_time_ns": 1794.0,
      "allocs": 4,
      "gc_time_ns": 0.0,
      "memory_bytes": 2720,
      "iqr_time_ns": 1672.0,
      "p75_time_ns": 1873.0,
      "min_time_ns": 190.0,
      "mean_time_ns": 1388.8568,
      "max_time_ns": 23504.0,
      "p99_time_ns": 4919.0,
      "samples": 10000,
      "p95_time_ns": 2094.0
    },
    "autodiff/reverse/simple": {
      "cv": 0.39770976745423386,
      "p25_time_ns": 1774.0,
      "std_time_ns": 1205.1716757243787,
      "median_time_ns": 3446.0,
      "allocs": 4,
      "gc_time_ns": 0.0,
      "memory_bytes": 2720,
      "iqr_time_ns": 1743.0,
      "p75_time_ns": 3517.0,
      "min_time_ns": 1633.0,
      "mean_time_ns": 3030.2793,
      "max_time_ns": 23644.0,
      "p99_time_ns": 6622.0,
      "samples": 10000,
      "p95_time_ns": 3787.0
    }
  }
}