{
  "metadata": {
    "run_number": 22,
    "julia_version": "1.11.9",
    "commit_hash": "90b2c7dc6438cbd66b6eff029a42700de93af5d0",
    "git_dirty": false,
    "hostname": "runnervmnay03",
    "git_branch": "main",
    "timestamp": "2026-03-04T03:16:16.844",
    "group": "enzyme",
    "system": {
      "julia_threads": 1,
      "arch": "x86_64",
      "word_size": 64,
      "os": "Linux",
      "cpu_threads": 4
    }
  },
  "benchmarks": {
    "basics/make_zero/array": {
      "cv": 2.926211219672001,
      "p25_time_ns": 51.0,
      "std_time_ns": 228.46481883925736,
      "median_time_ns": 60.0,
      "allocs": 2,
      "gc_time_ns": 0.0,
      "memory_bytes": 928,
      "iqr_time_ns": 9.0,
      "p75_time_ns": 60.0,
      "min_time_ns": 49.0,
      "mean_time_ns": 78.0753,
      "max_time_ns": 16631.0,
      "p99_time_ns": 351.0,
      "samples": 10000,
      "p95_time_ns": 221.0
    },
    "basics/make_zero/namedtuple": {
      "cv": 4.29501199252166,
      "p25_time_ns": 30.0,
      "std_time_ns": 131.59744944606666,
      "median_time_ns": 30.0,
      "allocs": 0,
      "gc_time_ns": 0.0,
      "memory_bytes": 0,
      "iqr_time_ns": 0.0,
      "p75_time_ns": 30.0,
      "min_time_ns": 20.0,
      "mean_time_ns": 30.6396,
      "max_time_ns": 13185.0,
      "p99_time_ns": 31.0,
      "samples": 10000,
      "p95_time_ns": 31.0
    },
    "autodiff/reverse/complex": {
      "cv": 0.10218797605925652,
      "p25_time_ns": 28453.0,
      "std_time_ns": 3149.39785051182,
      "median_time_ns": 31439.0,
      "allocs": 3,
      "gc_time_ns": 0.0,
      "memory_bytes": 8072,
      "iqr_time_ns": 3237.0,
      "p75_time_ns": 31690.0,
      "min_time_ns": 28033.0,
      "mean_time_ns": 30819.6519,
      "max_time_ns": 122579.0,
      "p99_time_ns": 41377.0,
      "samples": 10000,
      "p95_time_ns": 34755.0
    },
    "autodiff/forward/complex": {
      "cv": 0.13232590231830055,
      "p25_time_ns": 19366.0,
      "std_time_ns": 2676.7144335299304,
      "median_time_ns": 19486.0,
      "allocs": 3,
      "gc_time_ns": 0.0,
      "memory_bytes": 8072,
      "iqr_time_ns": 351.0,
      "p75_time_ns": 19717.0,
      "min_time_ns": 19046.0,
      "mean_time_ns": 20228.1971,
      "max_time_ns": 205965.0,
      "p99_time_ns": 28413.0,
      "samples": 10000,
      "p95_time_ns": 22863.0
    },
    "basics/make_zero/struct": {
      "cv": 0.8720481975153596,
      "p25_time_ns": 181.0,
      "std_time_ns": 185.51229553937821,
      "median_time_ns": 190.0,
      "allocs": 7,
      "gc_time_ns": 0.0,
      "memory_bytes": 496,
      "iqr_time_ns": 10.0,
      "p75_time_ns": 191.0,
      "min_time_ns": 170.0,
      "mean_time_ns": 212.7317,
      "max_time_ns": 10530.0,
      "p99_time_ns": 461.0,
      "samples": 10000,
      "p95_time_ns": 370.0
    },
    "autodiff/forward/simple": {
      "cv": 0.7322019099436243,
      "p25_time_ns": 210.0,
      "std_time_ns": 1116.6552129074094,
      "median_time_ns": 2014.0,
      "allocs": 4,
      "gc_time_ns": 0.0,
      "memory_bytes": 2720,
      "iqr_time_ns": 1874.0,
      "p75_time_ns": 2084.0,
      "min_time_ns": 190.0,
      "mean_time_ns": 1525.0646,
      "max_time_ns": 16881.0,
      "p99_time_ns": 5089.0,
      "samples": 10000,
      "p95_time_ns": 2294.0
    },
    "autodiff/reverse/simple": {
      "cv": 0.4035402716243738,
      "p25_time_ns": 1843.0,
      "std_time_ns": 1315.3536796231804,
      "median_time_ns": 3767.0,
      "allocs": 4,
      "gc_time_ns": 0.0,
      "memory_bytes": 2720,
      "iqr_time_ns": 2034.0,
      "p75_time_ns": 3877.0,
      "min_time_ns": 1673.0,
      "mean_time_ns": 3259.5351,
      "max_time_ns": 25988.0,
      "p99_time_ns": 6933.0,
      "samples": 10000,
      "p95_time_ns": 4078.0
    }
  }
}