{
  "metadata": {
    "run_number": 6,
    "julia_version": "1.11.9",
    "commit_hash": "90b2c7dc6438cbd66b6eff029a42700de93af5d0",
    "git_dirty": false,
    "hostname": "runnervmjduv7",
    "git_branch": "main",
    "timestamp": "2026-02-16T03:23:05.359",
    "group": "enzyme",
    "system": {
      "julia_threads": 1,
      "arch": "x86_64",
      "word_size": 64,
      "os": "Linux",
      "cpu_threads": 4
    }
  },
  "benchmarks": {
    "basics/make_zero/array": {
      "cv": 0.8174433687614995,
      "p25_time_ns": 50.0,
      "std_time_ns": 58.676657220058566,
      "median_time_ns": 60.0,
      "allocs": 2,
      "gc_time_ns": 0.0,
      "memory_bytes": 928,
      "iqr_time_ns": 10.0,
      "p75_time_ns": 60.0,
      "min_time_ns": 40.0,
      "mean_time_ns": 71.7807,
      "max_time_ns": 2725.0,
      "p99_time_ns": 310.0,
      "samples": 10000,
      "p95_time_ns": 191.0
    },
    "basics/make_zero/namedtuple": {
      "cv": 0.12730606947436368,
      "p25_time_ns": 30.0,
      "std_time_ns": 3.741436267602916,
      "median_time_ns": 30.0,
      "allocs": 0,
      "gc_time_ns": 0.0,
      "memory_bytes": 0,
      "iqr_time_ns": 0.0,
      "p75_time_ns": 30.0,
      "min_time_ns": 20.0,
      "mean_time_ns": 29.3893,
      "max_time_ns": 261.0,
      "p99_time_ns": 31.0,
      "samples": 10000,
      "p95_time_ns": 31.0
    },
    "autodiff/reverse/complex": {
      "cv": 0.17716710266728658,
      "p25_time_ns": 28273.0,
      "std_time_ns": 5405.209312620979,
      "median_time_ns": 31279.0,
      "allocs": 3,
      "gc_time_ns": 0.0,
      "memory_bytes": 8072,
      "iqr_time_ns": 3176.0,
      "p75_time_ns": 31449.0,
      "min_time_ns": 27942.0,
      "mean_time_ns": 30509.1026,
      "max_time_ns": 422929.0,
      "p99_time_ns": 40365.0,
      "samples": 10000,
      "p95_time_ns": 34505.0
    },
    "autodiff/forward/complex": {
      "cv": 0.13340582500317782,
      "p25_time_ns": 19286.0,
      "std_time_ns": 2692.0037468711507,
      "median_time_ns": 19386.0,
      "allocs": 3,
      "gc_time_ns": 0.0,
      "memory_bytes": 8072,
      "iqr_time_ns": 351.0,
      "p75_time_ns": 19637.0,
      "min_time_ns": 19025.0,
      "mean_time_ns": 20179.057,
      "max_time_ns": 202548.0,
      "p99_time_ns": 28313.0,
      "samples": 10000,
      "p95_time_ns": 22842.0
    },
    "basics/make_zero/struct": {
      "cv": 1.1745336684020797,
      "p25_time_ns": 191.0,
      "std_time_ns": 258.82094388928334,
      "median_time_ns": 200.0,
      "allocs": 7,
      "gc_time_ns": 0.0,
      "memory_bytes": 496,
      "iqr_time_ns": 10.0,
      "p75_time_ns": 201.0,
      "min_time_ns": 181.0,
      "mean_time_ns": 220.3606,
      "max_time_ns": 19056.0,
      "p99_time_ns": 421.0,
      "samples": 10000,
      "p95_time_ns": 301.0
    },
    "autodiff/forward/simple": {
      "cv": 0.7555111071005325,
      "p25_time_ns": 201.0,
      "std_time_ns": 1173.3832427222872,
      "median_time_ns": 2044.0,
      "allocs": 4,
      "gc_time_ns": 0.0,
      "memory_bytes": 2720,
      "iqr_time_ns": 1923.0,
      "p75_time_ns": 2124.0,
      "min_time_ns": 190.0,
      "mean_time_ns": 1553.0986,
      "max_time_ns": 19777.0,
      "p99_time_ns": 5140.0,
      "samples": 10000,
      "p95_time_ns": 2325.0
    },
    "autodiff/reverse/simple": {
      "cv": 0.4293298223871385,
      "p25_time_ns": 1773.0,
      "std_time_ns": 1368.0817612543988,
      "median_time_ns": 3667.0,
      "allocs": 4,
      "gc_time_ns": 0.0,
      "memory_bytes": 2720,
      "iqr_time_ns": 2014.0,
      "p75_time_ns": 3787.0,
      "min_time_ns": 1583.0,
      "mean_time_ns": 3186.5519,
      "max_time_ns": 43310.0,
      "p99_time_ns": 6843.0,
      "samples": 10000,
      "p95_time_ns": 4008.0
    }
  }
}