{
  "metadata": {
    "run_number": 23,
    "julia_version": "1.11.9",
    "commit_hash": "90b2c7dc6438cbd66b6eff029a42700de93af5d0",
    "git_dirty": true,
    "hostname": "runnervm0kj6c",
    "git_branch": "main",
    "timestamp": "2026-03-05T03:15:26.840",
    "group": "trixi",
    "system": {
      "julia_threads": 1,
      "arch": "x86_64",
      "word_size": 64,
      "os": "Linux",
      "cpu_threads": 4
    }
  },
  "benchmarks": {
    "tree_2d_dgsem/elixir_euler_ec.jl/p7_analysis": {
      "cv": 0.0046250992662798035,
      "p25_time_ns": 1.0999041e7,
      "std_time_ns": 51015.040437476935,
      "median_time_ns": 1.1015572e7,
      "allocs": 0,
      "gc_time_ns": 0.0,
      "memory_bytes": 0,
      "iqr_time_ns": 43771.0,
      "p75_time_ns": 1.1042812e7,
      "min_time_ns": 1.0970346e7,
      "mean_time_ns": 1.103004227593819e7,
      "max_time_ns": 1.1362171e7,
      "p99_time_ns": 1.1220345e7,
      "samples": 453,
      "p95_time_ns": 1.1133232e7
    },
    "tree_1d_dgsem/elixir_mhd_ec.jl/p3_analysis": {
      "cv": 0.17356123233550436,
      "p25_time_ns": 3156.0,
      "std_time_ns": 555.3721829409072,
      "median_time_ns": 3157.0,
      "allocs": 0,
      "gc_time_ns": 0.0,
      "memory_bytes": 0,
      "iqr_time_ns": 10.0,
      "p75_time_ns": 3166.0,
      "min_time_ns": 3125.0,
      "mean_time_ns": 3199.8631,
      "max_time_ns": 26169.0,
      "p99_time_ns": 3257.0,
      "samples": 10000,
      "p95_time_ns": 3216.0
    },
    "tree_2d_dgsem/elixir_euler_ec.jl/p3_rhs!": {
      "cv": 0.053936338645668755,
      "p25_time_ns": 1.389592e6,
      "std_time_ns": 75625.38023880013,
      "median_time_ns": 1.39401e6,
      "allocs": 0,
      "gc_time_ns": 0.0,
      "memory_bytes": 0,
      "iqr_time_ns": 11021.0,
      "p75_time_ns": 1.400613e6,
      "min_time_ns": 1.381036e6,
      "mean_time_ns": 1.4021229867977528e6,
      "max_time_ns": 3.218879e6,
      "p99_time_ns": 1.482857e6,
      "samples": 3560,
      "p95_time_ns": 1.418937e6
    },
    "tree_1d_dgsem/elixir_mhd_ec.jl/p3_rhs!": {
      "cv": 0.12605063245097084,
      "p25_time_ns": 5410.0,
      "std_time_ns": 691.087428571887,
      "median_time_ns": 5430.0,
      "allocs": 0,
      "gc_time_ns": 0.0,
      "memory_bytes": 0,
      "iqr_time_ns": 31.0,
      "p75_time_ns": 5441.0,
      "min_time_ns": 5310.0,
      "mean_time_ns": 5482.6177,
      "max_time_ns": 27691.0,
      "p99_time_ns": 5531.0,
      "samples": 10000,
      "p95_time_ns": 5490.0
    },
    "tree_2d_dgsem/elixir_advection_amr_nonperiodic.jl/p3_analysis": {
      "cv": 0.01721641367201623,
      "p25_time_ns": 836456.0,
      "std_time_ns": 14489.101612208393,
      "median_time_ns": 837287.0,
      "allocs": 0,
      "gc_time_ns": 0.0,
      "memory_bytes": 0,
      "iqr_time_ns": 5641.0,
      "p75_time_ns": 842097.0,
      "min_time_ns": 827439.0,
      "mean_time_ns": 841586.5166947723,
      "max_time_ns": 1.261322e6,
      "p99_time_ns": 886721.0,
      "samples": 5930,
      "p95_time_ns": 864819.0
    },
    "tree_2d_dgsem/elixir_advection_amr_nonperiodic.jl/p7_rhs!": {
      "cv": 0.02762582153992217,
      "p25_time_ns": 318807.0,
      "std_time_ns": 8938.385821716269,
      "median_time_ns": 320460.5,
      "allocs": 0,
      "gc_time_ns": 0.0,
      "memory_bytes": 0,
      "iqr_time_ns": 9288.0,
      "p75_time_ns": 328095.0,
      "min_time_ns": 317044.0,
      "mean_time_ns": 323551.8556,
      "max_time_ns": 607378.0,
      "p99_time_ns": 346369.0,
      "samples": 10000,
      "p95_time_ns": 331862.0
    },
    "tree_2d_dgsem/elixir_euler_ec.jl/p7_rhs!": {
      "cv": 0.024470315628139106,
      "p25_time_ns": 9.467493e6,
      "std_time_ns": 233640.11453754784,
      "median_time_ns": 9.502709e6,
      "allocs": 0,
      "gc_time_ns": 0.0,
      "memory_bytes": 0,
      "iqr_time_ns": 90460.0,
      "p75_time_ns": 9.557953e6,
      "min_time_ns": 9.423942e6,
      "mean_time_ns": 9.547899507633587e6,
      "max_time_ns": 1.4107584e7,
      "p99_time_ns": 1.0040947e7,
      "samples": 524,
      "p95_time_ns": 9.817278e6
    },
    "tree_2d_dgsem/elixir_euler_vortex_mortar.jl/p7_rhs!": {
      "cv": 0.015530032418226498,
      "p25_time_ns": 1.137991e6,
      "std_time_ns": 17813.814776999614,
      "median_time_ns": 1.1436015e6,
      "allocs": 0,
      "gc_time_ns": 0.0,
      "memory_bytes": 0,
      "iqr_time_ns": 13365.0,
      "p75_time_ns": 1.151356e6,
      "min_time_ns": 1.118455e6,
      "mean_time_ns": 1.1470558655172414e6,
      "max_time_ns": 1.52688e6,
      "p99_time_ns": 1.214655e6,
      "samples": 4350,
      "p95_time_ns": 1.169611e6
    },
    "tree_1d_dgsem/elixir_mhd_ec.jl/p7_rhs!": {
      "cv": 0.07486919034500368,
      "p25_time_ns": 14476.0,
      "std_time_ns": 1096.4281095848003,
      "median_time_ns": 14497.0,
      "allocs": 0,
      "gc_time_ns": 0.0,
      "memory_bytes": 0,
      "iqr_time_ns": 52.0,
      "p75_time_ns": 14528.0,
      "min_time_ns": 14386.0,
      "mean_time_ns": 14644.5835,
      "max_time_ns": 35667.0,
      "p99_time_ns": 22011.0,
      "samples": 10000,
      "p95_time_ns": 14587.0
    },
    "structured_1d_dgsem/elixir_euler_sedov.jl/p3_rhs!": {
      "cv": 0.10172405463473343,
      "p25_time_ns": 11802.0,
      "std_time_ns": 1221.4633351548719,
      "median_time_ns": 11842.0,
      "allocs": 0,
      "gc_time_ns": 0.0,
      "memory_bytes": 0,
      "iqr_time_ns": 90.0,
      "p75_time_ns": 11892.0,
      "min_time_ns": 11711.0,
      "mean_time_ns": 12007.6155,
      "max_time_ns": 39023.0,
      "p99_time_ns": 19546.0,
      "samples": 10000,
      "p95_time_ns": 11992.0
    },
    "tree_2d_dgsem/elixir_euler_ec.jl/p3_analysis": {
      "cv": 0.016554361761817443,
      "p25_time_ns": 2.289027e6,
      "std_time_ns": 38053.52978747559,
      "median_time_ns": 2.292884e6,
      "allocs": 0,
      "gc_time_ns": 0.0,
      "memory_bytes": 0,
      "iqr_time_ns": 9318.0,
      "p75_time_ns": 2.298345e6,
      "min_time_ns": 2.284999e6,
      "mean_time_ns": 2.2987011118269674e6,
      "max_time_ns": 3.404547e6,
      "p99_time_ns": 2.369388e6,
      "samples": 2173,
      "p95_time_ns": 2.321579e6
    },
    "structured_1d_dgsem/elixir_euler_sedov.jl/p7_analysis": {
      "cv": 0.1258224698100989,
      "p25_time_ns": 8426.0,
      "std_time_ns": 1096.7776594526656,
      "median_time_ns": 8526.0,
      "allocs": 128,
      "gc_time_ns": 0.0,
      "memory_bytes": 8192,
      "iqr_time_ns": 320.0,
      "p75_time_ns": 8746.0,
      "min_time_ns": 8245.0,
      "mean_time_ns": 8716.8664,
      "max_time_ns": 32691.0,
      "p99_time_ns": 13345.0,
      "samples": 10000,
      "p95_time_ns": 9097.0
    },
    "tree_2d_dgsem/elixir_euler_vortex_mortar.jl/p7_analysis": {
      "cv": 0.005302945139114397,
      "p25_time_ns": 6.263913e6,
      "std_time_ns": 33296.06719823924,
      "median_time_ns": 6.270705e6,
      "allocs": 0,
      "gc_time_ns": 0.0,
      "memory_bytes": 0,
      "iqr_time_ns": 17112.0,
      "p75_time_ns": 6.281025e6,
      "min_time_ns": 6.254244e6,
      "mean_time_ns": 6.278787791457286e6,
      "max_time_ns": 6.708304e6,
      "p99_time_ns": 6.398584e6,
      "samples": 796,
      "p95_time_ns": 6.32139e6
    },
    "tree_2d_dgsem/elixir_euler_vortex_mortar.jl/p3_rhs!": {
      "cv": 0.029407763750024744,
      "p25_time_ns": 354143.0,
      "std_time_ns": 10570.145915126861,
      "median_time_ns": 355586.0,
      "allocs": 0,
      "gc_time_ns": 0.0,
      "memory_bytes": 0,
      "iqr_time_ns": 9168.0,
      "p75_time_ns": 363311.0,
      "min_time_ns": 351890.0,
      "mean_time_ns": 359433.8558,
      "max_time_ns": 608249.0,
      "p99_time_ns": 388788.0,
      "samples": 10000,
      "p95_time_ns": 370033.0
    },
    "tree_2d_dgsem/elixir_advection_amr_nonperiodic.jl/p7_analysis": {
      "cv": 0.004741953148925824,
      "p25_time_ns": 3.949457e6,
      "std_time_ns": 18771.056633479788,
      "median_time_ns": 3.953405e6,
      "allocs": 0,
      "gc_time_ns": 0.0,