{
  "metadata": {
    "run_number": 16,
    "julia_version": "1.11.9",
    "commit_hash": "90b2c7dc6438cbd66b6eff029a42700de93af5d0",
    "git_dirty": true,
    "hostname": "runnervmnay03",
    "git_branch": "main",
    "timestamp": "2026-02-26T03:15:06.038",
    "group": "trixi",
    "system": {
      "julia_threads": 1,
      "arch": "x86_64",
      "word_size": 64,
      "os": "Linux",
      "cpu_threads": 4
    }
  },
  "benchmarks": {
    "tree_2d_dgsem/elixir_euler_ec.jl/p7_analysis": {
      "cv": 0.017688691561656592,
      "p25_time_ns": 1.1692057e7,
      "std_time_ns": 209123.33538413464,
      "median_time_ns": 1.18408575e7,
      "allocs": 0,
      "gc_time_ns": 0.0,
      "memory_bytes": 0,
      "iqr_time_ns": 288129.0,
      "p75_time_ns": 1.1980186e7,
      "min_time_ns": 1.1040069e7,
      "mean_time_ns": 1.1822430995260663e7,
      "max_time_ns": 1.2288755e7,
      "p99_time_ns": 1.2212707e7,
      "samples": 422,
      "p95_time_ns": 1.2136153e7
    },
    "tree_1d_dgsem/elixir_mhd_ec.jl/p3_analysis": {
      "cv": 0.15340684927264067,
      "p25_time_ns": 2934.0,
      "std_time_ns": 458.76329013462646,
      "median_time_ns": 2957.0,
      "allocs": 0,
      "gc_time_ns": 0.0,
      "memory_bytes": 0,
      "iqr_time_ns": 48.0,
      "p75_time_ns": 2982.0,
      "min_time_ns": 2892.0,
      "mean_time_ns": 2990.5007,
      "max_time_ns": 21717.0,
      "p99_time_ns": 3065.0,
      "samples": 10000,
      "p95_time_ns": 3021.0
    },
    "tree_2d_dgsem/elixir_euler_ec.jl/p3_rhs!": {
      "cv": 0.03556241024362132,
      "p25_time_ns": 1.157638e6,
      "std_time_ns": 41434.67000699985,
      "median_time_ns": 1.159125e6,
      "allocs": 0,
      "gc_time_ns": 0.0,
      "memory_bytes": 0,
      "iqr_time_ns": 4837.0,
      "p75_time_ns": 1.162475e6,
      "min_time_ns": 1.154083e6,
      "mean_time_ns": 1.1651254716187806e6,
      "max_time_ns": 2.130668e6,
      "p99_time_ns": 1.246599e6,
      "samples": 4281,
      "p95_time_ns": 1.184222e6
    },
    "tree_1d_dgsem/elixir_mhd_ec.jl/p3_rhs!": {
      "cv": 0.11552648328685607,
      "p25_time_ns": 4509.0,
      "std_time_ns": 528.9347458820419,
      "median_time_ns": 4533.0,
      "allocs": 0,
      "gc_time_ns": 0.0,
      "memory_bytes": 0,
      "iqr_time_ns": 51.0,
      "p75_time_ns": 4560.0,
      "min_time_ns": 4430.0,
      "mean_time_ns": 4578.4718,
      "max_time_ns": 22280.0,
      "p99_time_ns": 4690.0,
      "samples": 10000,
      "p95_time_ns": 4623.0
    },
    "tree_2d_dgsem/elixir_advection_amr_nonperiodic.jl/p3_analysis": {
      "cv": 0.09261522757314636,
      "p25_time_ns": 598168.0,
      "std_time_ns": 58663.272338996714,
      "median_time_ns": 635312.0,
      "allocs": 0,
      "gc_time_ns": 0.0,
      "memory_bytes": 0,
      "iqr_time_ns": 61158.0,
      "p75_time_ns": 659326.0,
      "min_time_ns": 549138.0,
      "mean_time_ns": 633408.4996191927,
      "max_time_ns": 1.367994e6,
      "p99_time_ns": 871258.0,
      "samples": 7878,
      "p95_time_ns": 684389.0
    },
    "tree_2d_dgsem/elixir_advection_amr_nonperiodic.jl/p7_rhs!": {
      "cv": 0.03342051217662249,
      "p25_time_ns": 377442.0,
      "std_time_ns": 12992.39226731106,
      "median_time_ns": 389680.0,
      "allocs": 0,
      "gc_time_ns": 0.0,
      "memory_bytes": 0,
      "iqr_time_ns": 20578.0,
      "p75_time_ns": 398020.0,
      "min_time_ns": 327786.0,
      "mean_time_ns": 388755.0316,
      "max_time_ns": 576475.0,
      "p99_time_ns": 411848.0,
      "samples": 10000,
      "p95_time_ns": 404951.0
    },
    "tree_2d_dgsem/elixir_euler_ec.jl/p7_rhs!": {
      "cv": 0.01604593612869261,
      "p25_time_ns": 7.720291e6,
      "std_time_ns": 125278.51487345017,
      "median_time_ns": 7.805059e6,
      "allocs": 0,
      "gc_time_ns": 0.0,
      "memory_bytes": 0,
      "iqr_time_ns": 161528.0,
      "p75_time_ns": 7.881819e6,
      "min_time_ns": 7.563585e6,
      "mean_time_ns": 7.8074918078125e6,
      "max_time_ns": 8.366587e6,
      "p99_time_ns": 8.138383e6,
      "samples": 640,
      "p95_time_ns": 8.024169e6
    },
    "tree_2d_dgsem/elixir_euler_vortex_mortar.jl/p7_rhs!": {
      "cv": 0.02049129554370554,
      "p25_time_ns": 1.202682e6,
      "std_time_ns": 24758.69532084243,
      "median_time_ns": 1.206373e6,
      "allocs": 0,
      "gc_time_ns": 0.0,
      "memory_bytes": 0,
      "iqr_time_ns": 8240.0,
      "p75_time_ns": 1.210922e6,
      "min_time_ns": 1.159383e6,
      "mean_time_ns": 1.208254269137597e6,
      "max_time_ns": 1.526319e6,
      "p99_time_ns": 1.283018e6,
      "samples": 4128,
      "p95_time_ns": 1.220622e6
    },
    "tree_1d_dgsem/elixir_mhd_ec.jl/p7_rhs!": {
      "cv": 0.10773120090847009,
      "p25_time_ns": 12261.0,
      "std_time_ns": 1339.7607062444247,
      "median_time_ns": 12283.0,
      "allocs": 0,
      "gc_time_ns": 0.0,
      "memory_bytes": 0,
      "iqr_time_ns": 50.0,
      "p75_time_ns": 12311.0,
      "min_time_ns": 11891.0,
      "mean_time_ns": 12436.1438,
      "max_time_ns": 43243.0,
      "p99_time_ns": 17838.0,
      "samples": 10000,
      "p95_time_ns": 12374.0
    },
    "structured_1d_dgsem/elixir_euler_sedov.jl/p3_rhs!": {
      "cv": 0.06829099338985689,
      "p25_time_ns": 11190.0,
      "std_time_ns": 773.278708883234,
      "median_time_ns": 11237.0,
      "allocs": 0,
      "gc_time_ns": 0.0,
      "memory_bytes": 0,
      "iqr_time_ns": 95.0,
      "p75_time_ns": 11285.0,
      "min_time_ns": 11055.0,
      "mean_time_ns": 11323.2898,
      "max_time_ns": 38649.0,
      "p99_time_ns": 15966.0,
      "samples": 10000,
      "p95_time_ns": 11363.0
    },
    "tree_2d_dgsem/elixir_euler_ec.jl/p3_analysis": {
      "cv": 0.029266197064600905,
      "p25_time_ns": 2.381655e6,
      "std_time_ns": 71486.14632142923,
      "median_time_ns": 2.4446785e6,
      "allocs": 0,
      "gc_time_ns": 0.0,
      "memory_bytes": 0,
      "iqr_time_ns": 115079.0,
      "p75_time_ns": 2.496734e6,
      "min_time_ns": 2.163884e6,
      "mean_time_ns": 2.4426182248289343e6,
      "max_time_ns": 2.697007e6,
      "p99_time_ns": 2.568215e6,
      "samples": 2046,
      "p95_time_ns": 2.548501e6
    },
    "structured_1d_dgsem/elixir_euler_sedov.jl/p7_analysis": {
      "cv": 0.11654488853646199,
      "p25_time_ns": 7535.0,
      "std_time_ns": 907.6616497458466,
      "median_time_ns": 7655.0,
      "allocs": 128,
      "gc_time_ns": 0.0,
      "memory_bytes": 8192,
      "iqr_time_ns": 285.0,
      "p75_time_ns": 7820.0,
      "min_time_ns": 7376.0,
      "mean_time_ns": 7788.0863,
      "max_time_ns": 35797.0,
      "p99_time_ns": 10492.0,
      "samples": 10000,
      "p95_time_ns": 8171.0
    },
    "tree_2d_dgsem/elixir_euler_vortex_mortar.jl/p7_analysis": {
      "cv": 0.023654378990767624,
      "p25_time_ns": 6.334138e6,
      "std_time_ns": 152657.88049918629,
      "median_time_ns": 6.4475085e6,
      "allocs": 0,
      "gc_time_ns": 0.0,
      "memory_bytes": 0,
      "iqr_time_ns": 231968.0,
      "p75_time_ns": 6.566106e6,
      "min_time_ns": 5.960081e6,
      "mean_time_ns": 6.453683715762274e6,
      "max_time_ns": 7.176359e6,
      "p99_time_ns": 6.778602e6,
      "samples": 774,
      "p95_time_ns": 6.683423e6
    },
    "tree_2d_dgsem/elixir_euler_vortex_mortar.jl/p3_rhs!": {
      "cv": 0.021536962335440973,
      "p25_time_ns": 366093.0,
      "std_time_ns": 7972.880520668766,
      "median_time_ns": 367781.5,
      "allocs": 0,
      "gc_time_ns": 0.0,
      "memory_bytes": 0,
      "iqr_time_ns": 7462.0,
      "p75_time_ns": 373555.0,
      "min_time_ns": 363452.0,
      "mean_time_ns": 370195.2205,
      "max_time_ns": 607526.0,
      "p99_time_ns": 395539.0,
      "samples": 10000,
      "p95_time_ns": 377466.0
    },
    "tree_2d_dgsem/elixir_advection_amr_nonperiodic.jl/p7_analysis": {
      "cv": 0.028037628846000733,
      "p25_time_ns": 2.945496e6,
      "std_time_ns": 84719.01737305596,
      "median_time_ns": 3.021811e6,
      "allocs": 0,
      "gc_time_ns": 0.0,