{
  "metadata": {
    "run_number": 24,
    "julia_version": "1.11.9",
    "commit_hash": "90b2c7dc6438cbd66b6eff029a42700de93af5d0",
    "git_dirty": true,
    "hostname": "runnervm0kj6c",
    "git_branch": "main",
    "timestamp": "2026-03-06T03:14:36.942",
    "group": "trixi",
    "system": {
      "julia_threads": 1,
      "arch": "x86_64",
      "word_size": 64,
      "os": "Linux",
      "cpu_threads": 4
    }
  },
  "benchmarks": {
    "tree_2d_dgsem/elixir_euler_ec.jl/p7_analysis": {
      "cv": 0.0024551232386663,
      "p25_time_ns": 1.0893294e7,
      "std_time_ns": 26774.883609850964,
      "median_time_ns": 1.08987745e7,
      "allocs": 0,
      "gc_time_ns": 0.0,
      "memory_bytes": 0,
      "iqr_time_ns": 14207.0,
      "p75_time_ns": 1.0907501e7,
      "min_time_ns": 1.0879038e7,
      "mean_time_ns": 1.0905718779475983e7,
      "max_time_ns": 1.1156816e7,
      "p99_time_ns": 1.1024639e7,
      "samples": 458,
      "p95_time_ns": 1.0949649e7
    },
    "tree_1d_dgsem/elixir_mhd_ec.jl/p3_analysis": {
      "cv": 0.15063266497494746,
      "p25_time_ns": 3226.0,
      "std_time_ns": 491.64626471143913,
      "median_time_ns": 3236.0,
      "allocs": 0,
      "gc_time_ns": 0.0,
      "memory_bytes": 0,
      "iqr_time_ns": 20.0,
      "p75_time_ns": 3246.0,
      "min_time_ns": 3185.0,
      "mean_time_ns": 3263.8755,
      "max_time_ns": 19817.0,
      "p99_time_ns": 3326.0,
      "samples": 10000,
      "p95_time_ns": 3286.0
    },
    "tree_2d_dgsem/elixir_euler_ec.jl/p3_rhs!": {
      "cv": 0.01579726589246568,
      "p25_time_ns": 1.389698e6,
      "std_time_ns": 22090.45217215188,
      "median_time_ns": 1.3965955e6,
      "allocs": 0,
      "gc_time_ns": 0.0,
      "memory_bytes": 0,
      "iqr_time_ns": 10659.0,
      "p75_time_ns": 1.400357e6,
      "min_time_ns": 1.384499e6,
      "mean_time_ns": 1.3983718652661066e6,
      "max_time_ns": 1.994268e6,
      "p99_time_ns": 1.458587e6,
      "samples": 3570,
      "p95_time_ns": 1.415135e6
    },
    "tree_1d_dgsem/elixir_mhd_ec.jl/p3_rhs!": {
      "cv": 0.12039910235398707,
      "p25_time_ns": 5340.0,
      "std_time_ns": 651.369883335,
      "median_time_ns": 5350.0,
      "allocs": 0,
      "gc_time_ns": 0.0,
      "memory_bytes": 0,
      "iqr_time_ns": 21.0,
      "p75_time_ns": 5361.0,
      "min_time_ns": 5309.0,
      "mean_time_ns": 5410.0892,
      "max_time_ns": 23183.0,
      "p99_time_ns": 5991.0,
      "samples": 10000,
      "p95_time_ns": 5420.0
    },
    "tree_2d_dgsem/elixir_advection_amr_nonperiodic.jl/p3_analysis": {
      "cv": 0.007796305483399988,
      "p25_time_ns": 842425.0,
      "std_time_ns": 6578.66021505609,
      "median_time_ns": 843577.0,
      "allocs": 0,
      "gc_time_ns": 0.0,
      "memory_bytes": 0,
      "iqr_time_ns": 2535.0,
      "p75_time_ns": 844960.0,
      "min_time_ns": 832306.0,
      "mean_time_ns": 843817.6555630707,
      "max_time_ns": 965515.0,
      "p99_time_ns": 868022.0,
      "samples": 5914,
      "p95_time_ns": 850230.0
    },
    "tree_2d_dgsem/elixir_advection_amr_nonperiodic.jl/p7_rhs!": {
      "cv": 0.023037674384521666,
      "p25_time_ns": 318265.0,
      "std_time_ns": 7446.509952046596,
      "median_time_ns": 320208.0,
      "allocs": 0,
      "gc_time_ns": 0.0,
      "memory_bytes": 0,
      "iqr_time_ns": 9638.0,
      "p75_time_ns": 327903.0,
      "min_time_ns": 316462.0,
      "mean_time_ns": 323231.8431,
      "max_time_ns": 464890.0,
      "p99_time_ns": 347129.0,
      "samples": 10000,
      "p95_time_ns": 332291.0
    },
    "tree_2d_dgsem/elixir_euler_ec.jl/p7_rhs!": {
      "cv": 0.006467156605259327,
      "p25_time_ns": 9.449196e6,
      "std_time_ns": 61266.860098560595,
      "median_time_ns": 9.4583395e6,
      "allocs": 0,
      "gc_time_ns": 0.0,
      "memory_bytes": 0,
      "iqr_time_ns": 28143.0,
      "p75_time_ns": 9.477339e6,
      "min_time_ns": 9.430431e6,
      "mean_time_ns": 9.473538965909092e6,
      "max_time_ns": 1.0521017e7,
      "p99_time_ns": 9.661583e6,
      "samples": 528,
      "p95_time_ns": 9.559128e6
    },
    "tree_2d_dgsem/elixir_euler_vortex_mortar.jl/p7_rhs!": {
      "cv": 0.012158551978438728,
      "p25_time_ns": 1.142826e6,
      "std_time_ns": 13988.482920686009,
      "median_time_ns": 1.146333e6,
      "allocs": 0,
      "gc_time_ns": 0.0,
      "memory_bytes": 0,
      "iqr_time_ns": 11161.0,
      "p75_time_ns": 1.153987e6,
      "min_time_ns": 1.133679e6,
      "mean_time_ns": 1.1505056642840672e6,
      "max_time_ns": 1.441324e6,
      "p99_time_ns": 1.207307e6,
      "samples": 4337,
      "p95_time_ns": 1.172361e6
    },
    "tree_1d_dgsem/elixir_mhd_ec.jl/p7_rhs!": {
      "cv": 0.07644341510822229,
      "p25_time_ns": 14447.0,
      "std_time_ns": 1118.0342060944467,
      "median_time_ns": 14477.0,
      "allocs": 0,
      "gc_time_ns": 0.0,
      "memory_bytes": 0,
      "iqr_time_ns": 60.0,
      "p75_time_ns": 14507.0,
      "min_time_ns": 14367.0,
      "mean_time_ns": 14625.6444,
      "max_time_ns": 36860.0,
      "p99_time_ns": 22302.0,
      "samples": 10000,
      "p95_time_ns": 14567.0
    },
    "structured_1d_dgsem/elixir_euler_sedov.jl/p3_rhs!": {
      "cv": 0.08005083123862217,
      "p25_time_ns": 11842.0,
      "std_time_ns": 959.4443787250498,
      "median_time_ns": 11872.0,
      "allocs": 0,
      "gc_time_ns": 0.0,
      "memory_bytes": 0,
      "iqr_time_ns": 61.0,
      "p75_time_ns": 11903.0,
      "min_time_ns": 11742.0,
      "mean_time_ns": 11985.4393,
      "max_time_ns": 33643.0,
      "p99_time_ns": 19606.0,
      "samples": 10000,
      "p95_time_ns": 11972.0
    },
    "tree_2d_dgsem/elixir_euler_ec.jl/p3_analysis": {
      "cv": 0.02503289994235998,
      "p25_time_ns": 2.303406e6,
      "std_time_ns": 57918.99742352487,
      "median_time_ns": 2.308085e6,
      "allocs": 0,
      "gc_time_ns": 0.0,
      "memory_bytes": 0,
      "iqr_time_ns": 10570.0,
      "p75_time_ns": 2.313976e6,
      "min_time_ns": 2.297786e6,
      "mean_time_ns": 2.3137150532654007e6,
      "max_time_ns": 4.451851e6,
      "p99_time_ns": 2.376242e6,
      "samples": 2159,
      "p95_time_ns": 2.333553e6
    },
    "structured_1d_dgsem/elixir_euler_sedov.jl/p7_analysis": {
      "cv": 0.12164584072031061,
      "p25_time_ns": 8105.0,
      "std_time_ns": 1013.1624792641547,
      "median_time_ns": 8195.0,
      "allocs": 128,
      "gc_time_ns": 0.0,
      "memory_bytes": 8192,
      "iqr_time_ns": 220.0,
      "p75_time_ns": 8325.0,
      "min_time_ns": 7955.0,
      "mean_time_ns": 8328.7885,
      "max_time_ns": 41548.0,
      "p99_time_ns": 11081.0,
      "samples": 10000,
      "p95_time_ns": 8616.0
    },
    "tree_2d_dgsem/elixir_euler_vortex_mortar.jl/p7_analysis": {
      "cv": 0.01104431632102743,
      "p25_time_ns": 6.290009e6,
      "std_time_ns": 69630.00242950747,
      "median_time_ns": 6.296211e6,
      "allocs": 0,
      "gc_time_ns": 0.0,
      "memory_bytes": 0,
      "iqr_time_ns": 14597.0,
      "p75_time_ns": 6.304606e6,
      "min_time_ns": 6.276133e6,
      "mean_time_ns": 6.304600520807061e6,
      "max_time_ns": 8.108789e6,
      "p99_time_ns": 6.431213e6,
      "samples": 793,
      "p95_time_ns": 6.343408e6
    },
    "tree_2d_dgsem/elixir_euler_vortex_mortar.jl/p3_rhs!": {
      "cv": 0.02795766308531076,
      "p25_time_ns": 353702.0,
      "std_time_ns": 10052.437027712105,
      "median_time_ns": 355584.5,
      "allocs": 0,
      "gc_time_ns": 0.0,
      "memory_bytes": 0,
      "iqr_time_ns": 9387.0,
      "p75_time_ns": 363089.0,
      "min_time_ns": 350946.0,
      "mean_time_ns": 359559.2735,
      "max_time_ns": 584633.0,
      "p99_time_ns": 387925.0,
      "samples": 10000,
      "p95_time_ns": 372557.0
    },
    "tree_2d_dgsem/elixir_advection_amr_nonperiodic.jl/p7_analysis": {
      "cv": 0.0137496047986873,
      "p25_time_ns": 3.966277e6,
      "std_time_ns": 54876.468930964256,
      "median_time_ns": 3.9742995e6,
      "allocs": 0,
      "gc_time_ns": 0.0,