{
  "metadata": {
    "run_number": 18,
    "julia_version": "1.11.9",
    "commit_hash": "90b2c7dc6438cbd66b6eff029a42700de93af5d0",
    "git_dirty": true,
    "hostname": "runnervmnay03",
    "git_branch": "main",
    "timestamp": "2026-02-28T03:04:08.062",
    "group": "trixi",
    "system": {
      "julia_threads": 1,
      "arch": "x86_64",
      "word_size": 64,
      "os": "Linux",
      "cpu_threads": 4
    }
  },
  "benchmarks": {
    "tree_2d_dgsem/elixir_euler_ec.jl/p7_analysis": {
      "cv": 0.012965436212524039,
      "p25_time_ns": 1.2083763e7,
      "std_time_ns": 157780.145562314,
      "median_time_ns": 1.219924e7,
      "allocs": 0,
      "gc_time_ns": 0.0,
      "memory_bytes": 0,
      "iqr_time_ns": 211938.0,
      "p75_time_ns": 1.2295701e7,
      "min_time_ns": 1.1489406e7,
      "mean_time_ns": 1.2169289407317074e7,
      "max_time_ns": 1.2520378e7,
      "p99_time_ns": 1.2435931e7,
      "samples": 410,
      "p95_time_ns": 1.23666e7
    },
    "tree_1d_dgsem/elixir_mhd_ec.jl/p3_analysis": {
      "cv": 0.17812290884634843,
      "p25_time_ns": 3156.0,
      "std_time_ns": 576.7989215357709,
      "median_time_ns": 3180.0,
      "allocs": 0,
      "gc_time_ns": 0.0,
      "memory_bytes": 0,
      "iqr_time_ns": 49.0,
      "p75_time_ns": 3205.0,
      "min_time_ns": 3124.0,
      "mean_time_ns": 3238.2074,
      "max_time_ns": 28555.0,
      "p99_time_ns": 4751.0,
      "samples": 10000,
      "p95_time_ns": 3249.0
    },
    "tree_2d_dgsem/elixir_euler_ec.jl/p3_rhs!": {
      "cv": 0.03372677095558736,
      "p25_time_ns": 1.13578e6,
      "std_time_ns": 38530.08458206865,
      "median_time_ns": 1.1372415e6,
      "allocs": 0,
      "gc_time_ns": 0.0,
      "memory_bytes": 0,
      "iqr_time_ns": 5824.0,
      "p75_time_ns": 1.141604e6,
      "min_time_ns": 1.131451e6,
      "mean_time_ns": 1.142418425790197e6,
      "max_time_ns": 2.103547e6,
      "p99_time_ns": 1.193375e6,
      "samples": 4366,
      "p95_time_ns": 1.159058e6
    },
    "tree_1d_dgsem/elixir_mhd_ec.jl/p3_rhs!": {
      "cv": 0.13110210881149467,
      "p25_time_ns": 4522.0,
      "std_time_ns": 600.7859935688555,
      "median_time_ns": 4539.0,
      "allocs": 0,
      "gc_time_ns": 0.0,
      "memory_bytes": 0,
      "iqr_time_ns": 37.0,
      "p75_time_ns": 4559.0,
      "min_time_ns": 4457.0,
      "mean_time_ns": 4582.5807,
      "max_time_ns": 36482.0,
      "p99_time_ns": 4660.0,
      "samples": 10000,
      "p95_time_ns": 4596.0
    },
    "tree_2d_dgsem/elixir_advection_amr_nonperiodic.jl/p3_analysis": {
      "cv": 0.02380000600510792,
      "p25_time_ns": 692373.0,
      "std_time_ns": 16641.674644123756,
      "median_time_ns": 704514.0,
      "allocs": 0,
      "gc_time_ns": 0.0,
      "memory_bytes": 0,
      "iqr_time_ns": 14124.0,
      "p75_time_ns": 706497.0,
      "min_time_ns": 640087.0,
      "mean_time_ns": 699229.8506375228,
      "max_time_ns": 977710.0,
      "p99_time_ns": 734468.0,
      "samples": 7137,
      "p95_time_ns": 712650.0
    },
    "tree_2d_dgsem/elixir_advection_amr_nonperiodic.jl/p7_rhs!": {
      "cv": 0.026905889029710292,
      "p25_time_ns": 389064.0,
      "std_time_ns": 10637.517081415686,
      "median_time_ns": 398046.0,
      "allocs": 0,
      "gc_time_ns": 0.0,
      "memory_bytes": 0,
      "iqr_time_ns": 13528.0,
      "p75_time_ns": 402592.0,
      "min_time_ns": 325171.0,
      "mean_time_ns": 395360.1782,
      "max_time_ns": 543781.0,
      "p99_time_ns": 418988.0,
      "samples": 10000,
      "p95_time_ns": 405814.0
    },
    "tree_2d_dgsem/elixir_euler_ec.jl/p7_rhs!": {
      "cv": 0.009438739069808827,
      "p25_time_ns": 7.591047e6,
      "std_time_ns": 72110.29983427748,
      "median_time_ns": 7.6220265e6,
      "allocs": 0,
      "gc_time_ns": 0.0,
      "memory_bytes": 0,
      "iqr_time_ns": 73991.0,
      "p75_time_ns": 7.665038e6,
      "min_time_ns": 7.551316e6,
      "mean_time_ns": 7.6398234235474e6,
      "max_time_ns": 8.133306e6,
      "p99_time_ns": 7.949155e6,
      "samples": 654,
      "p95_time_ns": 7.773944e6
    },
    "tree_2d_dgsem/elixir_euler_vortex_mortar.jl/p7_rhs!": {
      "cv": 0.022876144933667283,
      "p25_time_ns": 1.194024e6,
      "std_time_ns": 27485.3703847864,
      "median_time_ns": 1.197626e6,
      "allocs": 0,
      "gc_time_ns": 0.0,
      "memory_bytes": 0,
      "iqr_time_ns": 8366.0,
      "p75_time_ns": 1.20239e6,
      "min_time_ns": 1.156021e6,
      "mean_time_ns": 1.2014861098530474e6,
      "max_time_ns": 1.828377e6,
      "p99_time_ns": 1.281411e6,
      "samples": 4151,
      "p95_time_ns": 1.223853e6
    },
    "tree_1d_dgsem/elixir_mhd_ec.jl/p7_rhs!": {
      "cv": 0.06748779689359181,
      "p25_time_ns": 12311.0,
      "std_time_ns": 839.5395684158392,
      "median_time_ns": 12342.0,
      "allocs": 0,
      "gc_time_ns": 0.0,
      "memory_bytes": 0,
      "iqr_time_ns": 65.0,
      "p75_time_ns": 12376.0,
      "min_time_ns": 11960.0,
      "mean_time_ns": 12439.8722,
      "max_time_ns": 42230.0,
      "p99_time_ns": 17121.0,
      "samples": 10000,
      "p95_time_ns": 12441.0
    },
    "structured_1d_dgsem/elixir_euler_sedov.jl/p3_rhs!": {
      "cv": 0.0716258147542774,
      "p25_time_ns": 11343.0,
      "std_time_ns": 821.9649431482686,
      "median_time_ns": 11388.0,
      "allocs": 0,
      "gc_time_ns": 0.0,
      "memory_bytes": 0,
      "iqr_time_ns": 96.0,
      "p75_time_ns": 11439.0,
      "min_time_ns": 11200.0,
      "mean_time_ns": 11475.8198,
      "max_time_ns": 39166.0,
      "p99_time_ns": 15935.0,
      "samples": 10000,
      "p95_time_ns": 11525.0
    },
    "tree_2d_dgsem/elixir_euler_ec.jl/p3_analysis": {
      "cv": 0.017558031528941417,
      "p25_time_ns": 2.509194e6,
      "std_time_ns": 44395.27835112819,
      "median_time_ns": 2.5439125e6,
      "allocs": 0,
      "gc_time_ns": 0.0,
      "memory_bytes": 0,
      "iqr_time_ns": 41229.0,
      "p75_time_ns": 2.550423e6,
      "min_time_ns": 2.370038e6,
      "mean_time_ns": 2.528488360323887e6,
      "max_time_ns": 2.77234e6,
      "p99_time_ns": 2.622604e6,
      "samples": 1976,
      "p95_time_ns": 2.574147e6
    },
    "structured_1d_dgsem/elixir_euler_sedov.jl/p7_analysis": {
      "cv": 0.19988000533562678,
      "p25_time_ns": 7416.0,
      "std_time_ns": 1587.9536182370716,
      "median_time_ns": 7562.5,
      "allocs": 128,
      "gc_time_ns": 0.0,
      "memory_bytes": 8192,
      "iqr_time_ns": 394.0,
      "p75_time_ns": 7810.0,
      "min_time_ns": 7328.0,
      "mean_time_ns": 7944.5346,
      "max_time_ns": 32681.0,
      "p99_time_ns": 14632.0,
      "samples": 10000,
      "p95_time_ns": 9291.0
    },
    "tree_2d_dgsem/elixir_euler_vortex_mortar.jl/p7_analysis": {
      "cv": 0.016416495335814688,
      "p25_time_ns": 6.531624e6,
      "std_time_ns": 108159.51798503233,
      "median_time_ns": 6.617943e6,
      "allocs": 0,
      "gc_time_ns": 0.0,
      "memory_bytes": 0,
      "iqr_time_ns": 129858.0,
      "p75_time_ns": 6.661482e6,
      "min_time_ns": 6.198412e6,
      "mean_time_ns": 6.588465794466403e6,
      "max_time_ns": 6.936958e6,
      "p99_time_ns": 6.775313e6,
      "samples": 759,
      "p95_time_ns": 6.724726e6
    },
    "tree_2d_dgsem/elixir_euler_vortex_mortar.jl/p3_rhs!": {
      "cv": 0.030443155156743416,
      "p25_time_ns": 367989.0,
      "std_time_ns": 11341.876769593322,
      "median_time_ns": 368904.0,
      "allocs": 0,
      "gc_time_ns": 0.0,
      "memory_bytes": 0,
      "iqr_time_ns": 7939.0,
      "p75_time_ns": 375928.0,
      "min_time_ns": 364024.0,
      "mean_time_ns": 372559.175,
      "max_time_ns": 671885.0,
      "p99_time_ns": 405990.0,
      "samples": 10000,
      "p95_time_ns": 380927.0
    },
    "tree_2d_dgsem/elixir_advection_amr_nonperiodic.jl/p7_analysis": {
      "cv": 0.041582846228286056,
      "p25_time_ns": 3.178997e6,
      "std_time_ns": 134673.68498289282,
      "median_time_ns": 3.259113e6,
      "allocs": 0,
      "gc_time_ns": 0.0,
      "memory_bytes": 0,