{
  "metadata": {
    "run_number": 22,
    "julia_version": "1.11.9",
    "commit_hash": "90b2c7dc6438cbd66b6eff029a42700de93af5d0",
    "git_dirty": true,
    "hostname": "runnervmnay03",
    "git_branch": "main",
    "timestamp": "2026-03-04T03:12:15.122",
    "group": "trixi",
    "system": {
      "julia_threads": 1,
      "arch": "x86_64",
      "word_size": 64,
      "os": "Linux",
      "cpu_threads": 4
    }
  },
  "benchmarks": {
    "tree_2d_dgsem/elixir_euler_ec.jl/p7_analysis": {
      "cv": 0.0069471759191072615,
      "p25_time_ns": 1.0846593e7,
      "std_time_ns": 75415.06243579491,
      "median_time_ns": 1.0853631e7,
      "allocs": 0,
      "gc_time_ns": 0.0,
      "memory_bytes": 0,
      "iqr_time_ns": 18103.0,
      "p75_time_ns": 1.0864696e7,
      "min_time_ns": 1.0370039e7,
      "mean_time_ns": 1.0855499171739131e7,
      "max_time_ns": 1.1691221e7,
      "p99_time_ns": 1.1075077e7,
      "samples": 460,
      "p95_time_ns": 1.0907286e7
    },
    "tree_1d_dgsem/elixir_mhd_ec.jl/p3_analysis": {
      "cv": 0.19825405844397584,
      "p25_time_ns": 3156.0,
      "std_time_ns": 636.3143623936355,
      "median_time_ns": 3166.0,
      "allocs": 0,
      "gc_time_ns": 0.0,
      "memory_bytes": 0,
      "iqr_time_ns": 20.0,
      "p75_time_ns": 3176.0,
      "min_time_ns": 3116.0,
      "mean_time_ns": 3209.5906,
      "max_time_ns": 24706.0,
      "p99_time_ns": 3257.0,
      "samples": 10000,
      "p95_time_ns": 3217.0
    },
    "tree_2d_dgsem/elixir_euler_ec.jl/p3_rhs!": {
      "cv": 0.00976534208222075,
      "p25_time_ns": 1.383699e6,
      "std_time_ns": 13572.816613742294,
      "median_time_ns": 1.385956e6,
      "allocs": 0,
      "gc_time_ns": 0.0,
      "memory_bytes": 0,
      "iqr_time_ns": 8634.0,
      "p75_time_ns": 1.392333e6,
      "min_time_ns": 1.274895e6,
      "mean_time_ns": 1.3898966876391983e6,
      "max_time_ns": 1.628401e6,
      "p99_time_ns": 1.447476e6,
      "samples": 3592,
      "p95_time_ns": 1.405358e6
    },
    "tree_1d_dgsem/elixir_mhd_ec.jl/p3_rhs!": {
      "cv": 0.13338173853527127,
      "p25_time_ns": 5359.0,
      "std_time_ns": 725.3808993316211,
      "median_time_ns": 5369.0,
      "allocs": 0,
      "gc_time_ns": 0.0,
      "memory_bytes": 0,
      "iqr_time_ns": 21.0,
      "p75_time_ns": 5380.0,
      "min_time_ns": 5319.0,
      "mean_time_ns": 5438.3824,
      "max_time_ns": 22651.0,
      "p99_time_ns": 7625.0,
      "samples": 10000,
      "p95_time_ns": 5430.0
    },
    "tree_2d_dgsem/elixir_advection_amr_nonperiodic.jl/p3_analysis": {
      "cv": 0.013855988403517837,
      "p25_time_ns": 837464.0,
      "std_time_ns": 11614.594813822921,
      "median_time_ns": 838236.0,
      "allocs": 0,
      "gc_time_ns": 0.0,
      "memory_bytes": 0,
      "iqr_time_ns": 1924.0,
      "p75_time_ns": 839388.0,
      "min_time_ns": 764989.0,
      "mean_time_ns": 838236.4704400403,
      "max_time_ns": 1.09391e6,
      "p99_time_ns": 869333.0,
      "samples": 5954,
      "p95_time_ns": 846021.0
    },
    "tree_2d_dgsem/elixir_advection_amr_nonperiodic.jl/p7_rhs!": {
      "cv": 0.04025673419549378,
      "p25_time_ns": 318801.0,
      "std_time_ns": 13055.443094285945,
      "median_time_ns": 320555.0,
      "allocs": 0,
      "gc_time_ns": 0.0,
      "memory_bytes": 0,
      "iqr_time_ns": 9428.0,
      "p75_time_ns": 328229.0,
      "min_time_ns": 292834.0,
      "mean_time_ns": 324304.5755,
      "max_time_ns": 525766.0,
      "p99_time_ns": 378231.0,
      "samples": 10000,
      "p95_time_ns": 332507.0
    },
    "tree_2d_dgsem/elixir_euler_ec.jl/p7_rhs!": {
      "cv": 0.006620810167224186,
      "p25_time_ns": 9.434945e6,
      "std_time_ns": 62580.638630587695,
      "median_time_ns": 9.442018e6,
      "allocs": 0,
      "gc_time_ns": 0.0,
      "memory_bytes": 0,
      "iqr_time_ns": 17037.0,
      "p75_time_ns": 9.451982e6,
      "min_time_ns": 9.119896e6,
      "mean_time_ns": 9.45211190926276e6,
      "max_time_ns": 1.0479594e7,
      "p99_time_ns": 9.650411e6,
      "samples": 529,
      "p95_time_ns": 9.509679e6
    },
    "tree_2d_dgsem/elixir_euler_vortex_mortar.jl/p7_rhs!": {
      "cv": 0.01870962575165049,
      "p25_time_ns": 1.134796e6,
      "std_time_ns": 21329.33754271761,
      "median_time_ns": 1.1366e6,
      "allocs": 0,
      "gc_time_ns": 0.0,
      "memory_bytes": 0,
      "iqr_time_ns": 5250.0,
      "p75_time_ns": 1.140046e6,
      "min_time_ns": 1.045029e6,
      "mean_time_ns": 1.1400194651587845e6,
      "max_time_ns": 1.735982e6,
      "p99_time_ns": 1.204866e6,
      "samples": 4377,
      "p95_time_ns": 1.151347e6
    },
    "tree_1d_dgsem/elixir_mhd_ec.jl/p7_rhs!": {
      "cv": 0.07540191113179828,
      "p25_time_ns": 14567.0,
      "std_time_ns": 1112.1747659472592,
      "median_time_ns": 14588.0,
      "allocs": 0,
      "gc_time_ns": 0.0,
      "memory_bytes": 0,
      "iqr_time_ns": 60.0,
      "p75_time_ns": 14627.0,
      "min_time_ns": 14477.0,
      "mean_time_ns": 14749.9546,
      "max_time_ns": 43000.0,
      "p99_time_ns": 22141.0,
      "samples": 10000,
      "p95_time_ns": 14687.0
    },
    "structured_1d_dgsem/elixir_euler_sedov.jl/p3_rhs!": {
      "cv": 0.08721496266393391,
      "p25_time_ns": 11912.0,
      "std_time_ns": 1053.47333659003,
      "median_time_ns": 11942.0,
      "allocs": 0,
      "gc_time_ns": 0.0,
      "memory_bytes": 0,
      "iqr_time_ns": 60.0,
      "p75_time_ns": 11972.0,
      "min_time_ns": 11851.0,
      "mean_time_ns": 12079.0436,
      "max_time_ns": 38832.0,
      "p99_time_ns": 19387.0,
      "samples": 10000,
      "p95_time_ns": 12032.0
    },
    "tree_2d_dgsem/elixir_euler_ec.jl/p3_analysis": {
      "cv": 0.01151619686050798,
      "p25_time_ns": 2.286843e6,
      "std_time_ns": 26428.515625832355,
      "median_time_ns": 2.290149e6,
      "allocs": 0,
      "gc_time_ns": 0.0,
      "memory_bytes": 0,
      "iqr_time_ns": 9157.0,
      "p75_time_ns": 2.296e6,
      "min_time_ns": 2.138898e6,
      "mean_time_ns": 2.294899604960955e6,
      "max_time_ns": 2.764029e6,
      "p99_time_ns": 2.362343e6,
      "samples": 2177,
      "p95_time_ns": 2.313714e6
    },
    "structured_1d_dgsem/elixir_euler_sedov.jl/p7_analysis": {
      "cv": 0.11539633385976644,
      "p25_time_ns": 7924.0,
      "std_time_ns": 938.1315747703826,
      "median_time_ns": 8005.0,
      "allocs": 128,
      "gc_time_ns": 0.0,
      "memory_bytes": 8192,
      "iqr_time_ns": 201.0,
      "p75_time_ns": 8125.0,
      "min_time_ns": 7775.0,
      "mean_time_ns": 8129.648,
      "max_time_ns": 24656.0,
      "p99_time_ns": 10980.0,
      "samples": 10000,
      "p95_time_ns": 8355.0
    },
    "tree_2d_dgsem/elixir_euler_vortex_mortar.jl/p7_analysis": {
      "cv": 0.00815935327686315,
      "p25_time_ns": 6.286675e6,
      "std_time_ns": 51405.266306136094,
      "median_time_ns": 6.291218e6,
      "allocs": 0,
      "gc_time_ns": 0.0,
      "memory_bytes": 0,
      "iqr_time_ns": 11541.0,
      "p75_time_ns": 6.298216e6,
      "min_time_ns": 6.205554e6,
      "mean_time_ns": 6.300164309823678e6,
      "max_time_ns": 7.30828e6,
      "p99_time_ns": 6.464835e6,
      "samples": 794,
      "p95_time_ns": 6.340354e6
    },
    "tree_2d_dgsem/elixir_euler_vortex_mortar.jl/p3_rhs!": {
      "cv": 0.02233652530179238,
      "p25_time_ns": 349449.0,
      "std_time_ns": 7902.404836898154,
      "median_time_ns": 350340.0,
      "allocs": 0,
      "gc_time_ns": 0.0,
      "memory_bytes": 0,
      "iqr_time_ns": 8886.0,
      "p75_time_ns": 358335.0,
      "min_time_ns": 325684.0,
      "mean_time_ns": 353788.4577,
      "max_time_ns": 604452.0,
      "p99_time_ns": 375276.0,
      "samples": 10000,
      "p95_time_ns": 360309.0
    },
    "tree_2d_dgsem/elixir_advection_amr_nonperiodic.jl/p7_analysis": {
      "cv": 0.0041887090289911885,
      "p25_time_ns": 3.942946e6,
      "std_time_ns": 16547.193028009246,
      "median_time_ns": 3.945992e6,
      "allocs": 0,
      "gc_time_ns": 0.0,
      "memory_bytes": 0,