{
  "metadata": {
    "run_number": 15,
    "julia_version": "1.11.9",
    "commit_hash": "90b2c7dc6438cbd66b6eff029a42700de93af5d0",
    "git_dirty": true,
    "hostname": "runnervmwffz4",
    "git_branch": "main",
    "timestamp": "2026-02-25T03:16:23.331",
    "group": "trixi",
    "system": {
      "julia_threads": 1,
      "arch": "x86_64",
      "word_size": 64,
      "os": "Linux",
      "cpu_threads": 4
    }
  },
  "benchmarks": {
    "tree_2d_dgsem/elixir_euler_ec.jl/p7_analysis": {
      "cv": 0.004810547607994451,
      "p25_time_ns": 1.0036647e7,
      "std_time_ns": 48378.980666174706,
      "median_time_ns": 1.004431e7,
      "allocs": 0,
      "gc_time_ns": 0.0,
      "memory_bytes": 0,
      "iqr_time_ns": 25353.0,
      "p75_time_ns": 1.0062e7,
      "min_time_ns": 1.0020977e7,
      "mean_time_ns": 1.00568551875e7,
      "max_time_ns": 1.0668207e7,
      "p99_time_ns": 1.0240716e7,
      "samples": 496,
      "p95_time_ns": 1.0108083e7
    },
    "tree_1d_dgsem/elixir_mhd_ec.jl/p3_analysis": {
      "cv": 0.12852922817898663,
      "p25_time_ns": 2930.0,
      "std_time_ns": 383.07381992177557,
      "median_time_ns": 2952.0,
      "allocs": 0,
      "gc_time_ns": 0.0,
      "memory_bytes": 0,
      "iqr_time_ns": 49.0,
      "p75_time_ns": 2979.0,
      "min_time_ns": 2888.0,
      "mean_time_ns": 2980.4413,
      "max_time_ns": 21496.0,
      "p99_time_ns": 3064.0,
      "samples": 10000,
      "p95_time_ns": 3020.0
    },
    "tree_2d_dgsem/elixir_euler_ec.jl/p3_rhs!": {
      "cv": 0.009898563894352595,
      "p25_time_ns": 1.136846e6,
      "std_time_ns": 11291.97705173241,
      "median_time_ns": 1.1378675e6,
      "allocs": 0,
      "gc_time_ns": 0.0,
      "memory_bytes": 0,
      "iqr_time_ns": 3626.0,
      "p75_time_ns": 1.140472e6,
      "min_time_ns": 1.132935e6,
      "mean_time_ns": 1.1407692239249772e6,
      "max_time_ns": 1.394394e6,
      "p99_time_ns": 1.182042e6,
      "samples": 4372,
      "p95_time_ns": 1.158723e6
    },
    "tree_1d_dgsem/elixir_mhd_ec.jl/p3_rhs!": {
      "cv": 0.15297203286024508,
      "p25_time_ns": 4523.0,
      "std_time_ns": 710.0435388607503,
      "median_time_ns": 4548.0,
      "allocs": 0,
      "gc_time_ns": 0.0,
      "memory_bytes": 0,
      "iqr_time_ns": 58.0,
      "p75_time_ns": 4581.0,
      "min_time_ns": 4445.0,
      "mean_time_ns": 4641.6559,
      "max_time_ns": 27068.0,
      "p99_time_ns": 7299.0,
      "samples": 10000,
      "p95_time_ns": 4652.0
    },
    "tree_2d_dgsem/elixir_advection_amr_nonperiodic.jl/p3_analysis": {
      "cv": 0.010723905529790287,
      "p25_time_ns": 552915.0,
      "std_time_ns": 5963.080733631879,
      "median_time_ns": 556048.0,
      "allocs": 0,
      "gc_time_ns": 0.0,
      "memory_bytes": 0,
      "iqr_time_ns": 4837.0,
      "p75_time_ns": 557752.0,
      "min_time_ns": 537990.0,
      "mean_time_ns": 556054.948177867,
      "max_time_ns": 712151.0,
      "p99_time_ns": 581345.0,
      "samples": 8973,
      "p95_time_ns": 560552.0
    },
    "tree_2d_dgsem/elixir_advection_amr_nonperiodic.jl/p7_rhs!": {
      "cv": 0.028727201196021467,
      "p25_time_ns": 329315.0,
      "std_time_ns": 9535.034313628232,
      "median_time_ns": 330119.0,
      "allocs": 0,
      "gc_time_ns": 0.0,
      "memory_bytes": 0,
      "iqr_time_ns": 4865.0,
      "p75_time_ns": 334180.0,
      "min_time_ns": 327390.0,
      "mean_time_ns": 331916.5779,
      "max_time_ns": 742688.0,
      "p99_time_ns": 344105.0,
      "samples": 10000,
      "p95_time_ns": 336253.0
    },
    "tree_2d_dgsem/elixir_euler_ec.jl/p7_rhs!": {
      "cv": 0.004660916112880229,
      "p25_time_ns": 7.593213e6,
      "std_time_ns": 35465.29460773891,
      "median_time_ns": 7.598374e6,
      "allocs": 0,
      "gc_time_ns": 0.0,
      "memory_bytes": 0,
      "iqr_time_ns": 18063.0,
      "p75_time_ns": 7.611276e6,
      "min_time_ns": 7.580504e6,
      "mean_time_ns": 7.609082366818873e6,
      "max_time_ns": 8.134306e6,
      "p99_time_ns": 7.741068e6,
      "samples": 657,
      "p95_time_ns": 7.661171e6
    },
    "tree_2d_dgsem/elixir_euler_vortex_mortar.jl/p7_rhs!": {
      "cv": 0.022010122406925407,
      "p25_time_ns": 1.196585e6,
      "std_time_ns": 26490.654823128978,
      "median_time_ns": 1.199162e6,
      "allocs": 0,
      "gc_time_ns": 0.0,
      "memory_bytes": 0,
      "iqr_time_ns": 6174.0,
      "p75_time_ns": 1.202759e6,
      "min_time_ns": 1.184842e6,
      "mean_time_ns": 1.2035669013268999e6,
      "max_time_ns": 1.604763e6,
      "p99_time_ns": 1.417412e6,
      "samples": 4145,
      "p95_time_ns": 1.217423e6
    },
    "tree_1d_dgsem/elixir_mhd_ec.jl/p7_rhs!": {
      "cv": 0.18144747963861854,
      "p25_time_ns": 11978.0,
      "std_time_ns": 2267.049591842875,
      "median_time_ns": 12270.0,
      "allocs": 0,
      "gc_time_ns": 0.0,
      "memory_bytes": 0,
      "iqr_time_ns": 350.0,
      "p75_time_ns": 12328.0,
      "min_time_ns": 11862.0,
      "mean_time_ns": 12494.2468,
      "max_time_ns": 41510.0,
      "p99_time_ns": 31016.0,
      "samples": 10000,
      "p95_time_ns": 12425.0
    },
    "structured_1d_dgsem/elixir_euler_sedov.jl/p3_rhs!": {
      "cv": 0.05975734817605174,
      "p25_time_ns": 11193.0,
      "std_time_ns": 675.7458455740154,
      "median_time_ns": 11239.0,
      "allocs": 0,
      "gc_time_ns": 0.0,
      "memory_bytes": 0,
      "iqr_time_ns": 96.0,
      "p75_time_ns": 11289.0,
      "min_time_ns": 11074.0,
      "mean_time_ns": 11308.1632,
      "max_time_ns": 45375.0,
      "p99_time_ns": 15570.0,
      "samples": 10000,
      "p95_time_ns": 11368.0
    },
    "tree_2d_dgsem/elixir_euler_ec.jl/p3_analysis": {
      "cv": 0.00602996324984708,
      "p25_time_ns": 2.106911e6,
      "std_time_ns": 12729.269070972094,
      "median_time_ns": 2.109019e6,
      "allocs": 0,
      "gc_time_ns": 0.0,
      "memory_bytes": 0,
      "iqr_time_ns": 4595.0,
      "p75_time_ns": 2.111506e6,
      "min_time_ns": 2.098136e6,
      "mean_time_ns": 2.111002761301225e6,
      "max_time_ns": 2.488241e6,
      "p99_time_ns": 2.151101e6,
      "samples": 2367,
      "p95_time_ns": 2.122727e6
    },
    "structured_1d_dgsem/elixir_euler_sedov.jl/p7_analysis": {
      "cv": 0.20858305108311778,
      "p25_time_ns": 7327.0,
      "std_time_ns": 1610.2170599046704,
      "median_time_ns": 7407.5,
      "allocs": 128,
      "gc_time_ns": 0.0,
      "memory_bytes": 8192,
      "iqr_time_ns": 275.0,
      "p75_time_ns": 7602.0,
      "min_time_ns": 7224.0,
      "mean_time_ns": 7719.7886,
      "max_time_ns": 26606.0,
      "p99_time_ns": 20030.0,
      "samples": 10000,
      "p95_time_ns": 7996.0
    },
    "tree_2d_dgsem/elixir_euler_vortex_mortar.jl/p7_analysis": {
      "cv": 0.00666923126068406,
      "p25_time_ns": 5.464056e6,
      "std_time_ns": 36571.464608197384,
      "median_time_ns": 5.4811495e6,
      "allocs": 0,
      "gc_time_ns": 0.0,
      "memory_bytes": 0,
      "iqr_time_ns": 33943.0,
      "p75_time_ns": 5.497999e6,
      "min_time_ns": 5.414611e6,
      "mean_time_ns": 5.483610206140351e6,
      "max_time_ns": 6.219166e6,
      "p99_time_ns": 5.565327e6,
      "samples": 912,
      "p95_time_ns": 5.527127e6
    },
    "tree_2d_dgsem/elixir_euler_vortex_mortar.jl/p3_rhs!": {
      "cv": 0.01855291545913981,
      "p25_time_ns": 354467.0,
      "std_time_ns": 6639.189448320524,
      "median_time_ns": 355133.0,
      "allocs": 0,
      "gc_time_ns": 0.0,
      "memory_bytes": 0,
      "iqr_time_ns": 7251.0,
      "p75_time_ns": 361718.0,
      "min_time_ns": 351540.0,
      "mean_time_ns": 357851.5443,
      "max_time_ns": 585372.0,
      "p99_time_ns": 379271.0,
      "samples": 10000,
      "p95_time_ns": 363641.0
    },
    "tree_2d_dgsem/elixir_advection_amr_nonperiodic.jl/p7_analysis": {
      "cv": 0.007295365440099762,
      "p25_time_ns": 2.54653e6,
      "std_time_ns": 18639.759835001554,
      "median_time_ns": 2.553488e6,
      "allocs": 0,
      "gc_time_ns": 0.0,
      "memory_bytes": 0,