{
  "metadata": {
    "run_number": 2,
    "julia_version": "1.11.9",
    "commit_hash": "90b2c7dc6438cbd66b6eff029a42700de93af5d0",
    "git_dirty": true,
    "hostname": "runnervmwffz4",
    "git_branch": "main",
    "timestamp": "2026-02-12T03:15:19.601",
    "group": "trixi",
    "system": {
      "julia_threads": 1,
      "arch": "x86_64",
      "word_size": 64,
      "os": "Linux",
      "cpu_threads": 4
    }
  },
  "benchmarks": {
    "tree_2d_dgsem/elixir_euler_ec.jl/p7_analysis": {
      "cv": 0.004995942960782,
      "p25_time_ns": 1.0891772e7,
      "std_time_ns": 54547.35148008172,
      "median_time_ns": 1.0904914e7,
      "allocs": 0,
      "gc_time_ns": 0.0,
      "memory_bytes": 0,
      "iqr_time_ns": 34732.0,
      "p75_time_ns": 1.0926504e7,
      "min_time_ns": 1.0873095e7,
      "mean_time_ns": 1.0918329514223196e7,
      "max_time_ns": 1.145188e7,
      "p99_time_ns": 1.1171759e7,
      "samples": 457,
      "p95_time_ns": 1.0987267e7
    },
    "tree_1d_dgsem/elixir_mhd_ec.jl/p3_analysis": {
      "cv": 0.15924857638212883,
      "p25_time_ns": 3136.0,
      "std_time_ns": 506.2912434860324,
      "median_time_ns": 3146.0,
      "allocs": 0,
      "gc_time_ns": 0.0,
      "memory_bytes": 0,
      "iqr_time_ns": 20.0,
      "p75_time_ns": 3156.0,
      "min_time_ns": 3105.0,
      "mean_time_ns": 3179.2513,
      "max_time_ns": 20639.0,
      "p99_time_ns": 3237.0,
      "samples": 10000,
      "p95_time_ns": 3196.0
    },
    "tree_2d_dgsem/elixir_euler_ec.jl/p3_rhs!": {
      "cv": 0.011662157164464377,
      "p25_time_ns": 1.388391e6,
      "std_time_ns": 16284.563244101324,
      "median_time_ns": 1.394463e6,
      "allocs": 0,
      "gc_time_ns": 0.0,
      "memory_bytes": 0,
      "iqr_time_ns": 10220.0,
      "p75_time_ns": 1.398611e6,
      "min_time_ns": 1.384004e6,
      "mean_time_ns": 1.3963594397202798e6,
      "max_time_ns": 1.93065e6,
      "p99_time_ns": 1.445748e6,
      "samples": 3575,
      "p95_time_ns": 1.41482e6
    },
    "tree_1d_dgsem/elixir_mhd_ec.jl/p3_rhs!": {
      "cv": 0.14743944800317865,
      "p25_time_ns": 5340.0,
      "std_time_ns": 797.7775437540041,
      "median_time_ns": 5350.0,
      "allocs": 0,
      "gc_time_ns": 0.0,
      "memory_bytes": 0,
      "iqr_time_ns": 19.0,
      "p75_time_ns": 5359.0,
      "min_time_ns": 5300.0,
      "mean_time_ns": 5410.8826,
      "max_time_ns": 42810.0,
      "p99_time_ns": 5451.0,
      "samples": 10000,
      "p95_time_ns": 5410.0
    },
    "tree_2d_dgsem/elixir_advection_amr_nonperiodic.jl/p3_analysis": {
      "cv": 0.011916508838354692,
      "p25_time_ns": 837507.0,
      "std_time_ns": 9997.31720709767,
      "median_time_ns": 838309.0,
      "allocs": 0,
      "gc_time_ns": 0.0,
      "memory_bytes": 0,
      "iqr_time_ns": 2114.0,
      "p75_time_ns": 839621.0,
      "min_time_ns": 828951.0,
      "mean_time_ns": 838946.8209783157,
      "max_time_ns": 1.384384e6,
      "p99_time_ns": 867253.0,
      "samples": 5949,
      "p95_time_ns": 848758.0
    },
    "tree_2d_dgsem/elixir_advection_amr_nonperiodic.jl/p7_rhs!": {
      "cv": 0.022901914051397937,
      "p25_time_ns": 322319.0,
      "std_time_ns": 7490.275564147151,
      "median_time_ns": 323662.0,
      "allocs": 0,
      "gc_time_ns": 0.0,
      "memory_bytes": 0,
      "iqr_time_ns": 9307.0,
      "p75_time_ns": 331626.0,
      "min_time_ns": 320556.0,
      "mean_time_ns": 327058.9326,
      "max_time_ns": 479992.0,
      "p99_time_ns": 353968.0,
      "samples": 10000,
      "p95_time_ns": 336586.0
    },
    "tree_2d_dgsem/elixir_euler_ec.jl/p7_rhs!": {
      "cv": 0.007995568946495226,
      "p25_time_ns": 9.464916e6,
      "std_time_ns": 75974.84290528554,
      "median_time_ns": 9.482279e6,
      "allocs": 0,
      "gc_time_ns": 0.0,
      "memory_bytes": 0,
      "iqr_time_ns": 46798.0,
      "p75_time_ns": 9.511714e6,
      "min_time_ns": 9.441643e6,
      "mean_time_ns": 9.502118412547529e6,
      "max_time_ns": 1.0450178e7,
      "p99_time_ns": 9.825266e6,
      "samples": 526,
      "p95_time_ns": 9.600228e6
    },
    "tree_2d_dgsem/elixir_euler_vortex_mortar.jl/p7_rhs!": {
      "cv": 0.012769546918125768,
      "p25_time_ns": 1.140992e6,
      "std_time_ns": 14665.687550193335,
      "median_time_ns": 1.145059e6,
      "allocs": 0,
      "gc_time_ns": 0.0,
      "memory_bytes": 0,
      "iqr_time_ns": 10239.0,
      "p75_time_ns": 1.151231e6,
      "min_time_ns": 1.131724e6,
      "mean_time_ns": 1.1484892646720367e6,
      "max_time_ns": 1.398361e6,
      "p99_time_ns": 1.20484e6,
      "samples": 4345,
      "p95_time_ns": 1.168703e6
    },
    "tree_1d_dgsem/elixir_mhd_ec.jl/p7_rhs!": {
      "cv": 0.07340571331659171,
      "p25_time_ns": 14317.0,
      "std_time_ns": 1063.267465298448,
      "median_time_ns": 14347.0,
      "allocs": 0,
      "gc_time_ns": 0.0,
      "memory_bytes": 0,
      "iqr_time_ns": 60.0,
      "p75_time_ns": 14377.0,
      "min_time_ns": 14206.0,
      "mean_time_ns": 14484.8053,
      "max_time_ns": 47378.0,
      "p99_time_ns": 21490.0,
      "samples": 10000,
      "p95_time_ns": 14437.0
    },
    "structured_1d_dgsem/elixir_euler_sedov.jl/p3_rhs!": {
      "cv": 0.09154492440612752,
      "p25_time_ns": 12062.0,
      "std_time_ns": 1119.4275390897471,
      "median_time_ns": 12093.0,
      "allocs": 0,
      "gc_time_ns": 0.0,
      "memory_bytes": 0,
      "iqr_time_ns": 80.0,
      "p75_time_ns": 12142.0,
      "min_time_ns": 11922.0,
      "mean_time_ns": 12228.177,
      "max_time_ns": 45965.0,
      "p99_time_ns": 19366.0,
      "samples": 10000,
      "p95_time_ns": 12222.0
    },
    "tree_2d_dgsem/elixir_euler_ec.jl/p3_analysis": {
      "cv": 0.03555745841695604,
      "p25_time_ns": 2.290869e6,
      "std_time_ns": 81957.25520059592,
      "median_time_ns": 2.294908e6,
      "allocs": 0,
      "gc_time_ns": 0.0,
      "memory_bytes": 0,
      "iqr_time_ns": 9929.0,
      "p75_time_ns": 2.300798e6,
      "min_time_ns": 2.285801e6,
      "mean_time_ns": 2.3049244476234424e6,
      "max_time_ns": 3.608971e6,
      "p99_time_ns": 2.394522e6,
      "samples": 2167,
      "p95_time_ns": 2.325574e6
    },
    "structured_1d_dgsem/elixir_euler_sedov.jl/p7_analysis": {
      "cv": 0.12219345187516699,
      "p25_time_ns": 8075.0,
      "std_time_ns": 1025.3308755833125,
      "median_time_ns": 8186.0,
      "allocs": 128,
      "gc_time_ns": 0.0,
      "memory_bytes": 8192,
      "iqr_time_ns": 391.0,
      "p75_time_ns": 8466.0,
      "min_time_ns": 7935.0,
      "mean_time_ns": 8391.046,
      "max_time_ns": 29325.0,
      "p99_time_ns": 11491.0,
      "samples": 10000,
      "p95_time_ns": 8856.0
    },
    "tree_2d_dgsem/elixir_euler_vortex_mortar.jl/p7_analysis": {
      "cv": 0.004318596310483853,
      "p25_time_ns": 6.357732e6,
      "std_time_ns": 27523.449295606904,
      "median_time_ns": 6.3674145e6,
      "allocs": 0,
      "gc_time_ns": 0.0,
      "memory_bytes": 0,
      "iqr_time_ns": 23984.0,
      "p75_time_ns": 6.381716e6,
      "min_time_ns": 6.32485e6,
      "mean_time_ns": 6.3732396632653065e6,
      "max_time_ns": 6.631881e6,
      "p99_time_ns": 6.504455e6,
      "samples": 784,
      "p95_time_ns": 6.415078e6
    },
    "tree_2d_dgsem/elixir_euler_vortex_mortar.jl/p3_rhs!": {
      "cv": 0.09493634844373308,
      "p25_time_ns": 351313.0,
      "std_time_ns": 34155.55912589694,
      "median_time_ns": 353968.5,
      "allocs": 0,
      "gc_time_ns": 0.0,
      "memory_bytes": 0,
      "iqr_time_ns": 9538.0,
      "p75_time_ns": 360851.0,
      "min_time_ns": 348408.0,
      "mean_time_ns": 359773.2553,
      "max_time_ns": 1.098502e6,
      "p99_time_ns": 423468.0,
      "samples": 10000,
      "p95_time_ns": 372733.0
    },
    "tree_2d_dgsem/elixir_advection_amr_nonperiodic.jl/p7_analysis": {
      "cv": 0.00875292141994914,
      "p25_time_ns": 3.93695e6,
      "std_time_ns": 34689.87171023706,
      "median_time_ns": 3.953632e6,
      "allocs": 0,
      "gc_time_ns": 0.0,
      "memory_bytes": 0,