{
  "metadata": {
    "run_number": 9,
    "julia_version": "1.11.9",
    "commit_hash": "90b2c7dc6438cbd66b6eff029a42700de93af5d0",
    "git_dirty": true,
    "hostname": "runnervmjduv7",
    "git_branch": "main",
    "timestamp": "2026-02-19T03:17:41.428",
    "group": "trixi",
    "system": {
      "julia_threads": 1,
      "arch": "x86_64",
      "word_size": 64,
      "os": "Linux",
      "cpu_threads": 4
    }
  },
  "benchmarks": {
    "tree_2d_dgsem/elixir_euler_ec.jl/p7_analysis": {
      "cv": 0.003846885703374665,
      "p25_time_ns": 1.0925501e7,
      "std_time_ns": 42127.161684764214,
      "median_time_ns": 1.0939239e7,
      "allocs": 0,
      "gc_time_ns": 0.0,
      "memory_bytes": 0,
      "iqr_time_ns": 37434.0,
      "p75_time_ns": 1.0962935e7,
      "min_time_ns": 1.0908989e7,
      "mean_time_ns": 1.0950978254385965e7,
      "max_time_ns": 1.130485e7,
      "p99_time_ns": 1.1111013e7,
      "samples": 456,
      "p95_time_ns": 1.1019301e7
    },
    "tree_1d_dgsem/elixir_mhd_ec.jl/p3_analysis": {
      "cv": 0.1916029102697982,
      "p25_time_ns": 3496.0,
      "std_time_ns": 679.6966473991824,
      "median_time_ns": 3506.0,
      "allocs": 0,
      "gc_time_ns": 0.0,
      "memory_bytes": 0,
      "iqr_time_ns": 20.0,
      "p75_time_ns": 3516.0,
      "min_time_ns": 3456.0,
      "mean_time_ns": 3547.4234,
      "max_time_ns": 36469.0,
      "p99_time_ns": 3597.0,
      "samples": 10000,
      "p95_time_ns": 3557.0
    },
    "tree_2d_dgsem/elixir_euler_ec.jl/p3_rhs!": {
      "cv": 0.009936297693268299,
      "p25_time_ns": 1.385641e6,
      "std_time_ns": 13833.161423157451,
      "median_time_ns": 1.389236e6,
      "allocs": 0,
      "gc_time_ns": 0.0,
      "memory_bytes": 0,
      "iqr_time_ns": 9405.0,
      "p75_time_ns": 1.395046e6,
      "min_time_ns": 1.381843e6,
      "mean_time_ns": 1.392184679866146e6,
      "max_time_ns": 1.769028e6,
      "p99_time_ns": 1.437135e6,
      "samples": 3586,
      "p95_time_ns": 1.404634e6
    },
    "tree_1d_dgsem/elixir_mhd_ec.jl/p3_rhs!": {
      "cv": 0.11489765242244317,
      "p25_time_ns": 5360.0,
      "std_time_ns": 622.563852736467,
      "median_time_ns": 5360.0,
      "allocs": 0,
      "gc_time_ns": 0.0,
      "memory_bytes": 0,
      "iqr_time_ns": 10.0,
      "p75_time_ns": 5370.0,
      "min_time_ns": 5320.0,
      "mean_time_ns": 5418.421,
      "max_time_ns": 23815.0,
      "p99_time_ns": 5500.0,
      "samples": 10000,
      "p95_time_ns": 5430.0
    },
    "tree_2d_dgsem/elixir_advection_amr_nonperiodic.jl/p3_analysis": {
      "cv": 0.008474067993801526,
      "p25_time_ns": 838173.0,
      "std_time_ns": 7112.084092509963,
      "median_time_ns": 839065.0,
      "allocs": 0,
      "gc_time_ns": 0.0,
      "memory_bytes": 0,
      "iqr_time_ns": 2224.0,
      "p75_time_ns": 840397.0,
      "min_time_ns": 829065.0,
      "mean_time_ns": 839276.2599630066,
      "max_time_ns": 1.068265e6,
      "p99_time_ns": 863591.0,
      "samples": 5947,
      "p95_time_ns": 844375.0
    },
    "tree_2d_dgsem/elixir_advection_amr_nonperiodic.jl/p7_rhs!": {
      "cv": 0.02650460388039304,
      "p25_time_ns": 317225.0,
      "std_time_ns": 8534.76564057718,
      "median_time_ns": 319069.0,
      "allocs": 0,
      "gc_time_ns": 0.0,
      "memory_bytes": 0,
      "iqr_time_ns": 9518.0,
      "p75_time_ns": 326743.0,
      "min_time_ns": 315622.0,
      "mean_time_ns": 322010.6846,
      "max_time_ns": 513063.0,
      "p99_time_ns": 344045.0,
      "samples": 10000,
      "p95_time_ns": 330290.0
    },
    "tree_2d_dgsem/elixir_euler_ec.jl/p7_rhs!": {
      "cv": 0.008636906334788738,
      "p25_time_ns": 9.445739e6,
      "std_time_ns": 81831.45267354538,
      "median_time_ns": 9.4579845e6,
      "allocs": 0,
      "gc_time_ns": 0.0,
      "memory_bytes": 0,
      "iqr_time_ns": 36618.0,
      "p75_time_ns": 9.482357e6,
      "min_time_ns": 9.42189e6,
      "mean_time_ns": 9.474625462121213e6,
      "max_time_ns": 1.0888392e7,
      "p99_time_ns": 9.642464e6,
      "samples": 528,
      "p95_time_ns": 9.548306e6
    },
    "tree_2d_dgsem/elixir_euler_vortex_mortar.jl/p7_rhs!": {
      "cv": 0.014056783121875147,
      "p25_time_ns": 1.139687e6,
      "std_time_ns": 16112.18765176927,
      "median_time_ns": 1.143841e6,
      "allocs": 0,
      "gc_time_ns": 0.0,
      "memory_bytes": 0,
      "iqr_time_ns": 9469.0,
      "p75_time_ns": 1.149156e6,
      "min_time_ns": 1.127125e6,
      "mean_time_ns": 1.146221543867708e6,
      "max_time_ns": 1.744563e6,
      "p99_time_ns": 1.197086e6,
      "samples": 4354,
      "p95_time_ns": 1.161509e6
    },
    "tree_1d_dgsem/elixir_mhd_ec.jl/p7_rhs!": {
      "cv": 0.07285754415072317,
      "p25_time_ns": 14507.0,
      "std_time_ns": 1068.7330277825502,
      "median_time_ns": 14527.0,
      "allocs": 0,
      "gc_time_ns": 0.0,
      "memory_bytes": 0,
      "iqr_time_ns": 50.0,
      "p75_time_ns": 14557.0,
      "min_time_ns": 14397.0,
      "mean_time_ns": 14668.8039,
      "max_time_ns": 39524.0,
      "p99_time_ns": 22202.0,
      "samples": 10000,
      "p95_time_ns": 14608.0
    },
    "structured_1d_dgsem/elixir_euler_sedov.jl/p3_rhs!": {
      "cv": 0.08152852993192952,
      "p25_time_ns": 12203.0,
      "std_time_ns": 1008.3822797933432,
      "median_time_ns": 12243.0,
      "allocs": 0,
      "gc_time_ns": 0.0,
      "memory_bytes": 0,
      "iqr_time_ns": 90.0,
      "p75_time_ns": 12293.0,
      "min_time_ns": 11972.0,
      "mean_time_ns": 12368.459,
      "max_time_ns": 34575.0,
      "p99_time_ns": 19767.0,
      "samples": 10000,
      "p95_time_ns": 12373.0
    },
    "tree_2d_dgsem/elixir_euler_ec.jl/p3_analysis": {
      "cv": 0.013605167995619352,
      "p25_time_ns": 2.300796e6,
      "std_time_ns": 31406.435592253234,
      "median_time_ns": 2.304589e6,
      "allocs": 0,
      "gc_time_ns": 0.0,
      "memory_bytes": 0,
      "iqr_time_ns": 9228.0,
      "p75_time_ns": 2.310024e6,
      "min_time_ns": 2.295437e6,
      "mean_time_ns": 2.3084195360443625e6,
      "max_time_ns": 3.482263e6,
      "p99_time_ns": 2.365287e6,
      "samples": 2164,
      "p95_time_ns": 2.324301e6
    },
    "structured_1d_dgsem/elixir_euler_sedov.jl/p7_analysis": {
      "cv": 0.1238139308046404,
      "p25_time_ns": 8085.0,
      "std_time_ns": 1030.7469871400594,
      "median_time_ns": 8175.0,
      "allocs": 128,
      "gc_time_ns": 0.0,
      "memory_bytes": 8192,
      "iqr_time_ns": 251.0,
      "p75_time_ns": 8336.0,
      "min_time_ns": 7946.0,
      "mean_time_ns": 8324.9678,
      "max_time_ns": 34855.0,
      "p99_time_ns": 10801.0,
      "samples": 10000,
      "p95_time_ns": 8616.0
    },
    "tree_2d_dgsem/elixir_euler_vortex_mortar.jl/p7_analysis": {
      "cv": 0.004115471601235342,
      "p25_time_ns": 6.382592e6,
      "std_time_ns": 26321.622765189677,
      "median_time_ns": 6.389865e6,
      "allocs": 0,
      "gc_time_ns": 0.0,
      "memory_bytes": 0,
      "iqr_time_ns": 15713.0,
      "p75_time_ns": 6.398305e6,
      "min_time_ns": 6.367849e6,
      "mean_time_ns": 6.395773149616368e6,
      "max_time_ns": 6.621534e6,
      "p99_time_ns": 6.514889e6,
      "samples": 782,
      "p95_time_ns": 6.442979e6
    },
    "tree_2d_dgsem/elixir_euler_vortex_mortar.jl/p3_rhs!": {
      "cv": 0.024860272964747236,
      "p25_time_ns": 349054.0,
      "std_time_ns": 8796.461411760803,
      "median_time_ns": 350047.0,
      "allocs": 0,
      "gc_time_ns": 0.0,
      "memory_bytes": 0,
      "iqr_time_ns": 9187.0,
      "p75_time_ns": 358241.0,
      "min_time_ns": 346992.0,
      "mean_time_ns": 353836.0751,
      "max_time_ns": 605587.0,
      "p99_time_ns": 377979.0,
      "samples": 10000,
      "p95_time_ns": 362270.0
    },
    "tree_2d_dgsem/elixir_advection_amr_nonperiodic.jl/p7_analysis": {
      "cv": 0.01355476041630176,
      "p25_time_ns": 3.935715e6,
      "std_time_ns": 53710.899882288206,
      "median_time_ns": 3.938129e6,
      "allocs": 0,
      "gc_time_ns": 0.0,
      "memory_bytes": 0,