{
  "metadata": {
    "run_number": 17,
    "julia_version": "1.11.9",
    "commit_hash": "90b2c7dc6438cbd66b6eff029a42700de93af5d0",
    "git_dirty": true,
    "hostname": "runnervmnay03",
    "git_branch": "main",
    "timestamp": "2026-02-27T03:14:01.967",
    "group": "trixi",
    "system": {
      "julia_threads": 1,
      "arch": "x86_64",
      "word_size": 64,
      "os": "Linux",
      "cpu_threads": 4
    }
  },
  "benchmarks": {
    "tree_2d_dgsem/elixir_euler_ec.jl/p7_analysis": {
      "cv": 0.005806539906328769,
      "p25_time_ns": 1.107101e7,
      "std_time_ns": 64448.32801797788,
      "median_time_ns": 1.10857025e7,
      "allocs": 0,
      "gc_time_ns": 0.0,
      "memory_bytes": 0,
      "iqr_time_ns": 37210.0,
      "p75_time_ns": 1.110822e7,
      "min_time_ns": 1.1050292e7,
      "mean_time_ns": 1.1099265493333334e7,
      "max_time_ns": 1.1895693e7,
      "p99_time_ns": 1.1348047e7,
      "samples": 450,
      "p95_time_ns": 1.1173816e7
    },
    "tree_1d_dgsem/elixir_mhd_ec.jl/p3_analysis": {
      "cv": 0.16373802613672228,
      "p25_time_ns": 3136.0,
      "std_time_ns": 520.4766998630199,
      "median_time_ns": 3146.0,
      "allocs": 0,
      "gc_time_ns": 0.0,
      "memory_bytes": 0,
      "iqr_time_ns": 20.0,
      "p75_time_ns": 3156.0,
      "min_time_ns": 3106.0,
      "mean_time_ns": 3178.7161,
      "max_time_ns": 19636.0,
      "p99_time_ns": 3236.0,
      "samples": 10000,
      "p95_time_ns": 3196.0
    },
    "tree_2d_dgsem/elixir_euler_ec.jl/p3_rhs!": {
      "cv": 0.01256444081606639,
      "p25_time_ns": 1.380162e6,
      "std_time_ns": 17437.987411503345,
      "median_time_ns": 1.385612e6,
      "allocs": 0,
      "gc_time_ns": 0.0,
      "memory_bytes": 0,
      "iqr_time_ns": 10549.0,
      "p75_time_ns": 1.390711e6,
      "min_time_ns": 1.374281e6,
      "mean_time_ns": 1.387884082290798e6,
      "max_time_ns": 1.788512e6,
      "p99_time_ns": 1.444522e6,
      "samples": 3597,
      "p95_time_ns": 1.404187e6
    },
    "tree_1d_dgsem/elixir_mhd_ec.jl/p3_rhs!": {
      "cv": 0.1785856230399685,
      "p25_time_ns": 5360.0,
      "std_time_ns": 972.6540056007641,
      "median_time_ns": 5370.0,
      "allocs": 0,
      "gc_time_ns": 0.0,
      "memory_bytes": 0,
      "iqr_time_ns": 20.0,
      "p75_time_ns": 5380.0,
      "min_time_ns": 5320.0,
      "mean_time_ns": 5446.4295,
      "max_time_ns": 58279.0,
      "p99_time_ns": 6142.0,
      "samples": 10000,
      "p95_time_ns": 5431.0
    },
    "tree_2d_dgsem/elixir_advection_amr_nonperiodic.jl/p3_analysis": {
      "cv": 0.008761793957791659,
      "p25_time_ns": 838152.0,
      "std_time_ns": 7358.940560444823,
      "median_time_ns": 839211.0,
      "allocs": 0,
      "gc_time_ns": 0.0,
      "memory_bytes": 0,
      "iqr_time_ns": 2955.0,
      "p75_time_ns": 841107.0,
      "min_time_ns": 828131.0,
      "mean_time_ns": 839889.7070503113,
      "max_time_ns": 1.056228e6,
      "p99_time_ns": 867186.0,
      "samples": 5943,
      "p95_time_ns": 846868.0
    },
    "tree_2d_dgsem/elixir_advection_amr_nonperiodic.jl/p7_rhs!": {
      "cv": 0.02161564123958024,
      "p25_time_ns": 320707.0,
      "std_time_ns": 7033.422174701213,
      "median_time_ns": 322350.0,
      "allocs": 0,
      "gc_time_ns": 0.0,
      "memory_bytes": 0,
      "iqr_time_ns": 9909.0,
      "p75_time_ns": 330616.0,
      "min_time_ns": 318313.0,
      "mean_time_ns": 325385.7749,
      "max_time_ns": 473873.0,
      "p99_time_ns": 342328.0,
      "samples": 10000,
      "p95_time_ns": 334303.0
    },
    "tree_2d_dgsem/elixir_euler_ec.jl/p7_rhs!": {
      "cv": 0.008525454875801267,
      "p25_time_ns": 9.455669e6,
      "std_time_ns": 80867.24370121206,
      "median_time_ns": 9.466018e6,
      "allocs": 0,
      "gc_time_ns": 0.0,
      "memory_bytes": 0,
      "iqr_time_ns": 33753.0,
      "p75_time_ns": 9.489422e6,
      "min_time_ns": 9.431524e6,
      "mean_time_ns": 9.485387569259962e6,
      "max_time_ns": 1.0716348e7,
      "p99_time_ns": 9.731512e6,
      "samples": 527,
      "p95_time_ns": 9.566395e6
    },
    "tree_2d_dgsem/elixir_euler_vortex_mortar.jl/p7_rhs!": {
      "cv": 0.01918317875512521,
      "p25_time_ns": 1.139534e6,
      "std_time_ns": 22101.156263823872,
      "median_time_ns": 1.146676e6,
      "allocs": 0,
      "gc_time_ns": 0.0,
      "memory_bytes": 0,
      "iqr_time_ns": 18344.0,
      "p75_time_ns": 1.157878e6,
      "min_time_ns": 1.124064e6,
      "mean_time_ns": 1.1521112609097206e6,
      "max_time_ns": 1.60461e6,
      "p99_time_ns": 1.22339e6,
      "samples": 4331,
      "p95_time_ns": 1.18637e6
    },
    "tree_1d_dgsem/elixir_mhd_ec.jl/p7_rhs!": {
      "cv": 0.0766901456841227,
      "p25_time_ns": 14747.0,
      "std_time_ns": 1151.5685369864782,
      "median_time_ns": 14787.0,
      "allocs": 0,
      "gc_time_ns": 0.0,
      "memory_bytes": 0,
      "iqr_time_ns": 91.0,
      "p75_time_ns": 14838.0,
      "min_time_ns": 14627.0,
      "mean_time_ns": 15015.8606,
      "max_time_ns": 33883.0,
      "p99_time_ns": 22582.0,
      "samples": 10000,
      "p95_time_ns": 16390.0
    },
    "structured_1d_dgsem/elixir_euler_sedov.jl/p3_rhs!": {
      "cv": 0.08699129052959692,
      "p25_time_ns": 12213.0,
      "std_time_ns": 1086.7886734373988,
      "median_time_ns": 12323.0,
      "allocs": 0,
      "gc_time_ns": 0.0,
      "memory_bytes": 0,
      "iqr_time_ns": 250.0,
      "p75_time_ns": 12463.0,
      "min_time_ns": 11962.0,
      "mean_time_ns": 12493.0745,
      "max_time_ns": 37200.0,
      "p99_time_ns": 20107.0,
      "samples": 10000,
      "p95_time_ns": 12684.0
    },
    "tree_2d_dgsem/elixir_euler_ec.jl/p3_analysis": {
      "cv": 0.00680597481177746,
      "p25_time_ns": 2.304524e6,
      "std_time_ns": 15733.732956754755,
      "median_time_ns": 2.308742e6,
      "allocs": 0,
      "gc_time_ns": 0.0,
      "memory_bytes": 0,
      "iqr_time_ns": 9388.0,
      "p75_time_ns": 2.313912e6,
      "min_time_ns": 2.29669e6,
      "mean_time_ns": 2.311753039333642e6,
      "max_time_ns": 2.629249e6,
      "p99_time_ns": 2.366589e6,
      "samples": 2161,
      "p95_time_ns": 2.332666e6
    },
    "structured_1d_dgsem/elixir_euler_sedov.jl/p7_analysis": {
      "cv": 0.11842685012961031,
      "p25_time_ns": 8145.0,
      "std_time_ns": 996.2790220957112,
      "median_time_ns": 8265.0,
      "allocs": 128,
      "gc_time_ns": 0.0,
      "memory_bytes": 8192,
      "iqr_time_ns": 291.0,
      "p75_time_ns": 8436.0,
      "min_time_ns": 7995.0,
      "mean_time_ns": 8412.611,
      "max_time_ns": 27992.0,
      "p99_time_ns": 11452.0,
      "samples": 10000,
      "p95_time_ns": 8757.0
    },
    "tree_2d_dgsem/elixir_euler_vortex_mortar.jl/p7_analysis": {
      "cv": 0.0069129426932094075,
      "p25_time_ns": 6.275794e6,
      "std_time_ns": 43468.35911034834,
      "median_time_ns": 6.281334e6,
      "allocs": 0,
      "gc_time_ns": 0.0,
      "memory_bytes": 0,
      "iqr_time_ns": 14207.0,
      "p75_time_ns": 6.290001e6,
      "min_time_ns": 6.262529e6,
      "mean_time_ns": 6.287967518238993e6,
      "max_time_ns": 7.053533e6,
      "p99_time_ns": 6.387382e6,
      "samples": 795,
      "p95_time_ns": 6.318173e6
    },
    "tree_2d_dgsem/elixir_euler_vortex_mortar.jl/p3_rhs!": {
      "cv": 0.020503194607213525,
      "p25_time_ns": 349821.0,
      "std_time_ns": 7279.852641674294,
      "median_time_ns": 351455.0,
      "allocs": 0,
      "gc_time_ns": 0.0,
      "memory_bytes": 0,
      "iqr_time_ns": 9488.0,
      "p75_time_ns": 359309.0,
      "min_time_ns": 346647.0,
      "mean_time_ns": 355059.4325,
      "max_time_ns": 550797.0,
      "p99_time_ns": 377925.0,
      "samples": 10000,
      "p95_time_ns": 366382.0
    },
    "tree_2d_dgsem/elixir_advection_amr_nonperiodic.jl/p7_analysis": {
      "cv": 0.010528766478742868,
      "p25_time_ns": 3.942687e6,
      "std_time_ns": 41764.278492473204,
      "median_time_ns": 3.952901e6,
      "allocs": 0,
      "gc_time_ns": 0.0,
      "memory_bytes": 0,