{
  "metadata": {
    "run_number": 47,
    "julia_version": "1.11.8",
    "commit_hash": "f33f156fbe22fabd73e022460df09b0ea1c84efe",
    "git_dirty": true,
    "hostname": "runnervmymu0l",
    "git_branch": "main",
    "timestamp": "2026-01-28T13:38:22.632",
    "group": "trixi",
    "system": {
      "julia_threads": 1,
      "arch": "x86_64",
      "word_size": 64,
      "os": "Linux",
      "cpu_threads": 4
    }
  },
  "benchmarks": {
    "tree_2d_dgsem/elixir_euler_ec.jl/p7_analysis": {
      "cv": 0.021012798845607503,
      "p25_time_ns": 1.1024947e7,
      "std_time_ns": 232401.5898033652,
      "median_time_ns": 1.1033993e7,
      "allocs": 0,
      "gc_time_ns": 0.0,
      "memory_bytes": 0,
      "iqr_time_ns": 25918.0,
      "p75_time_ns": 1.1050865e7,
      "min_time_ns": 1.1003246e7,
      "mean_time_ns": 1.1060001645232815e7,
      "max_time_ns": 1.5766428e7,
      "p99_time_ns": 1.1361736e7,
      "samples": 451,
      "p95_time_ns": 1.1111067e7
    },
    "tree_1d_dgsem/elixir_mhd_ec.jl/p3_analysis": {
      "cv": 0.1675984844301584,
      "p25_time_ns": 3146.0,
      "std_time_ns": 535.0976309863639,
      "median_time_ns": 3156.0,
      "allocs": 0,
      "gc_time_ns": 0.0,
      "memory_bytes": 0,
      "iqr_time_ns": 20.0,
      "p75_time_ns": 3166.0,
      "min_time_ns": 3125.0,
      "mean_time_ns": 3192.7355,
      "max_time_ns": 27231.0,
      "p99_time_ns": 3246.0,
      "samples": 10000,
      "p95_time_ns": 3215.0
    },
    "tree_2d_dgsem/elixir_euler_ec.jl/p3_rhs!": {
      "cv": 0.02116733841631212,
      "p25_time_ns": 1.386711e6,
      "std_time_ns": 29529.514631332964,
      "median_time_ns": 1.391926e6,
      "allocs": 0,
      "gc_time_ns": 0.0,
      "memory_bytes": 0,
      "iqr_time_ns": 10240.0,
      "p75_time_ns": 1.396951e6,
      "min_time_ns": 1.381832e6,
      "mean_time_ns": 1.3950509058133035e6,
      "max_time_ns": 2.219708e6,
      "p99_time_ns": 1.441665e6,
      "samples": 3578,
      "p95_time_ns": 1.412289e6
    },
    "tree_1d_dgsem/elixir_mhd_ec.jl/p3_rhs!": {
      "cv": 0.12194457450025431,
      "p25_time_ns": 5340.0,
      "std_time_ns": 659.2021031049838,
      "median_time_ns": 5350.0,
      "allocs": 0,
      "gc_time_ns": 0.0,
      "memory_bytes": 0,
      "iqr_time_ns": 20.0,
      "p75_time_ns": 5360.0,
      "min_time_ns": 5299.0,
      "mean_time_ns": 5405.7518,
      "max_time_ns": 22472.0,
      "p99_time_ns": 6122.0,
      "samples": 10000,
      "p95_time_ns": 5410.0
    },
    "tree_2d_dgsem/elixir_advection_amr_nonperiodic.jl/p3_analysis": {
      "cv": 0.00965381422141512,
      "p25_time_ns": 839079.0,
      "std_time_ns": 8112.937206659923,
      "median_time_ns": 839890.0,
      "allocs": 0,
      "gc_time_ns": 0.0,
      "memory_bytes": 0,
      "iqr_time_ns": 2033.0,
      "p75_time_ns": 841112.0,
      "min_time_ns": 830042.0,
      "mean_time_ns": 840386.7135399125,
      "max_time_ns": 1.111267e6,
      "p99_time_ns": 868323.0,
      "samples": 5938,
      "p95_time_ns": 849127.0
    },
    "tree_2d_dgsem/elixir_advection_amr_nonperiodic.jl/p7_rhs!": {
      "cv": 0.03897047694498292,
      "p25_time_ns": 320889.0,
      "std_time_ns": 12709.301523820377,
      "median_time_ns": 322373.0,
      "allocs": 0,
      "gc_time_ns": 0.0,
      "memory_bytes": 0,
      "iqr_time_ns": 9318.0,
      "p75_time_ns": 330207.0,
      "min_time_ns": 318615.0,
      "mean_time_ns": 326126.4044,
      "max_time_ns": 536152.0,
      "p99_time_ns": 358039.0,
      "samples": 10000,
      "p95_time_ns": 334806.0
    },
    "tree_2d_dgsem/elixir_euler_ec.jl/p7_rhs!": {
      "cv": 0.004128185348302834,
      "p25_time_ns": 9.462556e6,
      "std_time_ns": 39148.02769743671,
      "median_time_ns": 9.472414e6,
      "allocs": 0,
      "gc_time_ns": 0.0,
      "memory_bytes": 0,
      "iqr_time_ns": 26761.0,
      "p75_time_ns": 9.489317e6,
      "min_time_ns": 9.441066e6,
      "mean_time_ns": 9.483108047348484e6,
      "max_time_ns": 9.821026e6,
      "p99_time_ns": 9.655357e6,
      "samples": 528,
      "p95_time_ns": 9.540362e6
    },
    "tree_2d_dgsem/elixir_euler_vortex_mortar.jl/p7_rhs!": {
      "cv": 0.012490627770209952,
      "p25_time_ns": 1.13407e6,
      "std_time_ns": 14268.074081705136,
      "median_time_ns": 1.13945e6,
      "allocs": 0,
      "gc_time_ns": 0.0,
      "memory_bytes": 0,
      "iqr_time_ns": 12473.0,
      "p75_time_ns": 1.146543e6,
      "min_time_ns": 1.124712e6,
      "mean_time_ns": 1.14230240018315e6,
      "max_time_ns": 1.489444e6,
      "p99_time_ns": 1.18809e6,
      "samples": 4368,
      "p95_time_ns": 1.161421e6
    },
    "tree_1d_dgsem/elixir_mhd_ec.jl/p7_rhs!": {
      "cv": 0.07191700531597953,
      "p25_time_ns": 14468.0,
      "std_time_ns": 1052.674406528655,
      "median_time_ns": 14497.0,
      "allocs": 0,
      "gc_time_ns": 0.0,
      "memory_bytes": 0,
      "iqr_time_ns": 59.0,
      "p75_time_ns": 14527.0,
      "min_time_ns": 14367.0,
      "mean_time_ns": 14637.3504,
      "max_time_ns": 36308.0,
      "p99_time_ns": 21700.0,
      "samples": 10000,
      "p95_time_ns": 14587.0
    },
    "structured_1d_dgsem/elixir_euler_sedov.jl/p3_rhs!": {
      "cv": 0.07985417841060766,
      "p25_time_ns": 11912.0,
      "std_time_ns": 963.4530958195598,
      "median_time_ns": 11933.0,
      "allocs": 0,
      "gc_time_ns": 0.0,
      "memory_bytes": 0,
      "iqr_time_ns": 70.0,
      "p75_time_ns": 11982.0,
      "min_time_ns": 11822.0,
      "mean_time_ns": 12065.1557,
      "max_time_ns": 35256.0,
      "p99_time_ns": 19065.0,
      "samples": 10000,
      "p95_time_ns": 12053.0
    },
    "tree_2d_dgsem/elixir_euler_ec.jl/p3_analysis": {
      "cv": 0.006392026427455207,
      "p25_time_ns": 2.296753e6,
      "std_time_ns": 14722.059451679545,
      "median_time_ns": 2.300089e6,
      "allocs": 0,
      "gc_time_ns": 0.0,
      "memory_bytes": 0,
      "iqr_time_ns": 8526.0,
      "p75_time_ns": 2.305279e6,
      "min_time_ns": 2.291132e6,
      "mean_time_ns": 2.3031912678653756e6,
      "max_time_ns": 2.571917e6,
      "p99_time_ns": 2.354331e6,
      "samples": 2169,
      "p95_time_ns": 2.318814e6
    },
    "structured_1d_dgsem/elixir_euler_sedov.jl/p7_analysis": {
      "cv": 0.5816743198708548,
      "p25_time_ns": 8055.0,
      "std_time_ns": 4898.4321953088665,
      "median_time_ns": 8125.0,
      "allocs": 128,
      "gc_time_ns": 0.0,
      "memory_bytes": 8192,
      "iqr_time_ns": 240.0,
      "p75_time_ns": 8295.0,
      "min_time_ns": 7905.0,
      "mean_time_ns": 8421.2626,
      "max_time_ns": 197059.0,
      "p99_time_ns": 12062.0,
      "samples": 10000,
      "p95_time_ns": 8606.0
    },
    "tree_2d_dgsem/elixir_euler_vortex_mortar.jl/p7_analysis": {
      "cv": 0.005606640857711751,
      "p25_time_ns": 6.309172e6,
      "std_time_ns": 35442.35641582155,
      "median_time_ns": 6.314693e6,
      "allocs": 0,
      "gc_time_ns": 0.0,
      "memory_bytes": 0,
      "iqr_time_ns": 13525.0,
      "p75_time_ns": 6.322697e6,
      "min_time_ns": 6.295426e6,
      "mean_time_ns": 6.321495761061947e6,
      "max_time_ns": 6.953376e6,
      "p99_time_ns": 6.427443e6,
      "samples": 791,
      "p95_time_ns": 6.35635e6
    },
    "tree_2d_dgsem/elixir_euler_vortex_mortar.jl/p3_rhs!": {
      "cv": 0.02805036405740977,
      "p25_time_ns": 346819.0,
      "std_time_ns": 9878.561559734662,
      "median_time_ns": 348201.0,
      "allocs": 0,
      "gc_time_ns": 0.0,
      "memory_bytes": 0,
      "iqr_time_ns": 9116.0,
      "p75_time_ns": 355935.0,
      "min_time_ns": 343843.0,
      "mean_time_ns": 352172.3119,
      "max_time_ns": 621892.0,
      "p99_time_ns": 374540.0,
      "samples": 10000,
      "p95_time_ns": 364652.0
    },
    "tree_2d_dgsem/elixir_advection_amr_nonperiodic.jl/p7_analysis": {
      "cv": 0.006266410930407118,
      "p25_time_ns": 3.944122e6,
      "std_time_ns": 24807.53739504501,
      "median_time_ns": 3.947629e6,
      "allocs": 0,
      "gc_time_ns": 0.0,
      "memory_bytes": 0,