{
  "metadata": {
    "run_number": 4,
    "julia_version": "1.11.9",
    "commit_hash": "90b2c7dc6438cbd66b6eff029a42700de93af5d0",
    "git_dirty": true,
    "hostname": "runnervmjduv7",
    "git_branch": "main",
    "timestamp": "2026-02-14T03:09:02.438",
    "group": "trixi",
    "system": {
      "julia_threads": 1,
      "arch": "x86_64",
      "word_size": 64,
      "os": "Linux",
      "cpu_threads": 4
    }
  },
  "benchmarks": {
    "tree_2d_dgsem/elixir_euler_ec.jl/p7_analysis": {
      "cv": 0.04565210628974271,
      "p25_time_ns": 1.0910266e7,
      "std_time_ns": 500729.5980144582,
      "median_time_ns": 1.0919213e7,
      "allocs": 0,
      "gc_time_ns": 0.0,
      "memory_bytes": 0,
      "iqr_time_ns": 31859.0,
      "p75_time_ns": 1.0942125e7,
      "min_time_ns": 1.0889217e7,
      "mean_time_ns": 1.096837887032967e7,
      "max_time_ns": 2.0505202e7,
      "p99_time_ns": 1.1196619e7,
      "samples": 455,
      "p95_time_ns": 1.1001837e7
    },
    "tree_1d_dgsem/elixir_mhd_ec.jl/p3_analysis": {
      "cv": 0.1736049217086904,
      "p25_time_ns": 3567.0,
      "std_time_ns": 628.1550701493823,
      "median_time_ns": 3577.0,
      "allocs": 0,
      "gc_time_ns": 0.0,
      "memory_bytes": 0,
      "iqr_time_ns": 20.0,
      "p75_time_ns": 3587.0,
      "min_time_ns": 3546.0,
      "mean_time_ns": 3618.3022,
      "max_time_ns": 24987.0,
      "p99_time_ns": 3666.0,
      "samples": 10000,
      "p95_time_ns": 3637.0
    },
    "tree_2d_dgsem/elixir_euler_ec.jl/p3_rhs!": {
      "cv": 0.02300158577079658,
      "p25_time_ns": 1.386771e6,
      "std_time_ns": 32088.451080324645,
      "median_time_ns": 1.391881e6,
      "allocs": 0,
      "gc_time_ns": 0.0,
      "memory_bytes": 0,
      "iqr_time_ns": 9609.0,
      "p75_time_ns": 1.39638e6,
      "min_time_ns": 1.38013e6,
      "mean_time_ns": 1.395053862810841e6,
      "max_time_ns": 2.67472e6,
      "p99_time_ns": 1.456923e6,
      "samples": 3579,
      "p95_time_ns": 1.411167e6
    },
    "tree_1d_dgsem/elixir_mhd_ec.jl/p3_rhs!": {
      "cv": 0.13481834658315223,
      "p25_time_ns": 5450.0,
      "std_time_ns": 744.1962350377315,
      "median_time_ns": 5460.0,
      "allocs": 0,
      "gc_time_ns": 0.0,
      "memory_bytes": 0,
      "iqr_time_ns": 30.0,
      "p75_time_ns": 5480.0,
      "min_time_ns": 5380.0,
      "mean_time_ns": 5519.9923,
      "max_time_ns": 34965.0,
      "p99_time_ns": 5590.0,
      "samples": 10000,
      "p95_time_ns": 5530.0
    },
    "tree_2d_dgsem/elixir_advection_amr_nonperiodic.jl/p3_analysis": {
      "cv": 0.01251916010453124,
      "p25_time_ns": 837149.0,
      "std_time_ns": 10500.257769210553,
      "median_time_ns": 838021.0,
      "allocs": 0,
      "gc_time_ns": 0.0,
      "memory_bytes": 0,
      "iqr_time_ns": 1904.0,
      "p75_time_ns": 839053.0,
      "min_time_ns": 826860.0,
      "mean_time_ns": 838735.001512605,
      "max_time_ns": 1.227165e6,
      "p99_time_ns": 873246.0,
      "samples": 5950,
      "p95_time_ns": 848320.0
    },
    "tree_2d_dgsem/elixir_advection_amr_nonperiodic.jl/p7_rhs!": {
      "cv": 0.023027731571693456,
      "p25_time_ns": 321629.0,
      "std_time_ns": 7512.277099853489,
      "median_time_ns": 323142.0,
      "allocs": 0,
      "gc_time_ns": 0.0,
      "memory_bytes": 0,
      "iqr_time_ns": 9638.0,
      "p75_time_ns": 331267.0,
      "min_time_ns": 319445.0,
      "mean_time_ns": 326227.4044,
      "max_time_ns": 529075.0,
      "p99_time_ns": 345894.0,
      "samples": 10000,
      "p95_time_ns": 334282.0
    },
    "tree_2d_dgsem/elixir_euler_ec.jl/p7_rhs!": {
      "cv": 0.005311664095741071,
      "p25_time_ns": 9.432547e6,
      "std_time_ns": 50254.15655950002,
      "median_time_ns": 9.447264e6,
      "allocs": 0,
      "gc_time_ns": 0.0,
      "memory_bytes": 0,
      "iqr_time_ns": 37419.0,
      "p75_time_ns": 9.469966e6,
      "min_time_ns": 9.40756e6,
      "mean_time_ns": 9.461094612476371e6,
      "max_time_ns": 9.929603e6,
      "p99_time_ns": 9.647217e6,
      "samples": 529,
      "p95_time_ns": 9.548793e6
    },
    "tree_2d_dgsem/elixir_euler_vortex_mortar.jl/p7_rhs!": {
      "cv": 0.014309113409541056,
      "p25_time_ns": 1.126037e6,
      "std_time_ns": 16209.567044896176,
      "median_time_ns": 1.129534e6,
      "allocs": 0,
      "gc_time_ns": 0.0,
      "memory_bytes": 0,
      "iqr_time_ns": 9678.0,
      "p75_time_ns": 1.135715e6,
      "min_time_ns": 1.116128e6,
      "mean_time_ns": 1.132814212939841e6,
      "max_time_ns": 1.535359e6,
      "p99_time_ns": 1.184736e6,
      "samples": 4405,
      "p95_time_ns": 1.14914e6
    },
    "tree_1d_dgsem/elixir_mhd_ec.jl/p7_rhs!": {
      "cv": 0.07102973381957474,
      "p25_time_ns": 14517.0,
      "std_time_ns": 1042.4880466414465,
      "median_time_ns": 14537.0,
      "allocs": 0,
      "gc_time_ns": 0.0,
      "memory_bytes": 0,
      "iqr_time_ns": 50.0,
      "p75_time_ns": 14567.0,
      "min_time_ns": 14417.0,
      "mean_time_ns": 14676.7838,
      "max_time_ns": 41797.0,
      "p99_time_ns": 22101.0,
      "samples": 10000,
      "p95_time_ns": 14627.0
    },
    "structured_1d_dgsem/elixir_euler_sedov.jl/p3_rhs!": {
      "cv": 0.07752698070976834,
      "p25_time_ns": 12162.0,
      "std_time_ns": 955.1218741803655,
      "median_time_ns": 12203.0,
      "allocs": 0,
      "gc_time_ns": 0.0,
      "memory_bytes": 0,
      "iqr_time_ns": 90.0,
      "p75_time_ns": 12252.0,
      "min_time_ns": 12042.0,
      "mean_time_ns": 12319.8642,
      "max_time_ns": 36968.0,
      "p99_time_ns": 19586.0,
      "samples": 10000,
      "p95_time_ns": 12332.0
    },
    "tree_2d_dgsem/elixir_euler_ec.jl/p3_analysis": {
      "cv": 0.011893450773324281,
      "p25_time_ns": 2.297047e6,
      "std_time_ns": 27431.53987588199,
      "median_time_ns": 2.302578e6,
      "allocs": 0,
      "gc_time_ns": 0.0,
      "memory_bytes": 0,
      "iqr_time_ns": 11662.0,
      "p75_time_ns": 2.308709e6,
      "min_time_ns": 2.288742e6,
      "mean_time_ns": 2.3064407797783935e6,
      "max_time_ns": 2.858413e6,
      "p99_time_ns": 2.377226e6,
      "samples": 2166,
      "p95_time_ns": 2.327945e6
    },
    "structured_1d_dgsem/elixir_euler_sedov.jl/p7_analysis": {
      "cv": 0.16858001599310668,
      "p25_time_ns": 8396.0,
      "std_time_ns": 1462.44091064108,
      "median_time_ns": 8556.0,
      "allocs": 128,
      "gc_time_ns": 0.0,
      "memory_bytes": 8192,
      "iqr_time_ns": 310.0,
      "p75_time_ns": 8706.0,
      "min_time_ns": 8256.0,
      "mean_time_ns": 8675.055,
      "max_time_ns": 122498.0,
      "p99_time_ns": 10369.0,
      "samples": 10000,
      "p95_time_ns": 9017.0
    },
    "tree_2d_dgsem/elixir_euler_vortex_mortar.jl/p7_analysis": {
      "cv": 0.012717804038382421,
      "p25_time_ns": 6.332182e6,
      "std_time_ns": 80711.14720170501,
      "median_time_ns": 6.337997e6,
      "allocs": 0,
      "gc_time_ns": 0.0,
      "memory_bytes": 0,
      "iqr_time_ns": 12293.0,
      "p75_time_ns": 6.344475e6,
      "min_time_ns": 6.321551e6,
      "mean_time_ns": 6.346311592639594e6,
      "max_time_ns": 8.469441e6,
      "p99_time_ns": 6.489154e6,
      "samples": 788,
      "p95_time_ns": 6.378898e6
    },
    "tree_2d_dgsem/elixir_euler_vortex_mortar.jl/p3_rhs!": {
      "cv": 0.026305635595974392,
      "p25_time_ns": 351324.0,
      "std_time_ns": 9372.070334055428,
      "median_time_ns": 352546.0,
      "allocs": 0,
      "gc_time_ns": 0.0,
      "memory_bytes": 0,
      "iqr_time_ns": 8957.0,
      "p75_time_ns": 360281.0,
      "min_time_ns": 347978.0,
      "mean_time_ns": 356276.1409,
      "max_time_ns": 666772.0,
      "p99_time_ns": 382402.0,
      "samples": 10000,
      "p95_time_ns": 365440.0
    },
    "tree_2d_dgsem/elixir_advection_amr_nonperiodic.jl/p7_analysis": {
      "cv": 0.0510490147389575,
      "p25_time_ns": 3.945077e6,
      "std_time_ns": 202442.22366099898,
      "median_time_ns": 3.94688e6,
      "allocs": 0,
      "gc_time_ns": 0.0,
      "memory_bytes": 0,