{
  "metadata": {
    "run_number": 2,
    "julia_version": "1.11.9",
    "commit_hash": "90b2c7dc6438cbd66b6eff029a42700de93af5d0",
    "git_dirty": false,
    "hostname": "runnervmwffz4",
    "git_branch": "main",
    "timestamp": "2026-02-12T03:22:40.338",
    "group": "enzyme",
    "system": {
      "julia_threads": 1,
      "arch": "x86_64",
      "word_size": 64,
      "os": "Linux",
      "cpu_threads": 4
    }
  },
  "benchmarks": {
    "basics/make_zero/array": {
      "cv": 1.402808603780156,
      "p25_time_ns": 51.0,
      "std_time_ns": 102.68965794165837,
      "median_time_ns": 60.0,
      "allocs": 2,
      "gc_time_ns": 0.0,
      "memory_bytes": 928,
      "iqr_time_ns": 9.0,
      "p75_time_ns": 60.0,
      "min_time_ns": 49.0,
      "mean_time_ns": 73.2029,
      "max_time_ns": 8757.0,
      "p99_time_ns": 321.0,
      "samples": 10000,
      "p95_time_ns": 190.0
    },
    "basics/make_zero/namedtuple": {
      "cv": 0.10577579084078663,
      "p25_time_ns": 30.0,
      "std_time_ns": 3.0997701281683363,
      "median_time_ns": 30.0,
      "allocs": 0,
      "gc_time_ns": 0.0,
      "memory_bytes": 0,
      "iqr_time_ns": 0.0,
      "p75_time_ns": 30.0,
      "min_time_ns": 20.0,
      "mean_time_ns": 29.3051,
      "max_time_ns": 150.0,
      "p99_time_ns": 31.0,
      "samples": 10000,
      "p95_time_ns": 31.0
    },
    "autodiff/reverse/complex": {
      "cv": 0.11435165302492176,
      "p25_time_ns": 28163.0,
      "std_time_ns": 3449.8469010373856,
      "median_time_ns": 30697.0,
      "allocs": 3,
      "gc_time_ns": 0.0,
      "memory_bytes": 8072,
      "iqr_time_ns": 2674.0,
      "p75_time_ns": 30837.0,
      "min_time_ns": 27571.0,
      "mean_time_ns": 30168.7541,
      "max_time_ns": 141224.0,
      "p99_time_ns": 39253.0,
      "samples": 10000,
      "p95_time_ns": 33884.0
    },
    "autodiff/forward/complex": {
      "cv": 0.13981262656750407,
      "p25_time_ns": 18665.0,
      "std_time_ns": 2717.3573706977886,
      "median_time_ns": 18786.0,
      "allocs": 3,
      "gc_time_ns": 0.0,
      "memory_bytes": 8072,
      "iqr_time_ns": 340.0,
      "p75_time_ns": 19005.0,
      "min_time_ns": 18375.0,
      "mean_time_ns": 19435.7079,
      "max_time_ns": 222777.0,
      "p99_time_ns": 27041.0,
      "samples": 10000,
      "p95_time_ns": 21650.0
    },
    "basics/make_zero/struct": {
      "cv": 0.3327895257678734,
      "p25_time_ns": 190.0,
      "std_time_ns": 71.04344205558954,
      "median_time_ns": 200.0,
      "allocs": 7,
      "gc_time_ns": 0.0,
      "memory_bytes": 496,
      "iqr_time_ns": 11.0,
      "p75_time_ns": 201.0,
      "min_time_ns": 180.0,
      "mean_time_ns": 213.4786,
      "max_time_ns": 4038.0,
      "p99_time_ns": 421.0,
      "samples": 10000,
      "p95_time_ns": 291.0
    },
    "autodiff/forward/simple": {
      "cv": 1.086328252923913,
      "p25_time_ns": 201.0,
      "std_time_ns": 1598.1364920606486,
      "median_time_ns": 1763.0,
      "allocs": 4,
      "gc_time_ns": 0.0,
      "memory_bytes": 2720,
      "iqr_time_ns": 1652.0,
      "p75_time_ns": 1853.0,
      "min_time_ns": 180.0,
      "mean_time_ns": 1471.1359,
      "max_time_ns": 66183.0,
      "p99_time_ns": 4980.0,
      "samples": 10000,
      "p95_time_ns": 2826.0
    },
    "autodiff/reverse/simple": {
      "cv": 0.40509092519840545,
      "p25_time_ns": 1734.0,
      "std_time_ns": 1202.1763885290145,
      "median_time_ns": 3386.0,
      "allocs": 4,
      "gc_time_ns": 0.0,
      "memory_bytes": 2720,
      "iqr_time_ns": 1722.0,
      "p75_time_ns": 3456.0,
      "min_time_ns": 1574.0,
      "mean_time_ns": 2967.6705,
      "max_time_ns": 29285.0,
      "p99_time_ns": 6572.0,
      "samples": 10000,
      "p95_time_ns": 3676.0
    }
  }
}