{
  "metadata": {
    "run_number": 64,
    "julia_version": "1.11.9",
    "commit_hash": "290e4048c80a344f261cf1caa8f960168cbb6d92",
    "git_dirty": true,
    "hostname": "runnervm0kj6c",
    "git_branch": "main",
    "timestamp": "2026-03-10T00:37:39.391",
    "group": "trixi",
    "system": {
      "julia_threads": 1,
      "arch": "x86_64",
      "word_size": 64,
      "os": "Linux",
      "cpu_threads": 4
    }
  },
  "benchmarks": {
    "tree_2d_dgsem/elixir_euler_ec.jl/p7_analysis": {
      "cv": 0.01994783371429562,
      "p25_time_ns": 1.2159102e7,
      "std_time_ns": 243344.61643410695,
      "median_time_ns": 1.2179087e7,
      "allocs": 0,
      "gc_time_ns": 0.0,
      "memory_bytes": 0,
      "iqr_time_ns": 46587.0,
      "p75_time_ns": 1.2205689e7,
      "min_time_ns": 1.1891389e7,
      "mean_time_ns": 1.2199049777506113e7,
      "max_time_ns": 1.6943896e7,
      "p99_time_ns": 1.2431305e7,
      "samples": 409,
      "p95_time_ns": 1.2274964e7
    },
    "tree_1d_dgsem/elixir_mhd_ec.jl/p3_analysis": {
      "cv": 0.11182231534620345,
      "p25_time_ns": 3128.0,
      "std_time_ns": 355.3663308949701,
      "median_time_ns": 3152.0,
      "allocs": 0,
      "gc_time_ns": 0.0,
      "memory_bytes": 0,
      "iqr_time_ns": 49.0,
      "p75_time_ns": 3177.0,
      "min_time_ns": 3089.0,
      "mean_time_ns": 3177.9554,
      "max_time_ns": 15543.0,
      "p99_time_ns": 3245.0,
      "samples": 10000,
      "p95_time_ns": 3214.0
    },
    "tree_2d_dgsem/elixir_euler_ec.jl/p3_rhs!": {
      "cv": 0.02871463675896055,
      "p25_time_ns": 1.145813e6,
      "std_time_ns": 33082.70055532476,
      "median_time_ns": 1.1470755e6,
      "allocs": 0,
      "gc_time_ns": 0.0,
      "memory_bytes": 0,
      "iqr_time_ns": 5268.0,
      "p75_time_ns": 1.151081e6,
      "min_time_ns": 1.141788e6,
      "mean_time_ns": 1.1521197650184843e6,
      "max_time_ns": 2.301919e6,
      "p99_time_ns": 1.207682e6,
      "samples": 4328,
      "p95_time_ns": 1.174018e6
    },
    "tree_1d_dgsem/elixir_mhd_ec.jl/p3_rhs!": {
      "cv": 0.10075889958794959,
      "p25_time_ns": 4540.0,
      "std_time_ns": 463.03204177228474,
      "median_time_ns": 4564.0,
      "allocs": 0,
      "gc_time_ns": 0.0,
      "memory_bytes": 0,
      "iqr_time_ns": 47.0,
      "p75_time_ns": 4587.0,
      "min_time_ns": 4441.0,
      "mean_time_ns": 4595.4456,
      "max_time_ns": 23070.0,
      "p99_time_ns": 4687.0,
      "samples": 10000,
      "p95_time_ns": 4631.0
    },
    "tree_2d_dgsem/elixir_advection_amr_nonperiodic.jl/p3_analysis": {
      "cv": 0.017671430945142615,
      "p25_time_ns": 673667.0,
      "std_time_ns": 11965.547471786045,
      "median_time_ns": 677033.5,
      "allocs": 0,
      "gc_time_ns": 0.0,
      "memory_bytes": 0,
      "iqr_time_ns": 5685.0,
      "p75_time_ns": 679352.0,
      "min_time_ns": 574767.0,
      "mean_time_ns": 677112.5388165038,
      "max_time_ns": 974573.0,
      "p99_time_ns": 716994.0,
      "samples": 7368,
      "p95_time_ns": 683691.0
    },
    "tree_2d_dgsem/elixir_advection_amr_nonperiodic.jl/p7_rhs!": {
      "cv": 0.03366032028468305,
      "p25_time_ns": 398449.0,
      "std_time_ns": 13528.571742913246,
      "median_time_ns": 399687.5,
      "allocs": 0,
      "gc_time_ns": 0.0,
      "memory_bytes": 0,
      "iqr_time_ns": 5938.0,
      "p75_time_ns": 404387.0,
      "min_time_ns": 330864.0,
      "mean_time_ns": 401914.5281,
      "max_time_ns": 1.165029e6,
      "p99_time_ns": 431579.0,
      "samples": 10000,
      "p95_time_ns": 407498.0
    },
    "tree_2d_dgsem/elixir_euler_ec.jl/p7_rhs!": {
      "cv": 0.010215486714970207,
      "p25_time_ns": 7.59457e6,
      "std_time_ns": 77923.01445849011,
      "median_time_ns": 7.606478e6,
      "allocs": 0,
      "gc_time_ns": 0.0,
      "memory_bytes": 0,
      "iqr_time_ns": 42850.0,
      "p75_time_ns": 7.63742e6,
      "min_time_ns": 7.576262e6,
      "mean_time_ns": 7.6279296946564885e6,
      "max_time_ns": 8.799041e6,
      "p99_time_ns": 8.009446e6,
      "samples": 655,
      "p95_time_ns": 7.715764e6
    },
    "tree_2d_dgsem/elixir_euler_vortex_mortar.jl/p7_rhs!": {
      "cv": 0.026169852384528413,
      "p25_time_ns": 1.216316e6,
      "std_time_ns": 32046.578812338143,
      "median_time_ns": 1.221093e6,
      "allocs": 0,
      "gc_time_ns": 0.0,
      "memory_bytes": 0,
      "iqr_time_ns": 10253.0,
      "p75_time_ns": 1.226569e6,
      "min_time_ns": 1.182542e6,
      "mean_time_ns": 1.2245609314664702e6,
      "max_time_ns": 1.944638e6,
      "p99_time_ns": 1.39737e6,
      "samples": 4071,
      "p95_time_ns": 1.243835e6
    },
    "tree_1d_dgsem/elixir_mhd_ec.jl/p7_rhs!": {
      "cv": 0.09639783239159165,
      "p25_time_ns": 11990.0,
      "std_time_ns": 1176.936511123209,
      "median_time_ns": 12039.0,
      "allocs": 0,
      "gc_time_ns": 0.0,
      "memory_bytes": 0,
      "iqr_time_ns": 143.0,
      "p75_time_ns": 12133.0,
      "min_time_ns": 11868.0,
      "mean_time_ns": 12209.1595,
      "max_time_ns": 41350.0,
      "p99_time_ns": 17047.0,
      "samples": 10000,
      "p95_time_ns": 12442.0
    },
    "structured_1d_dgsem/elixir_euler_sedov.jl/p3_rhs!": {
      "cv": 0.0871033818150845,
      "p25_time_ns": 10442.0,
      "std_time_ns": 921.2231177455475,
      "median_time_ns": 10492.0,
      "allocs": 0,
      "gc_time_ns": 0.0,
      "memory_bytes": 0,
      "iqr_time_ns": 95.0,
      "p75_time_ns": 10537.0,
      "min_time_ns": 10239.0,
      "mean_time_ns": 10576.2038,
      "max_time_ns": 61470.0,
      "p99_time_ns": 15096.0,
      "samples": 10000,
      "p95_time_ns": 10620.0
    },
    "tree_2d_dgsem/elixir_euler_ec.jl/p3_analysis": {
      "cv": 0.03435279473756887,
      "p25_time_ns": 2.554066e6,
      "std_time_ns": 88219.58631274501,
      "median_time_ns": 2.557936e6,
      "allocs": 0,
      "gc_time_ns": 0.0,
      "memory_bytes": 0,
      "iqr_time_ns": 8002.0,
      "p75_time_ns": 2.562068e6,
      "min_time_ns": 2.383356e6,
      "mean_time_ns": 2.5680468499486125e6,
      "max_time_ns": 4.328574e6,
      "p99_time_ns": 2.889874e6,
      "samples": 1946,
      "p95_time_ns": 2.595142e6
    },
    "structured_1d_dgsem/elixir_euler_sedov.jl/p7_analysis": {
      "cv": 0.2036748464294568,
      "p25_time_ns": 7359.0,
      "std_time_ns": 1599.0500583710407,
      "median_time_ns": 7494.0,
      "allocs": 128,
      "gc_time_ns": 0.0,
      "memory_bytes": 8192,
      "iqr_time_ns": 344.0,
      "p75_time_ns": 7703.0,
      "min_time_ns": 7285.0,
      "mean_time_ns": 7850.9943,
      "max_time_ns": 32625.0,
      "p99_time_ns": 14764.0,
      "samples": 10000,
      "p95_time_ns": 9180.0
    },
    "tree_2d_dgsem/elixir_euler_vortex_mortar.jl/p7_analysis": {
      "cv": 0.006016221150402285,
      "p25_time_ns": 6.570323e6,
      "std_time_ns": 39638.541484093956,
      "median_time_ns": 6.586743e6,
      "allocs": 0,
      "gc_time_ns": 0.0,
      "memory_bytes": 0,
      "iqr_time_ns": 34079.0,
      "p75_time_ns": 6.604402e6,
      "min_time_ns": 6.39419e6,
      "mean_time_ns": 6.588611105401845e6,
      "max_time_ns": 7.028286e6,
      "p99_time_ns": 6.681802e6,
      "samples": 759,
      "p95_time_ns": 6.642773e6
    },
    "tree_2d_dgsem/elixir_euler_vortex_mortar.jl/p3_rhs!": {
      "cv": 0.028246895931362346,
      "p25_time_ns": 369652.0,
      "std_time_ns": 10590.0498493072,
      "median_time_ns": 371053.0,
      "allocs": 0,
      "gc_time_ns": 0.0,
      "memory_bytes": 0,
      "iqr_time_ns": 8505.0,
      "p75_time_ns": 378157.0,
      "min_time_ns": 365580.0,
      "mean_time_ns": 374910.2158,
      "max_time_ns": 608741.0,
      "p99_time_ns": 426507.0,
      "samples": 10000,
      "p95_time_ns": 382702.0
    },
    "tree_2d_dgsem/elixir_advection_amr_nonperiodic.jl/p7_analysis": {
      "cv": 0.010823930067030346,
      "p25_time_ns": 3.107512e6,
      "std_time_ns": 33751.609018307594,
      "median_time_ns": 3.115399e6,
      "allocs": 0,
      "gc_time_ns": 0.0,