{
  "metadata": {
    "run_number": 62,
    "julia_version": "1.11.9",
    "commit_hash": "7aaaacefcaebe3a63c3656d4a2545eec23fd0893",
    "git_dirty": false,
    "hostname": "runnervm46oaq",
    "git_branch": "main",
    "timestamp": "2026-03-19T03:30:20.206",
    "group": "enzyme",
    "system": {
      "julia_threads": 1,
      "arch": "x86_64",
      "word_size": 64,
      "os": "Linux",
      "cpu_threads": 4
    }
  },
  "benchmarks": {
    "basics/make_zero/array": {
      "cv": 0.9921063225020413,
      "p25_time_ns": 47.0,
      "std_time_ns": 65.90353958053335,
      "median_time_ns": 49.0,
      "allocs": 2,
      "gc_time_ns": 0.0,
      "memory_bytes": 928,
      "iqr_time_ns": 9.0,
      "p75_time_ns": 56.0,
      "min_time_ns": 41.0,
      "mean_time_ns": 66.4279,
      "max_time_ns": 1905.0,
      "p99_time_ns": 371.0,
      "samples": 10000,
      "p95_time_ns": 199.0
    },
    "basics/make_zero/namedtuple": {
      "cv": 0.1183886163316841,
      "p25_time_ns": 18.0,
      "std_time_ns": 2.2181646321753328,
      "median_time_ns": 19.0,
      "allocs": 0,
      "gc_time_ns": 0.0,
      "memory_bytes": 0,
      "iqr_time_ns": 1.0,
      "p75_time_ns": 19.0,
      "min_time_ns": 17.0,
      "mean_time_ns": 18.7363,
      "max_time_ns": 220.0,
      "p99_time_ns": 20.0,
      "samples": 10000,
      "p95_time_ns": 20.0
    },
    "autodiff/reverse/complex": {
      "cv": 0.1506499415462321,
      "p25_time_ns": 30035.0,
      "std_time_ns": 4733.467774474527,
      "median_time_ns": 31395.0,
      "allocs": 3,
      "gc_time_ns": 0.0,
      "memory_bytes": 8072,
      "iqr_time_ns": 2028.0,
      "p75_time_ns": 32063.0,
      "min_time_ns": 28530.0,
      "mean_time_ns": 31420.3094,
      "max_time_ns": 431791.0,
      "p99_time_ns": 37812.0,
      "samples": 10000,
      "p95_time_ns": 34060.0
    },
    "autodiff/forward/complex": {
      "cv": 0.1259959327316974,
      "p25_time_ns": 18615.0,
      "std_time_ns": 2410.284667123128,
      "median_time_ns": 18821.0,
      "allocs": 3,
      "gc_time_ns": 0.0,
      "memory_bytes": 8072,
      "iqr_time_ns": 474.0,
      "p75_time_ns": 19089.0,
      "min_time_ns": 17890.0,
      "mean_time_ns": 19129.8609,
      "max_time_ns": 216148.0,
      "p99_time_ns": 24690.0,
      "samples": 10000,
      "p95_time_ns": 20830.0
    },
    "basics/make_zero/struct": {
      "cv": 0.5290021865410904,
      "p25_time_ns": 176.0,
      "std_time_ns": 113.98711644647204,
      "median_time_ns": 180.0,
      "allocs": 7,
      "gc_time_ns": 0.0,
      "memory_bytes": 496,
      "iqr_time_ns": 23.0,
      "p75_time_ns": 199.0,
      "min_time_ns": 166.0,
      "mean_time_ns": 215.4757,
      "max_time_ns": 6469.0,
      "p99_time_ns": 573.0,
      "samples": 10000,
      "p95_time_ns": 372.0
    },
    "autodiff/forward/simple": {
      "cv": 0.7220835238372372,
      "p25_time_ns": 177.0,
      "std_time_ns": 780.9006206463422,
      "median_time_ns": 1340.0,
      "allocs": 4,
      "gc_time_ns": 0.0,
      "memory_bytes": 2720,
      "iqr_time_ns": 1289.0,
      "p75_time_ns": 1466.0,
      "min_time_ns": 164.0,
      "mean_time_ns": 1081.4547,
      "max_time_ns": 14950.0,
      "p99_time_ns": 3557.0,
      "samples": 10000,
      "p95_time_ns": 1811.0
    },
    "autodiff/reverse/simple": {
      "cv": 0.5765067751918108,
      "p25_time_ns": 512.0,
      "std_time_ns": 818.02685172102,
      "median_time_ns": 1658.0,
      "allocs": 4,
      "gc_time_ns": 0.0,
      "memory_bytes": 2720,
      "iqr_time_ns": 1289.0,
      "p75_time_ns": 1801.0,
      "min_time_ns": 488.0,
      "mean_time_ns": 1418.9371,
      "max_time_ns": 14980.0,
      "p99_time_ns": 3864.0,
      "samples": 10000,
      "p95_time_ns": 2176.0
    }
  }
}