{
  "metadata": {
    "run_number": 64,
    "julia_version": "1.11.9",
    "commit_hash": "7aaaacefcaebe3a63c3656d4a2545eec23fd0893",
    "git_dirty": true,
    "hostname": "runnervm46oaq",
    "git_branch": "main",
    "timestamp": "2026-03-19T03:19:43.926",
    "group": "trixi",
    "system": {
      "julia_threads": 1,
      "arch": "x86_64",
      "word_size": 64,
      "os": "Linux",
      "cpu_threads": 4
    }
  },
  "benchmarks": {
    "tree_2d_dgsem/elixir_euler_ec.jl/p7_analysis": {
      "cv": 0.021174027219955434,
      "p25_time_ns": 1.0984747e7,
      "std_time_ns": 233381.94435725326,
      "median_time_ns": 1.099128e7,
      "allocs": 0,
      "gc_time_ns": 0.0,
      "memory_bytes": 0,
      "iqr_time_ns": 18856.0,
      "p75_time_ns": 1.1003603e7,
      "min_time_ns": 1.0966101e7,
      "mean_time_ns": 1.1022085781456953e7,
      "max_time_ns": 1.5302221e7,
      "p99_time_ns": 1.1484364e7,
      "samples": 453,
      "p95_time_ns": 1.1090334e7
    },
    "tree_1d_dgsem/elixir_mhd_ec.jl/p3_analysis": {
      "cv": 0.1489487283738302,
      "p25_time_ns": 3216.0,
      "std_time_ns": 485.63319362855066,
      "median_time_ns": 3226.0,
      "allocs": 0,
      "gc_time_ns": 0.0,
      "memory_bytes": 0,
      "iqr_time_ns": 20.0,
      "p75_time_ns": 3236.0,
      "min_time_ns": 3186.0,
      "mean_time_ns": 3260.4051,
      "max_time_ns": 24014.0,
      "p99_time_ns": 3327.0,
      "samples": 10000,
      "p95_time_ns": 3286.0
    },
    "tree_2d_dgsem/elixir_euler_ec.jl/p3_rhs!": {
      "cv": 0.021215498057530903,
      "p25_time_ns": 1.383526e6,
      "std_time_ns": 29516.420497093834,
      "median_time_ns": 1.386971e6,
      "allocs": 0,
      "gc_time_ns": 0.0,
      "memory_bytes": 0,
      "iqr_time_ns": 9907.0,
      "p75_time_ns": 1.393433e6,
      "min_time_ns": 1.372775e6,
      "mean_time_ns": 1.3912669133221852e6,
      "max_time_ns": 2.288659e6,
      "p99_time_ns": 1.442114e6,
      "samples": 3588,
      "p95_time_ns": 1.40765e6
    },
    "tree_1d_dgsem/elixir_mhd_ec.jl/p3_rhs!": {
      "cv": 0.13356362190285434,
      "p25_time_ns": 5410.0,
      "std_time_ns": 731.6195550938342,
      "median_time_ns": 5420.0,
      "allocs": 0,
      "gc_time_ns": 0.0,
      "memory_bytes": 0,
      "iqr_time_ns": 20.0,
      "p75_time_ns": 5430.0,
      "min_time_ns": 5370.0,
      "mean_time_ns": 5477.6858,
      "max_time_ns": 24025.0,
      "p99_time_ns": 5511.0,
      "samples": 10000,
      "p95_time_ns": 5480.0
    },
    "tree_2d_dgsem/elixir_advection_amr_nonperiodic.jl/p3_analysis": {
      "cv": 0.010214336726978794,
      "p25_time_ns": 840524.0,
      "std_time_ns": 8601.8785964006,
      "median_time_ns": 841746.0,
      "allocs": 0,
      "gc_time_ns": 0.0,
      "memory_bytes": 0,
      "iqr_time_ns": 2515.0,
      "p75_time_ns": 843039.0,
      "min_time_ns": 829975.0,
      "mean_time_ns": 842137.754640567,
      "max_time_ns": 1.03707e6,
      "p99_time_ns": 875179.0,
      "samples": 5926,
      "p95_time_ns": 850493.0
    },
    "tree_2d_dgsem/elixir_advection_amr_nonperiodic.jl/p7_rhs!": {
      "cv": 0.02724751411212721,
      "p25_time_ns": 320256.0,
      "std_time_ns": 8851.886754506953,
      "median_time_ns": 321683.5,
      "allocs": 0,
      "gc_time_ns": 0.0,
      "memory_bytes": 0,
      "iqr_time_ns": 9307.0,
      "p75_time_ns": 329563.0,
      "min_time_ns": 318052.0,
      "mean_time_ns": 324869.5172,
      "max_time_ns": 554673.0,
      "p99_time_ns": 344181.0,
      "samples": 10000,
      "p95_time_ns": 333150.0
    },
    "tree_2d_dgsem/elixir_euler_ec.jl/p7_rhs!": {
      "cv": 0.006468200914758147,
      "p25_time_ns": 9.425984e6,
      "std_time_ns": 61135.11903909539,
      "median_time_ns": 9.435402e6,
      "allocs": 0,
      "gc_time_ns": 0.0,
      "memory_bytes": 0,
      "iqr_time_ns": 32440.0,
      "p75_time_ns": 9.458424e6,
      "min_time_ns": 9.409483e6,
      "mean_time_ns": 9.451641939508507e6,
      "max_time_ns": 1.0290012e7,
      "p99_time_ns": 9.641746e6,
      "samples": 529,
      "p95_time_ns": 9.523082e6
    },
    "tree_2d_dgsem/elixir_euler_vortex_mortar.jl/p7_rhs!": {
      "cv": 0.019521206044337984,
      "p25_time_ns": 1.132648e6,
      "std_time_ns": 22258.468391561808,
      "median_time_ns": 1.1376665e6,
      "allocs": 0,
      "gc_time_ns": 0.0,
      "memory_bytes": 0,
      "iqr_time_ns": 10780.0,
      "p75_time_ns": 1.143428e6,
      "min_time_ns": 1.119413e6,
      "mean_time_ns": 1.14021994035649e6,
      "max_time_ns": 1.869438e6,
      "p99_time_ns": 1.186047e6,
      "samples": 4376,
      "p95_time_ns": 1.158807e6
    },
    "tree_1d_dgsem/elixir_mhd_ec.jl/p7_rhs!": {
      "cv": 0.07588605722018503,
      "p25_time_ns": 14487.0,
      "std_time_ns": 1111.5545460280568,
      "median_time_ns": 14507.0,
      "allocs": 0,
      "gc_time_ns": 0.0,
      "memory_bytes": 0,
      "iqr_time_ns": 50.0,
      "p75_time_ns": 14537.0,
      "min_time_ns": 14386.0,
      "mean_time_ns": 14647.6782,
      "max_time_ns": 42239.0,
      "p99_time_ns": 22141.0,
      "samples": 10000,
      "p95_time_ns": 14597.0
    },
    "structured_1d_dgsem/elixir_euler_sedov.jl/p3_rhs!": {
      "cv": 0.07886207415821678,
      "p25_time_ns": 12673.0,
      "std_time_ns": 1012.3502220585375,
      "median_time_ns": 12713.0,
      "allocs": 0,
      "gc_time_ns": 0.0,
      "memory_bytes": 0,
      "iqr_time_ns": 81.0,
      "p75_time_ns": 12754.0,
      "min_time_ns": 12523.0,
      "mean_time_ns": 12836.9718,
      "max_time_ns": 33743.0,
      "p99_time_ns": 20278.0,
      "samples": 10000,
      "p95_time_ns": 12844.0
    },
    "tree_2d_dgsem/elixir_euler_ec.jl/p3_analysis": {
      "cv": 0.014312492171043415,
      "p25_time_ns": 2.321901e6,
      "std_time_ns": 33339.977696689886,
      "median_time_ns": 2.324727e6,
      "allocs": 0,
      "gc_time_ns": 0.0,
      "memory_bytes": 0,
      "iqr_time_ns": 9008.0,
      "p75_time_ns": 2.330909e6,
      "min_time_ns": 2.318445e6,
      "mean_time_ns": 2.3294320303030303e6,
      "max_time_ns": 3.566839e6,
      "p99_time_ns": 2.376634e6,
      "samples": 2145,
      "p95_time_ns": 2.348841e6
    },
    "structured_1d_dgsem/elixir_euler_sedov.jl/p7_analysis": {
      "cv": 0.3410583850069946,
      "p25_time_ns": 8085.0,
      "std_time_ns": 2851.975405664502,
      "median_time_ns": 8175.0,
      "allocs": 128,
      "gc_time_ns": 0.0,
      "memory_bytes": 8192,
      "iqr_time_ns": 210.0,
      "p75_time_ns": 8295.0,
      "min_time_ns": 7945.0,
      "mean_time_ns": 8362.1325,
      "max_time_ns": 124522.0,
      "p99_time_ns": 10780.0,
      "samples": 10000,
      "p95_time_ns": 8546.0
    },
    "tree_2d_dgsem/elixir_euler_vortex_mortar.jl/p7_analysis": {
      "cv": 0.0075483556399053514,
      "p25_time_ns": 6.281933e6,
      "std_time_ns": 47526.53090181773,
      "median_time_ns": 6.28796e6,
      "allocs": 0,
      "gc_time_ns": 0.0,
      "memory_bytes": 0,
      "iqr_time_ns": 13255.0,
      "p75_time_ns": 6.295188e6,
      "min_time_ns": 6.274069e6,
      "mean_time_ns": 6.296276059193955e6,
      "max_time_ns": 7.26314e6,
      "p99_time_ns": 6.473269e6,
      "samples": 794,
      "p95_time_ns": 6.335964e6
    },
    "tree_2d_dgsem/elixir_euler_vortex_mortar.jl/p3_rhs!": {
      "cv": 0.029390761431188947,
      "p25_time_ns": 358497.0,
      "std_time_ns": 10689.364043051482,
      "median_time_ns": 359849.5,
      "allocs": 0,
      "gc_time_ns": 0.0,
      "memory_bytes": 0,
      "iqr_time_ns": 9278.0,
      "p75_time_ns": 367775.0,
      "min_time_ns": 356063.0,
      "mean_time_ns": 363698.0984,
      "max_time_ns": 677781.0,
      "p99_time_ns": 389365.0,
      "samples": 10000,
      "p95_time_ns": 374117.0
    },
    "tree_2d_dgsem/elixir_advection_amr_nonperiodic.jl/p7_analysis": {
      "cv": 0.006716935502873063,
      "p25_time_ns": 3.933211e6,
      "std_time_ns": 26476.22105827566,
      "median_time_ns": 3.936101e6,
      "allocs": 0,
      "gc_time_ns": 0.0,