{
  "metadata": {
    "run_number": 49,
    "julia_version": "1.11.8",
    "commit_hash": "cf2c78b6d01d4cbbf84894c999d4527e48827c9f",
    "git_dirty": true,
    "hostname": "runnervmkj6or",
    "git_branch": "main",
    "timestamp": "2026-02-01T03:18:33.683",
    "group": "enzyme",
    "system": {
      "julia_threads": 1,
      "arch": "x86_64",
      "word_size": 64,
      "os": "Linux",
      "cpu_threads": 4
    }
  },
  "benchmarks": {
    "basics/make_zero/array": {
      "cv": 1.4119992304669753,
      "p25_time_ns": 49.0,
      "std_time_ns": 99.05824121371847,
      "median_time_ns": 50.0,
      "allocs": 2,
      "gc_time_ns": 0.0,
      "memory_bytes": 928,
      "iqr_time_ns": 10.0,
      "p75_time_ns": 59.0,
      "min_time_ns": 44.0,
      "mean_time_ns": 70.1546,
      "max_time_ns": 7450.0,
      "p99_time_ns": 380.0,
      "samples": 10000,
      "p95_time_ns": 221.0
    },
    "basics/make_zero/namedtuple": {
      "cv": 2.541827701558433,
      "p25_time_ns": 18.0,
      "std_time_ns": 47.705022302848676,
      "median_time_ns": 18.0,
      "allocs": 0,
      "gc_time_ns": 0.0,
      "memory_bytes": 0,
      "iqr_time_ns": 1.0,
      "p75_time_ns": 19.0,
      "min_time_ns": 17.0,
      "mean_time_ns": 18.768,
      "max_time_ns": 4783.0,
      "p99_time_ns": 20.0,
      "samples": 10000,
      "p95_time_ns": 19.0
    },
    "autodiff/reverse/complex": {
      "cv": 0.1313575259429973,
      "p25_time_ns": 29817.0,
      "std_time_ns": 4105.883592292444,
      "median_time_ns": 31355.0,
      "allocs": 3,
      "gc_time_ns": 0.0,
      "memory_bytes": 8072,
      "iqr_time_ns": 2058.0,
      "p75_time_ns": 31875.0,
      "min_time_ns": 28649.0,
      "mean_time_ns": 31257.3152,
      "max_time_ns": 373809.0,
      "p99_time_ns": 37572.0,
      "samples": 10000,
      "p95_time_ns": 33752.0
    },
    "autodiff/forward/complex": {
      "cv": 0.11320769310600635,
      "p25_time_ns": 18627.0,
      "std_time_ns": 2164.9561078290694,
      "median_time_ns": 18859.0,
      "allocs": 3,
      "gc_time_ns": 0.0,
      "memory_bytes": 8072,
      "iqr_time_ns": 527.0,
      "p75_time_ns": 19154.0,
      "min_time_ns": 17936.0,
      "mean_time_ns": 19123.7543,
      "max_time_ns": 192447.0,
      "p99_time_ns": 24545.0,
      "samples": 10000,
      "p95_time_ns": 20627.0
    },
    "basics/make_zero/struct": {
      "cv": 0.45178378647573136,
      "p25_time_ns": 208.0,
      "std_time_ns": 114.64772578582962,
      "median_time_ns": 226.0,
      "allocs": 7,
      "gc_time_ns": 0.0,
      "memory_bytes": 496,
      "iqr_time_ns": 50.0,
      "p75_time_ns": 258.0,
      "min_time_ns": 175.0,
      "mean_time_ns": 253.7668,
      "max_time_ns": 5699.0,
      "p99_time_ns": 578.0,
      "samples": 10000,
      "p95_time_ns": 412.0
    },
    "autodiff/forward/simple": {
      "cv": 0.7716857385070217,
      "p25_time_ns": 202.0,
      "std_time_ns": 799.0243263336839,
      "median_time_ns": 1317.0,
      "allocs": 4,
      "gc_time_ns": 0.0,
      "memory_bytes": 2720,
      "iqr_time_ns": 1229.0,
      "p75_time_ns": 1431.0,
      "min_time_ns": 173.0,
      "mean_time_ns": 1035.4271,
      "max_time_ns": 31657.0,
      "p99_time_ns": 3430.0,
      "samples": 10000,
      "p95_time_ns": 1782.0
    },
    "autodiff/reverse/simple": {
      "cv": 0.5501323845119901,
      "p25_time_ns": 540.0,
      "std_time_ns": 787.7472144275623,
      "median_time_ns": 1682.0,
      "allocs": 4,
      "gc_time_ns": 0.0,
      "memory_bytes": 2720,
      "iqr_time_ns": 1269.0,
      "p75_time_ns": 1809.0,
      "min_time_ns": 485.0,
      "mean_time_ns": 1431.923,
      "max_time_ns": 16593.0,
      "p99_time_ns": 3747.0,
      "samples": 10000,
      "p95_time_ns": 2209.0
    }
  }
}