{
  "metadata": {
    "run_number": 54,
    "julia_version": "1.11.8",
    "commit_hash": "b599fc4a2f4a2372981b101d64321d5a281086ef",
    "git_dirty": false,
    "hostname": "runnervmkj6or",
    "git_branch": "main",
    "timestamp": "2026-02-04T16:26:45.907",
    "group": "enzyme",
    "system": {
      "julia_threads": 1,
      "arch": "x86_64",
      "word_size": 64,
      "os": "Linux",
      "cpu_threads": 4
    }
  },
  "benchmarks": {
    "basics/make_zero/array": {
      "cv": 0.8088098118042301,
      "p25_time_ns": 50.0,
      "std_time_ns": 59.06236593522973,
      "median_time_ns": 60.0,
      "allocs": 2,
      "gc_time_ns": 0.0,
      "memory_bytes": 928,
      "iqr_time_ns": 10.0,
      "p75_time_ns": 60.0,
      "min_time_ns": 49.0,
      "mean_time_ns": 73.0238,
      "max_time_ns": 1482.0,
      "p99_time_ns": 331.0,
      "samples": 10000,
      "p95_time_ns": 210.0
    },
    "basics/make_zero/namedtuple": {
      "cv": 2.8761910447025025,
      "p25_time_ns": 30.0,
      "std_time_ns": 86.8529162150904,
      "median_time_ns": 30.0,
      "allocs": 0,
      "gc_time_ns": 0.0,
      "memory_bytes": 0,
      "iqr_time_ns": 0.0,
      "p75_time_ns": 30.0,
      "min_time_ns": 20.0,
      "mean_time_ns": 30.1972,
      "max_time_ns": 8706.0,
      "p99_time_ns": 31.0,
      "samples": 10000,
      "p95_time_ns": 31.0
    },
    "autodiff/reverse/complex": {
      "cv": 0.1376844787988185,
      "p25_time_ns": 28453.0,
      "std_time_ns": 4195.026090508223,
      "median_time_ns": 29575.5,
      "allocs": 3,
      "gc_time_ns": 0.0,
      "memory_bytes": 8072,
      "iqr_time_ns": 2786.0,
      "p75_time_ns": 31239.0,
      "min_time_ns": 28153.0,
      "mean_time_ns": 30468.4023,
      "max_time_ns": 313577.0,
      "p99_time_ns": 43932.0,
      "samples": 10000,
      "p95_time_ns": 34555.0
    },
    "autodiff/forward/complex": {
      "cv": 0.11191024786123194,
      "p25_time_ns": 19106.0,
      "std_time_ns": 2219.7261244683214,
      "median_time_ns": 19226.0,
      "allocs": 3,
      "gc_time_ns": 0.0,
      "memory_bytes": 8072,
      "iqr_time_ns": 360.0,
      "p75_time_ns": 19466.0,
      "min_time_ns": 18816.0,
      "mean_time_ns": 19834.8781,
      "max_time_ns": 153277.0,
      "p99_time_ns": 27752.0,
      "samples": 10000,
      "p95_time_ns": 22152.0
    },
    "basics/make_zero/struct": {
      "cv": 0.8306842964432767,
      "p25_time_ns": 190.0,
      "std_time_ns": 180.0659397082755,
      "median_time_ns": 191.0,
      "allocs": 7,
      "gc_time_ns": 0.0,
      "memory_bytes": 496,
      "iqr_time_ns": 11.0,
      "p75_time_ns": 201.0,
      "min_time_ns": 180.0,
      "mean_time_ns": 216.7682,
      "max_time_ns": 9498.0,
      "p99_time_ns": 481.0,
      "samples": 10000,
      "p95_time_ns": 361.0
    },
    "autodiff/forward/simple": {
      "cv": 0.7591464592821838,
      "p25_time_ns": 210.0,
      "std_time_ns": 1052.6563176394975,
      "median_time_ns": 1783.0,
      "allocs": 4,
      "gc_time_ns": 0.0,
      "memory_bytes": 2720,
      "iqr_time_ns": 1673.0,
      "p75_time_ns": 1883.0,
      "min_time_ns": 190.0,
      "mean_time_ns": 1386.6314,
      "max_time_ns": 16010.0,
      "p99_time_ns": 4929.0,
      "samples": 10000,
      "p95_time_ns": 2134.0
    },
    "autodiff/reverse/simple": {
      "cv": 0.4176106511033279,
      "p25_time_ns": 1633.0,
      "std_time_ns": 1216.5515686236658,
      "median_time_ns": 3326.0,
      "allocs": 4,
      "gc_time_ns": 0.0,
      "memory_bytes": 2720,
      "iqr_time_ns": 1793.0,
      "p75_time_ns": 3426.0,
      "min_time_ns": 1552.0,
      "mean_time_ns": 2913.1239,
      "max_time_ns": 22903.0,
      "p99_time_ns": 6552.0,
      "samples": 10000,
      "p95_time_ns": 3707.0
    }
  }
}