{
  "metadata": {
    "run_number": 4,
    "julia_version": "1.11.9",
    "commit_hash": "90b2c7dc6438cbd66b6eff029a42700de93af5d0",
    "git_dirty": false,
    "hostname": "runnervmjduv7",
    "git_branch": "main",
    "timestamp": "2026-02-14T03:16:45.976",
    "group": "enzyme",
    "system": {
      "julia_threads": 1,
      "arch": "x86_64",
      "word_size": 64,
      "os": "Linux",
      "cpu_threads": 4
    }
  },
  "benchmarks": {
    "basics/make_zero/array": {
      "cv": 0.7812964592492815,
      "p25_time_ns": 51.0,
      "std_time_ns": 56.82736357455872,
      "median_time_ns": 60.0,
      "allocs": 2,
      "gc_time_ns": 0.0,
      "memory_bytes": 928,
      "iqr_time_ns": 9.0,
      "p75_time_ns": 60.0,
      "min_time_ns": 40.0,
      "mean_time_ns": 72.7347,
      "max_time_ns": 1142.0,
      "p99_time_ns": 330.0,
      "samples": 10000,
      "p95_time_ns": 210.0
    },
    "basics/make_zero/namedtuple": {
      "cv": 0.10583531550572436,
      "p25_time_ns": 30.0,
      "std_time_ns": 3.1103200026768794,
      "median_time_ns": 30.0,
      "allocs": 0,
      "gc_time_ns": 0.0,
      "memory_bytes": 0,
      "iqr_time_ns": 0.0,
      "p75_time_ns": 30.0,
      "min_time_ns": 20.0,
      "mean_time_ns": 29.3883,
      "max_time_ns": 170.0,
      "p99_time_ns": 31.0,
      "samples": 10000,
      "p95_time_ns": 31.0
    },
    "autodiff/reverse/complex": {
      "cv": 0.0870938771757319,
      "p25_time_ns": 28443.0,
      "std_time_ns": 2684.049761628685,
      "median_time_ns": 31418.0,
      "allocs": 3,
      "gc_time_ns": 0.0,
      "memory_bytes": 8072,
      "iqr_time_ns": 3155.0,
      "p75_time_ns": 31598.0,
      "min_time_ns": 28003.0,
      "mean_time_ns": 30817.8927,
      "max_time_ns": 96069.0,
      "p99_time_ns": 40505.0,
      "samples": 10000,
      "p95_time_ns": 34604.0
    },
    "autodiff/forward/complex": {
      "cv": 0.1342510609406218,
      "p25_time_ns": 19145.0,
      "std_time_ns": 2688.3238083366814,
      "median_time_ns": 19256.0,
      "allocs": 3,
      "gc_time_ns": 0.0,
      "memory_bytes": 8072,
      "iqr_time_ns": 371.0,
      "p75_time_ns": 19516.0,
      "min_time_ns": 18845.0,
      "mean_time_ns": 20024.6001,
      "max_time_ns": 202467.0,
      "p99_time_ns": 28302.0,
      "samples": 10000,
      "p95_time_ns": 22762.0
    },
    "basics/make_zero/struct": {
      "cv": 0.3425183006275318,
      "p25_time_ns": 190.0,
      "std_time_ns": 73.7353531529514,
      "median_time_ns": 200.0,
      "allocs": 7,
      "gc_time_ns": 0.0,
      "memory_bytes": 496,
      "iqr_time_ns": 11.0,
      "p75_time_ns": 201.0,
      "min_time_ns": 180.0,
      "mean_time_ns": 215.2742,
      "max_time_ns": 3416.0,
      "p99_time_ns": 441.0,
      "samples": 10000,
      "p95_time_ns": 331.0
    },
    "autodiff/forward/simple": {
      "cv": 1.11622704101406,
      "p25_time_ns": 210.0,
      "std_time_ns": 1773.5442351868776,
      "median_time_ns": 2054.0,
      "allocs": 4,
      "gc_time_ns": 0.0,
      "memory_bytes": 2720,
      "iqr_time_ns": 1933.0,
      "p75_time_ns": 2143.0,
      "min_time_ns": 190.0,
      "mean_time_ns": 1588.8741,
      "max_time_ns": 93424.0,
      "p99_time_ns": 5150.0,
      "samples": 10000,
      "p95_time_ns": 2364.0
    },
    "autodiff/reverse/simple": {
      "cv": 0.42235900382404007,
      "p25_time_ns": 1784.0,
      "std_time_ns": 1357.2799282675178,
      "median_time_ns": 3677.0,
      "allocs": 4,
      "gc_time_ns": 0.0,
      "memory_bytes": 2720,
      "iqr_time_ns": 2044.0,
      "p75_time_ns": 3828.0,
      "min_time_ns": 1652.0,
      "mean_time_ns": 3213.5693,
      "max_time_ns": 25517.0,
      "p99_time_ns": 6873.0,
      "samples": 10000,
      "p95_time_ns": 4077.0
    }
  }
}