{
  "metadata": {
    "run_number": 63,
    "julia_version": "1.11.9",
    "commit_hash": "ba88026fe5ce4f22306293cee6cb01ac062a6761",
    "git_dirty": false,
    "hostname": "runnervm46oaq",
    "git_branch": "main",
    "timestamp": "2026-03-18T16:29:50.537",
    "group": "enzyme",
    "system": {
      "julia_threads": 1,
      "arch": "x86_64",
      "word_size": 64,
      "os": "Linux",
      "cpu_threads": 4
    }
  },
  "benchmarks": {
    "basics/make_zero/array": {
      "cv": 0.860544210552283,
      "p25_time_ns": 60.0,
      "std_time_ns": 65.5297531981879,
      "median_time_ns": 60.0,
      "allocs": 2,
      "gc_time_ns": 0.0,
      "memory_bytes": 928,
      "iqr_time_ns": 0.0,
      "p75_time_ns": 60.0,
      "min_time_ns": 49.0,
      "mean_time_ns": 76.1492,
      "max_time_ns": 1162.0,
      "p99_time_ns": 371.0,
      "samples": 10000,
      "p95_time_ns": 210.0
    },
    "basics/make_zero/namedtuple": {
      "cv": 0.12724876863611234,
      "p25_time_ns": 30.0,
      "std_time_ns": 3.7420299890358826,
      "median_time_ns": 30.0,
      "allocs": 0,
      "gc_time_ns": 0.0,
      "memory_bytes": 0,
      "iqr_time_ns": 0.0,
      "p75_time_ns": 30.0,
      "min_time_ns": 20.0,
      "mean_time_ns": 29.4072,
      "max_time_ns": 281.0,
      "p99_time_ns": 31.0,
      "samples": 10000,
      "p95_time_ns": 31.0
    },
    "autodiff/reverse/complex": {
      "cv": 0.15163780052714468,
      "p25_time_ns": 28113.0,
      "std_time_ns": 4490.490886595997,
      "median_time_ns": 28323.0,
      "allocs": 3,
      "gc_time_ns": 0.0,
      "memory_bytes": 8072,
      "iqr_time_ns": 3176.0,
      "p75_time_ns": 31289.0,
      "min_time_ns": 27792.0,
      "mean_time_ns": 29613.2684,
      "max_time_ns": 406446.0,
      "p99_time_ns": 39946.0,
      "samples": 10000,
      "p95_time_ns": 34194.0
    },
    "autodiff/forward/complex": {
      "cv": 0.17214364902703547,
      "p25_time_ns": 19076.0,
      "std_time_ns": 3472.160003336423,
      "median_time_ns": 19206.0,
      "allocs": 3,
      "gc_time_ns": 0.0,
      "memory_bytes": 8072,
      "iqr_time_ns": 421.0,
      "p75_time_ns": 19497.0,
      "min_time_ns": 18785.0,
      "mean_time_ns": 20170.1313,
      "max_time_ns": 217400.0,
      "p99_time_ns": 32191.0,
      "samples": 10000,
      "p95_time_ns": 23494.0
    },
    "basics/make_zero/struct": {
      "cv": 0.7095372979915794,
      "p25_time_ns": 190.0,
      "std_time_ns": 155.0086400833516,
      "median_time_ns": 191.0,
      "allocs": 7,
      "gc_time_ns": 0.0,
      "memory_bytes": 496,
      "iqr_time_ns": 11.0,
      "p75_time_ns": 201.0,
      "min_time_ns": 180.0,
      "mean_time_ns": 218.4644,
      "max_time_ns": 9458.0,
      "p99_time_ns": 481.0,
      "samples": 10000,
      "p95_time_ns": 371.0
    },
    "autodiff/forward/simple": {
      "cv": 1.5824671678144013,
      "p25_time_ns": 211.0,
      "std_time_ns": 2541.32516893951,
      "median_time_ns": 2055.0,
      "allocs": 4,
      "gc_time_ns": 0.0,
      "memory_bytes": 2720,
      "iqr_time_ns": 1933.0,
      "p75_time_ns": 2144.0,
      "min_time_ns": 191.0,
      "mean_time_ns": 1605.926,
      "max_time_ns": 170893.0,
      "p99_time_ns": 5180.0,
      "samples": 10000,
      "p95_time_ns": 2365.0
    },
    "autodiff/reverse/simple": {
      "cv": 0.40729018442676745,
      "p25_time_ns": 1833.0,
      "std_time_ns": 1326.3320139499322,
      "median_time_ns": 3717.0,
      "allocs": 4,
      "gc_time_ns": 0.0,
      "memory_bytes": 2720,
      "iqr_time_ns": 2044.0,
      "p75_time_ns": 3877.0,
      "min_time_ns": 1653.0,
      "mean_time_ns": 3256.4792,
      "max_time_ns": 22462.0,
      "p99_time_ns": 6993.0,
      "samples": 10000,
      "p95_time_ns": 4138.0
    }
  }
}