{
  "metadata": {
    "run_number": 15,
    "julia_version": "1.11.9",
    "commit_hash": "90b2c7dc6438cbd66b6eff029a42700de93af5d0",
    "git_dirty": false,
    "hostname": "runnervmwffz4",
    "git_branch": "main",
    "timestamp": "2026-02-25T03:26:52.636",
    "group": "enzyme",
    "system": {
      "julia_threads": 1,
      "arch": "x86_64",
      "word_size": 64,
      "os": "Linux",
      "cpu_threads": 4
    }
  },
  "benchmarks": {
    "basics/make_zero/array": {
      "cv": 0.7765270901453214,
      "p25_time_ns": 60.0,
      "std_time_ns": 65.65124987820916,
      "median_time_ns": 61.0,
      "allocs": 2,
      "gc_time_ns": 0.0,
      "memory_bytes": 928,
      "iqr_time_ns": 20.0,
      "p75_time_ns": 80.0,
      "min_time_ns": 50.0,
      "mean_time_ns": 84.5447,
      "max_time_ns": 1022.0,
      "p99_time_ns": 391.0,
      "samples": 10000,
      "p95_time_ns": 230.0
    },
    "basics/make_zero/namedtuple": {
      "cv": 0.14399048055809022,
      "p25_time_ns": 30.0,
      "std_time_ns": 4.522453013368498,
      "median_time_ns": 30.0,
      "allocs": 0,
      "gc_time_ns": 0.0,
      "memory_bytes": 0,
      "iqr_time_ns": 0.0,
      "p75_time_ns": 30.0,
      "min_time_ns": 30.0,
      "mean_time_ns": 31.408,
      "max_time_ns": 310.0,
      "p99_time_ns": 40.0,
      "samples": 10000,
      "p95_time_ns": 40.0
    },
    "autodiff/reverse/complex": {
      "cv": 0.13164230738310131,
      "p25_time_ns": 25999.0,
      "std_time_ns": 3725.921262623417,
      "median_time_ns": 29114.0,
      "allocs": 3,
      "gc_time_ns": 0.0,
      "memory_bytes": 8072,
      "iqr_time_ns": 3335.0,
      "p75_time_ns": 29334.0,
      "min_time_ns": 25448.0,
      "mean_time_ns": 28303.3725,
      "max_time_ns": 150567.0,
      "p99_time_ns": 38589.0,
      "samples": 10000,
      "p95_time_ns": 32659.0
    },
    "autodiff/forward/complex": {
      "cv": 0.15598509928177767,
      "p25_time_ns": 17446.0,
      "std_time_ns": 2792.3167780146155,
      "median_time_ns": 17536.0,
      "allocs": 3,
      "gc_time_ns": 0.0,
      "memory_bytes": 8072,
      "iqr_time_ns": 191.0,
      "p75_time_ns": 17637.0,
      "min_time_ns": 17006.0,
      "mean_time_ns": 17901.1764,
      "max_time_ns": 239732.0,
      "p99_time_ns": 26810.0,
      "samples": 10000,
      "p95_time_ns": 20261.0
    },
    "basics/make_zero/struct": {
      "cv": 0.8553484193206683,
      "p25_time_ns": 181.0,
      "std_time_ns": 195.8058469418358,
      "median_time_ns": 191.0,
      "allocs": 7,
      "gc_time_ns": 0.0,
      "memory_bytes": 496,
      "iqr_time_ns": 69.0,
      "p75_time_ns": 250.0,
      "min_time_ns": 170.0,
      "mean_time_ns": 228.9194,
      "max_time_ns": 10436.0,
      "p99_time_ns": 490.0,
      "samples": 10000,
      "p95_time_ns": 381.0
    },
    "autodiff/forward/simple": {
      "cv": 0.8947130495412494,
      "p25_time_ns": 151.0,
      "std_time_ns": 1451.4639020966588,
      "median_time_ns": 2144.0,
      "allocs": 4,
      "gc_time_ns": 0.0,
      "memory_bytes": 2720,
      "iqr_time_ns": 2122.0,
      "p75_time_ns": 2273.0,
      "min_time_ns": 130.0,
      "mean_time_ns": 1622.2675,
      "max_time_ns": 79356.0,
      "p99_time_ns": 5568.0,
      "samples": 10000,
      "p95_time_ns": 2444.0
    },
    "autodiff/reverse/simple": {
      "cv": 0.7190716233074949,
      "p25_time_ns": 301.0,
      "std_time_ns": 1263.377202999843,
      "median_time_ns": 2284.0,
      "allocs": 4,
      "gc_time_ns": 0.0,
      "memory_bytes": 2720,
      "iqr_time_ns": 2102.0,
      "p75_time_ns": 2403.0,
      "min_time_ns": 270.0,
      "mean_time_ns": 1756.956,
      "max_time_ns": 21703.0,
      "p99_time_ns": 5738.0,
      "samples": 10000,
      "p95_time_ns": 2604.0
    }
  }
}