{
  "metadata": {
    "run_number": 3,
    "julia_version": "1.11.9",
    "commit_hash": "90b2c7dc6438cbd66b6eff029a42700de93af5d0",
    "git_dirty": false,
    "hostname": "runnervmjduv7",
    "git_branch": "main",
    "timestamp": "2026-02-13T03:24:00.384",
    "group": "enzyme",
    "system": {
      "julia_threads": 1,
      "arch": "x86_64",
      "word_size": 64,
      "os": "Linux",
      "cpu_threads": 4
    }
  },
  "benchmarks": {
    "basics/make_zero/array": {
      "cv": 0.8393657791018923,
      "p25_time_ns": 50.0,
      "std_time_ns": 61.698253085507865,
      "median_time_ns": 60.0,
      "allocs": 2,
      "gc_time_ns": 0.0,
      "memory_bytes": 928,
      "iqr_time_ns": 10.0,
      "p75_time_ns": 60.0,
      "min_time_ns": 40.0,
      "mean_time_ns": 73.5058,
      "max_time_ns": 1673.0,
      "p99_time_ns": 340.0,
      "samples": 10000,
      "p95_time_ns": 200.0
    },
    "basics/make_zero/namedtuple": {
      "cv": 0.15438267146104756,
      "p25_time_ns": 30.0,
      "std_time_ns": 4.542540286802717,
      "median_time_ns": 30.0,
      "allocs": 0,
      "gc_time_ns": 0.0,
      "memory_bytes": 0,
      "iqr_time_ns": 0.0,
      "p75_time_ns": 30.0,
      "min_time_ns": 20.0,
      "mean_time_ns": 29.4239,
      "max_time_ns": 351.0,
      "p99_time_ns": 31.0,
      "samples": 10000,
      "p95_time_ns": 31.0
    },
    "autodiff/reverse/complex": {
      "cv": 0.09584088106043541,
      "p25_time_ns": 28253.0,
      "std_time_ns": 2923.5530268290377,
      "median_time_ns": 31298.0,
      "allocs": 3,
      "gc_time_ns": 0.0,
      "memory_bytes": 8072,
      "iqr_time_ns": 3186.0,
      "p75_time_ns": 31439.0,
      "min_time_ns": 27902.0,
      "mean_time_ns": 30504.2378,
      "max_time_ns": 114514.0,
      "p99_time_ns": 40256.0,
      "samples": 10000,
      "p95_time_ns": 34474.0
    },
    "autodiff/forward/complex": {
      "cv": 0.13075322255466412,
      "p25_time_ns": 18935.0,
      "std_time_ns": 2581.591142332365,
      "median_time_ns": 19055.0,
      "allocs": 3,
      "gc_time_ns": 0.0,
      "memory_bytes": 8072,
      "iqr_time_ns": 342.0,
      "p75_time_ns": 19277.0,
      "min_time_ns": 18615.0,
      "mean_time_ns": 19743.9963,
      "max_time_ns": 201207.0,
      "p99_time_ns": 27932.0,
      "samples": 10000,
      "p95_time_ns": 22342.0
    },
    "basics/make_zero/struct": {
      "cv": 0.717246040608035,
      "p25_time_ns": 190.0,
      "std_time_ns": 153.47738363836825,
      "median_time_ns": 190.0,
      "allocs": 7,
      "gc_time_ns": 0.0,
      "memory_bytes": 496,
      "iqr_time_ns": 10.0,
      "p75_time_ns": 200.0,
      "min_time_ns": 170.0,
      "mean_time_ns": 213.9815,
      "max_time_ns": 9869.0,
      "p99_time_ns": 481.0,
      "samples": 10000,
      "p95_time_ns": 341.0
    },
    "autodiff/forward/simple": {
      "cv": 0.8351789258498157,
      "p25_time_ns": 210.0,
      "std_time_ns": 1298.5335213387307,
      "median_time_ns": 2024.0,
      "allocs": 4,
      "gc_time_ns": 0.0,
      "memory_bytes": 2720,
      "iqr_time_ns": 1894.0,
      "p75_time_ns": 2104.0,
      "min_time_ns": 190.0,
      "mean_time_ns": 1554.7968,
      "max_time_ns": 52258.0,
      "p99_time_ns": 5139.0,
      "samples": 10000,
      "p95_time_ns": 2345.0
    },
    "autodiff/reverse/simple": {
      "cv": 0.41151572804872427,
      "p25_time_ns": 1773.0,
      "std_time_ns": 1325.6379600673886,
      "median_time_ns": 3747.0,
      "allocs": 4,
      "gc_time_ns": 0.0,
      "memory_bytes": 2720,
      "iqr_time_ns": 2075.0,
      "p75_time_ns": 3848.0,
      "min_time_ns": 1603.0,
      "mean_time_ns": 3221.3543,
      "max_time_ns": 40135.0,
      "p99_time_ns": 6913.0,
      "samples": 10000,
      "p95_time_ns": 4068.0
    }
  }
}