{
  "metadata": {
    "run_number": 17,
    "julia_version": "1.11.9",
    "commit_hash": "90b2c7dc6438cbd66b6eff029a42700de93af5d0",
    "git_dirty": false,
    "hostname": "runnervmnay03",
    "git_branch": "main",
    "timestamp": "2026-02-27T03:17:57.586",
    "group": "enzyme",
    "system": {
      "julia_threads": 1,
      "arch": "x86_64",
      "word_size": 64,
      "os": "Linux",
      "cpu_threads": 4
    }
  },
  "benchmarks": {
    "basics/make_zero/array": {
      "cv": 0.8389827124507189,
      "p25_time_ns": 50.0,
      "std_time_ns": 62.92353563726142,
      "median_time_ns": 60.0,
      "allocs": 2,
      "gc_time_ns": 0.0,
      "memory_bytes": 928,
      "iqr_time_ns": 10.0,
      "p75_time_ns": 60.0,
      "min_time_ns": 40.0,
      "mean_time_ns": 74.9998,
      "max_time_ns": 1162.0,
      "p99_time_ns": 361.0,
      "samples": 10000,
      "p95_time_ns": 210.0
    },
    "basics/make_zero/namedtuple": {
      "cv": 3.045289721202512,
      "p25_time_ns": 30.0,
      "std_time_ns": 92.04327276540168,
      "median_time_ns": 30.0,
      "allocs": 0,
      "gc_time_ns": 0.0,
      "memory_bytes": 0,
      "iqr_time_ns": 0.0,
      "p75_time_ns": 30.0,
      "min_time_ns": 20.0,
      "mean_time_ns": 30.2248,
      "max_time_ns": 9228.0,
      "p99_time_ns": 31.0,
      "samples": 10000,
      "p95_time_ns": 31.0
    },
    "autodiff/reverse/complex": {
      "cv": 0.1654751282200793,
      "p25_time_ns": 28282.0,
      "std_time_ns": 5058.608889944339,
      "median_time_ns": 31218.0,
      "allocs": 3,
      "gc_time_ns": 0.0,
      "memory_bytes": 8072,
      "iqr_time_ns": 3106.0,
      "p75_time_ns": 31388.0,
      "min_time_ns": 27922.0,
      "mean_time_ns": 30570.2068,
      "max_time_ns": 405684.0,
      "p99_time_ns": 40716.0,
      "samples": 10000,
      "p95_time_ns": 34464.0
    },
    "autodiff/forward/complex": {
      "cv": 0.1370746933476134,
      "p25_time_ns": 18884.0,
      "std_time_ns": 2705.0311760736427,
      "median_time_ns": 18986.0,
      "allocs": 3,
      "gc_time_ns": 0.0,
      "memory_bytes": 8072,
      "iqr_time_ns": 312.0,
      "p75_time_ns": 19196.0,
      "min_time_ns": 18555.0,
      "mean_time_ns": 19733.994,
      "max_time_ns": 199120.0,
      "p99_time_ns": 28303.0,
      "samples": 10000,
      "p95_time_ns": 22372.0
    },
    "basics/make_zero/struct": {
      "cv": 1.008172347045888,
      "p25_time_ns": 190.0,
      "std_time_ns": 214.7204456565985,
      "median_time_ns": 190.0,
      "allocs": 7,
      "gc_time_ns": 0.0,
      "memory_bytes": 496,
      "iqr_time_ns": 10.0,
      "p75_time_ns": 200.0,
      "min_time_ns": 171.0,
      "mean_time_ns": 212.9799,
      "max_time_ns": 14667.0,
      "p99_time_ns": 420.0,
      "samples": 10000,
      "p95_time_ns": 301.0
    },
    "autodiff/forward/simple": {
      "cv": 0.7451183272108721,
      "p25_time_ns": 210.0,
      "std_time_ns": 1151.0432934141493,
      "median_time_ns": 2043.0,
      "allocs": 4,
      "gc_time_ns": 0.0,
      "memory_bytes": 2720,
      "iqr_time_ns": 1905.0,
      "p75_time_ns": 2115.0,
      "min_time_ns": 190.0,
      "mean_time_ns": 1544.7792,
      "max_time_ns": 18694.0,
      "p99_time_ns": 5169.0,
      "samples": 10000,
      "p95_time_ns": 2335.0
    },
    "autodiff/reverse/simple": {
      "cv": 0.4387633263215607,
      "p25_time_ns": 1783.0,
      "std_time_ns": 1411.495741347888,
      "median_time_ns": 3677.0,
      "allocs": 4,
      "gc_time_ns": 0.0,
      "memory_bytes": 2720,
      "iqr_time_ns": 2044.0,
      "p75_time_ns": 3827.0,
      "min_time_ns": 1583.0,
      "mean_time_ns": 3216.9866,
      "max_time_ns": 51014.0,
      "p99_time_ns": 6893.0,
      "samples": 10000,
      "p95_time_ns": 4048.0
    }
  }
}