{
  "metadata": {
    "run_number": 50,
    "julia_version": "1.11.8",
    "commit_hash": "cf2c78b6d01d4cbbf84894c999d4527e48827c9f",
    "git_dirty": true,
    "hostname": "runnervmkj6or",
    "git_branch": "main",
    "timestamp": "2026-02-02T03:18:22.911",
    "group": "enzyme",
    "system": {
      "julia_threads": 1,
      "arch": "x86_64",
      "word_size": 64,
      "os": "Linux",
      "cpu_threads": 4
    }
  },
  "benchmarks": {
    "basics/make_zero/array": {
      "cv": 1.479346735919201,
      "p25_time_ns": 60.0,
      "std_time_ns": 117.95955829003088,
      "median_time_ns": 60.0,
      "allocs": 2,
      "gc_time_ns": 0.0,
      "memory_bytes": 928,
      "iqr_time_ns": 1.0,
      "p75_time_ns": 61.0,
      "min_time_ns": 49.0,
      "mean_time_ns": 79.7376,
      "max_time_ns": 9448.0,
      "p99_time_ns": 391.0,
      "samples": 10000,
      "p95_time_ns": 240.0
    },
    "basics/make_zero/namedtuple": {
      "cv": 6.396973470566862,
      "p25_time_ns": 30.0,
      "std_time_ns": 200.29947452100134,
      "median_time_ns": 30.0,
      "allocs": 0,
      "gc_time_ns": 0.0,
      "memory_bytes": 0,
      "iqr_time_ns": 0.0,
      "p75_time_ns": 30.0,
      "min_time_ns": 20.0,
      "mean_time_ns": 31.3116,
      "max_time_ns": 20057.0,
      "p99_time_ns": 31.0,
      "samples": 10000,
      "p95_time_ns": 31.0
    },
    "autodiff/reverse/complex": {
      "cv": 0.134171258870861,
      "p25_time_ns": 27872.0,
      "std_time_ns": 4014.0739638679615,
      "median_time_ns": 30497.0,
      "allocs": 3,
      "gc_time_ns": 0.0,
      "memory_bytes": 8072,
      "iqr_time_ns": 2806.0,
      "p75_time_ns": 30678.0,
      "min_time_ns": 27552.0,
      "mean_time_ns": 29917.5397,
      "max_time_ns": 279703.0,
      "p99_time_ns": 39294.0,
      "samples": 10000,
      "p95_time_ns": 33753.0
    },
    "autodiff/forward/complex": {
      "cv": 0.11330400798212655,
      "p25_time_ns": 18735.0,
      "std_time_ns": 2208.8617942371684,
      "median_time_ns": 18855.0,
      "allocs": 3,
      "gc_time_ns": 0.0,
      "memory_bytes": 8072,
      "iqr_time_ns": 351.0,
      "p75_time_ns": 19086.0,
      "min_time_ns": 18474.0,
      "mean_time_ns": 19495.0014,
      "max_time_ns": 149931.0,
      "p99_time_ns": 27311.0,
      "samples": 10000,
      "p95_time_ns": 21741.0
    },
    "basics/make_zero/struct": {
      "cv": 0.60864343213855,
      "p25_time_ns": 190.0,
      "std_time_ns": 131.51853344062894,
      "median_time_ns": 200.0,
      "allocs": 7,
      "gc_time_ns": 0.0,
      "memory_bytes": 496,
      "iqr_time_ns": 11.0,
      "p75_time_ns": 201.0,
      "min_time_ns": 180.0,
      "mean_time_ns": 216.0847,
      "max_time_ns": 10079.0,
      "p99_time_ns": 461.0,
      "samples": 10000,
      "p95_time_ns": 351.0
    },
    "autodiff/forward/simple": {
      "cv": 0.7509852545123622,
      "p25_time_ns": 211.0,
      "std_time_ns": 1045.0284993154723,
      "median_time_ns": 1793.0,
      "allocs": 4,
      "gc_time_ns": 0.0,
      "memory_bytes": 2720,
      "iqr_time_ns": 1663.0,
      "p75_time_ns": 1874.0,
      "min_time_ns": 200.0,
      "mean_time_ns": 1391.5433,
      "max_time_ns": 23584.0,
      "p99_time_ns": 4919.0,
      "samples": 10000,
      "p95_time_ns": 2174.0
    },
    "autodiff/reverse/simple": {
      "cv": 0.40830891030801847,
      "p25_time_ns": 1654.0,
      "std_time_ns": 1189.7955464649162,
      "median_time_ns": 3316.0,
      "allocs": 4,
      "gc_time_ns": 0.0,
      "memory_bytes": 2720,
      "iqr_time_ns": 1772.0,
      "p75_time_ns": 3426.0,
      "min_time_ns": 1533.0,
      "mean_time_ns": 2913.9593,
      "max_time_ns": 17342.0,
      "p99_time_ns": 6563.0,
      "samples": 10000,
      "p95_time_ns": 3727.0
    }
  }
}