{
  "metadata": {
    "run_number": 59,
    "julia_version": "1.11.8",
    "commit_hash": "9ed7154b276b6f1fbb0cc5fd7bc294332d83ef3d",
    "git_dirty": false,
    "hostname": "runnervmwffz4",
    "git_branch": "main",
    "timestamp": "2026-02-08T03:15:18.932",
    "group": "enzyme",
    "system": {
      "julia_threads": 1,
      "arch": "x86_64",
      "word_size": 64,
      "os": "Linux",
      "cpu_threads": 4
    }
  },
  "benchmarks": {
    "basics/make_zero/array": {
      "cv": 0.7740735184387425,
      "p25_time_ns": 50.0,
      "std_time_ns": 54.156737792585275,
      "median_time_ns": 60.0,
      "allocs": 2,
      "gc_time_ns": 0.0,
      "memory_bytes": 928,
      "iqr_time_ns": 10.0,
      "p75_time_ns": 60.0,
      "min_time_ns": 49.0,
      "mean_time_ns": 69.9633,
      "max_time_ns": 992.0,
      "p99_time_ns": 331.0,
      "samples": 10000,
      "p95_time_ns": 200.0
    },
    "basics/make_zero/namedtuple": {
      "cv": 2.784029780085052,
      "p25_time_ns": 30.0,
      "std_time_ns": 83.92541292959791,
      "median_time_ns": 30.0,
      "allocs": 0,
      "gc_time_ns": 0.0,
      "memory_bytes": 0,
      "iqr_time_ns": 0.0,
      "p75_time_ns": 30.0,
      "min_time_ns": 20.0,
      "mean_time_ns": 30.1453,
      "max_time_ns": 8416.0,
      "p99_time_ns": 31.0,
      "samples": 10000,
      "p95_time_ns": 31.0
    },
    "autodiff/reverse/complex": {
      "cv": 0.1721059659407589,
      "p25_time_ns": 28182.0,
      "std_time_ns": 5192.432603730565,
      "median_time_ns": 30657.0,
      "allocs": 3,
      "gc_time_ns": 0.0,
      "memory_bytes": 8072,
      "iqr_time_ns": 2635.0,
      "p75_time_ns": 30817.0,
      "min_time_ns": 27752.0,
      "mean_time_ns": 30169.9745,
      "max_time_ns": 442605.0,
      "p99_time_ns": 39303.0,
      "samples": 10000,
      "p95_time_ns": 33903.0
    },
    "autodiff/forward/complex": {
      "cv": 0.12703146404487836,
      "p25_time_ns": 19116.0,
      "std_time_ns": 2534.564938538675,
      "median_time_ns": 19226.0,
      "allocs": 3,
      "gc_time_ns": 0.0,
      "memory_bytes": 8072,
      "iqr_time_ns": 411.0,
      "p75_time_ns": 19527.0,
      "min_time_ns": 18865.0,
      "mean_time_ns": 19952.2611,
      "max_time_ns": 202357.0,
      "p99_time_ns": 27702.0,
      "samples": 10000,
      "p95_time_ns": 22221.0
    },
    "basics/make_zero/struct": {
      "cv": 0.3180639482827168,
      "p25_time_ns": 190.0,
      "std_time_ns": 67.07024019356096,
      "median_time_ns": 190.0,
      "allocs": 7,
      "gc_time_ns": 0.0,
      "memory_bytes": 496,
      "iqr_time_ns": 10.0,
      "p75_time_ns": 200.0,
      "min_time_ns": 180.0,
      "mean_time_ns": 210.8703,
      "max_time_ns": 2955.0,
      "p99_time_ns": 450.0,
      "samples": 10000,
      "p95_time_ns": 310.0
    },
    "autodiff/forward/simple": {
      "cv": 0.755485809776121,
      "p25_time_ns": 201.0,
      "std_time_ns": 1048.6117353175027,
      "median_time_ns": 1784.0,
      "allocs": 4,
      "gc_time_ns": 0.0,
      "memory_bytes": 2720,
      "iqr_time_ns": 1673.0,
      "p75_time_ns": 1874.0,
      "min_time_ns": 180.0,
      "mean_time_ns": 1387.9966,
      "max_time_ns": 19787.0,
      "p99_time_ns": 4950.0,
      "samples": 10000,
      "p95_time_ns": 2144.0
    },
    "autodiff/reverse/simple": {
      "cv": 0.4091379793432903,
      "p25_time_ns": 1724.0,
      "std_time_ns": 1214.839041320957,
      "median_time_ns": 3406.0,
      "allocs": 4,
      "gc_time_ns": 0.0,
      "memory_bytes": 2720,
      "iqr_time_ns": 1743.0,
      "p75_time_ns": 3467.0,
      "min_time_ns": 1583.0,
      "mean_time_ns": 2969.2649,
      "max_time_ns": 32791.0,
      "p99_time_ns": 6582.0,
      "samples": 10000,
      "p95_time_ns": 3687.0
    }
  }
}