{
  "metadata": {
    "run_number": 58,
    "julia_version": "1.11.8",
    "commit_hash": "9ed7154b276b6f1fbb0cc5fd7bc294332d83ef3d",
    "git_dirty": false,
    "hostname": "runnervmwffz4",
    "git_branch": "main",
    "timestamp": "2026-02-07T03:07:27.218",
    "group": "enzyme",
    "system": {
      "julia_threads": 1,
      "arch": "x86_64",
      "word_size": 64,
      "os": "Linux",
      "cpu_threads": 4
    }
  },
  "benchmarks": {
    "basics/make_zero/array": {
      "cv": 1.4560991003701071,
      "p25_time_ns": 50.0,
      "std_time_ns": 108.13501554033544,
      "median_time_ns": 60.0,
      "allocs": 2,
      "gc_time_ns": 0.0,
      "memory_bytes": 928,
      "iqr_time_ns": 10.0,
      "p75_time_ns": 60.0,
      "min_time_ns": 49.0,
      "mean_time_ns": 74.2635,
      "max_time_ns": 8997.0,
      "p99_time_ns": 351.0,
      "samples": 10000,
      "p95_time_ns": 211.0
    },
    "basics/make_zero/namedtuple": {
      "cv": 0.12337684649915386,
      "p25_time_ns": 30.0,
      "std_time_ns": 3.6195312211149764,
      "median_time_ns": 30.0,
      "allocs": 0,
      "gc_time_ns": 0.0,
      "memory_bytes": 0,
      "iqr_time_ns": 0.0,
      "p75_time_ns": 30.0,
      "min_time_ns": 20.0,
      "mean_time_ns": 29.3372,
      "max_time_ns": 271.0,
      "p99_time_ns": 31.0,
      "samples": 10000,
      "p95_time_ns": 31.0
    },
    "autodiff/reverse/complex": {
      "cv": 0.18180768679099368,
      "p25_time_ns": 28564.0,
      "std_time_ns": 5597.8050612078605,
      "median_time_ns": 31079.0,
      "allocs": 3,
      "gc_time_ns": 0.0,
      "memory_bytes": 8072,
      "iqr_time_ns": 2735.0,
      "p75_time_ns": 31299.0,
      "min_time_ns": 28163.0,
      "mean_time_ns": 30789.7051,
      "max_time_ns": 414020.0,
      "p99_time_ns": 47128.0,
      "samples": 10000,
      "p95_time_ns": 34625.0
    },
    "autodiff/forward/complex": {
      "cv": 0.1308065538488881,
      "p25_time_ns": 19246.0,
      "std_time_ns": 2628.5181306108666,
      "median_time_ns": 19366.0,
      "allocs": 3,
      "gc_time_ns": 0.0,
      "memory_bytes": 8072,
      "iqr_time_ns": 411.0,
      "p75_time_ns": 19657.0,
      "min_time_ns": 18946.0,
      "mean_time_ns": 20094.6975,
      "max_time_ns": 203854.0,
      "p99_time_ns": 27792.0,
      "samples": 10000,
      "p95_time_ns": 22353.0
    },
    "basics/make_zero/struct": {
      "cv": 0.7791370369782554,
      "p25_time_ns": 181.0,
      "std_time_ns": 163.41433220693054,
      "median_time_ns": 190.0,
      "allocs": 7,
      "gc_time_ns": 0.0,
      "memory_bytes": 496,
      "iqr_time_ns": 10.0,
      "p75_time_ns": 191.0,
      "min_time_ns": 170.0,
      "mean_time_ns": 209.7376,
      "max_time_ns": 12253.0,
      "p99_time_ns": 461.0,
      "samples": 10000,
      "p95_time_ns": 361.0
    },
    "autodiff/forward/simple": {
      "cv": 1.1257515503586555,
      "p25_time_ns": 210.0,
      "std_time_ns": 1564.5049991246237,
      "median_time_ns": 1743.0,
      "allocs": 4,
      "gc_time_ns": 0.0,
      "memory_bytes": 2720,
      "iqr_time_ns": 1624.0,
      "p75_time_ns": 1834.0,
      "min_time_ns": 190.0,
      "mean_time_ns": 1389.7427,
      "max_time_ns": 79650.0,
      "p99_time_ns": 4949.0,
      "samples": 10000,
      "p95_time_ns": 2134.0
    },
    "autodiff/reverse/simple": {
      "cv": 0.4362189055625752,
      "p25_time_ns": 1733.0,
      "std_time_ns": 1310.9406716334702,
      "median_time_ns": 3396.0,
      "allocs": 4,
      "gc_time_ns": 0.0,
      "memory_bytes": 2720,
      "iqr_time_ns": 1763.0,
      "p75_time_ns": 3496.0,
      "min_time_ns": 1603.0,
      "mean_time_ns": 3005.2358,
      "max_time_ns": 39875.0,
      "p99_time_ns": 6692.0,
      "samples": 10000,
      "p95_time_ns": 3807.0
    }
  }
}