{
  "metadata": {
    "run_number": 8,
    "julia_version": "1.11.9",
    "commit_hash": "90b2c7dc6438cbd66b6eff029a42700de93af5d0",
    "git_dirty": false,
    "hostname": "runnervmjduv7",
    "git_branch": "main",
    "timestamp": "2026-02-18T03:22:29.145",
    "group": "enzyme",
    "system": {
      "julia_threads": 1,
      "arch": "x86_64",
      "word_size": 64,
      "os": "Linux",
      "cpu_threads": 4
    }
  },
  "benchmarks": {
    "basics/make_zero/array": {
      "cv": 2.982915615321209,
      "p25_time_ns": 50.0,
      "std_time_ns": 226.2875580770053,
      "median_time_ns": 60.0,
      "allocs": 2,
      "gc_time_ns": 0.0,
      "memory_bytes": 928,
      "iqr_time_ns": 10.0,
      "p75_time_ns": 60.0,
      "min_time_ns": 40.0,
      "mean_time_ns": 75.8612,
      "max_time_ns": 21710.0,
      "p99_time_ns": 361.0,
      "samples": 10000,
      "p95_time_ns": 211.0
    },
    "basics/make_zero/namedtuple": {
      "cv": 4.158157876630937,
      "p25_time_ns": 30.0,
      "std_time_ns": 127.2076132092566,
      "median_time_ns": 30.0,
      "allocs": 0,
      "gc_time_ns": 0.0,
      "memory_bytes": 0,
      "iqr_time_ns": 0.0,
      "p75_time_ns": 30.0,
      "min_time_ns": 20.0,
      "mean_time_ns": 30.5923,
      "max_time_ns": 12744.0,
      "p99_time_ns": 31.0,
      "samples": 10000,
      "p95_time_ns": 31.0
    },
    "autodiff/reverse/complex": {
      "cv": 0.15404683115198714,
      "p25_time_ns": 28464.0,
      "std_time_ns": 4747.058254315428,
      "median_time_ns": 31479.0,
      "allocs": 3,
      "gc_time_ns": 0.0,
      "memory_bytes": 8072,
      "iqr_time_ns": 3225.0,
      "p75_time_ns": 31689.0,
      "min_time_ns": 28043.0,
      "mean_time_ns": 30815.6826,
      "max_time_ns": 415535.0,
      "p99_time_ns": 40596.0,
      "samples": 10000,
      "p95_time_ns": 34695.0
    },
    "autodiff/forward/complex": {
      "cv": 0.14367296064874033,
      "p25_time_ns": 18976.0,
      "std_time_ns": 2850.780493605587,
      "median_time_ns": 19096.0,
      "allocs": 3,
      "gc_time_ns": 0.0,
      "memory_bytes": 8072,
      "iqr_time_ns": 350.0,
      "p75_time_ns": 19326.0,
      "min_time_ns": 18685.0,
      "mean_time_ns": 19842.1504,
      "max_time_ns": 219890.0,
      "p99_time_ns": 28323.0,
      "samples": 10000,
      "p95_time_ns": 22472.0
    },
    "basics/make_zero/struct": {
      "cv": 0.5876752157303028,
      "p25_time_ns": 181.0,
      "std_time_ns": 123.87917340243389,
      "median_time_ns": 190.0,
      "allocs": 7,
      "gc_time_ns": 0.0,
      "memory_bytes": 496,
      "iqr_time_ns": 10.0,
      "p75_time_ns": 191.0,
      "min_time_ns": 170.0,
      "mean_time_ns": 210.7953,
      "max_time_ns": 10019.0,
      "p99_time_ns": 481.0,
      "samples": 10000,
      "p95_time_ns": 331.0
    },
    "autodiff/forward/simple": {
      "cv": 1.039973254887505,
      "p25_time_ns": 210.0,
      "std_time_ns": 1640.2632891592548,
      "median_time_ns": 2044.0,
      "allocs": 4,
      "gc_time_ns": 0.0,
      "memory_bytes": 2720,
      "iqr_time_ns": 1914.0,
      "p75_time_ns": 2124.0,
      "min_time_ns": 190.0,
      "mean_time_ns": 1577.2168,
      "max_time_ns": 80560.0,
      "p99_time_ns": 5159.0,
      "samples": 10000,
      "p95_time_ns": 2365.0
    },
    "autodiff/reverse/simple": {
      "cv": 0.41451799495768304,
      "p25_time_ns": 1793.0,
      "std_time_ns": 1356.6403800530334,
      "median_time_ns": 3807.0,
      "allocs": 4,
      "gc_time_ns": 0.0,
      "memory_bytes": 2720,
      "iqr_time_ns": 2094.0,
      "p75_time_ns": 3887.0,
      "min_time_ns": 1673.0,
      "mean_time_ns": 3272.8142,
      "max_time_ns": 23093.0,
      "p99_time_ns": 6923.0,
      "samples": 10000,
      "p95_time_ns": 4138.0
    }
  }
}