{
  "metadata": {
    "run_number": 52,
    "julia_version": "1.11.8",
    "commit_hash": "78157f00465a63c65d5aa6ad62b860dbc2d25bb3",
    "git_dirty": true,
    "hostname": "runnervmkj6or",
    "git_branch": "main",
    "timestamp": "2026-02-04T03:12:30.613",
    "group": "enzyme",
    "system": {
      "julia_threads": 1,
      "arch": "x86_64",
      "word_size": 64,
      "os": "Linux",
      "cpu_threads": 4
    }
  },
  "benchmarks": {
    "basics/make_zero/array": {
      "cv": 1.000856759662854,
      "p25_time_ns": 48.0,
      "std_time_ns": 67.10244145159605,
      "median_time_ns": 49.0,
      "allocs": 2,
      "gc_time_ns": 0.0,
      "memory_bytes": 928,
      "iqr_time_ns": 6.0,
      "p75_time_ns": 54.0,
      "min_time_ns": 44.0,
      "mean_time_ns": 67.045,
      "max_time_ns": 1561.0,
      "p99_time_ns": 386.0,
      "samples": 10000,
      "p95_time_ns": 209.0
    },
    "basics/make_zero/namedtuple": {
      "cv": 0.17206997378424205,
      "p25_time_ns": 18.0,
      "std_time_ns": 3.217089057859703,
      "median_time_ns": 19.0,
      "allocs": 0,
      "gc_time_ns": 0.0,
      "memory_bytes": 0,
      "iqr_time_ns": 1.0,
      "p75_time_ns": 19.0,
      "min_time_ns": 17.0,
      "mean_time_ns": 18.6964,
      "max_time_ns": 264.0,
      "p99_time_ns": 23.0,
      "samples": 10000,
      "p95_time_ns": 20.0
    },
    "autodiff/reverse/complex": {
      "cv": 0.14967357414229368,
      "p25_time_ns": 29866.0,
      "std_time_ns": 4693.86545228404,
      "median_time_ns": 31368.0,
      "allocs": 3,
      "gc_time_ns": 0.0,
      "memory_bytes": 8072,
      "iqr_time_ns": 2135.0,
      "p75_time_ns": 32001.0,
      "min_time_ns": 28347.0,
      "mean_time_ns": 31360.6826,
      "max_time_ns": 360412.0,
      "p99_time_ns": 38056.0,
      "samples": 10000,
      "p95_time_ns": 33916.0
    },
    "autodiff/forward/complex": {
      "cv": 0.09948709428462184,
      "p25_time_ns": 18478.0,
      "std_time_ns": 1889.2656509215994,
      "median_time_ns": 18718.5,
      "allocs": 3,
      "gc_time_ns": 0.0,
      "memory_bytes": 8072,
      "iqr_time_ns": 549.0,
      "p75_time_ns": 19027.0,
      "min_time_ns": 17735.0,
      "mean_time_ns": 18990.0576,
      "max_time_ns": 163111.0,
      "p99_time_ns": 24177.0,
      "samples": 10000,
      "p95_time_ns": 20648.0
    },
    "basics/make_zero/struct": {
      "cv": 0.8950261695500321,
      "p25_time_ns": 194.0,
      "std_time_ns": 213.787293397975,
      "median_time_ns": 214.0,
      "allocs": 7,
      "gc_time_ns": 0.0,
      "memory_bytes": 496,
      "iqr_time_ns": 33.0,
      "p75_time_ns": 227.0,
      "min_time_ns": 165.0,
      "mean_time_ns": 238.8615,
      "max_time_ns": 17742.0,
      "p99_time_ns": 596.0,
      "samples": 10000,
      "p95_time_ns": 399.0
    },
    "autodiff/forward/simple": {
      "cv": 0.7323316058317014,
      "p25_time_ns": 180.0,
      "std_time_ns": 792.2419701420996,
      "median_time_ns": 1358.0,
      "allocs": 4,
      "gc_time_ns": 0.0,
      "memory_bytes": 2720,
      "iqr_time_ns": 1275.0,
      "p75_time_ns": 1455.0,
      "min_time_ns": 172.0,
      "mean_time_ns": 1081.8077,
      "max_time_ns": 16629.0,
      "p99_time_ns": 3438.0,
      "samples": 10000,
      "p95_time_ns": 1808.0
    },
    "autodiff/reverse/simple": {
      "cv": 0.5437177381829466,
      "p25_time_ns": 517.0,
      "std_time_ns": 768.8256900180451,
      "median_time_ns": 1672.0,
      "allocs": 4,
      "gc_time_ns": 0.0,
      "memory_bytes": 2720,
      "iqr_time_ns": 1282.0,
      "p75_time_ns": 1799.0,
      "min_time_ns": 481.0,
      "mean_time_ns": 1414.0162,
      "max_time_ns": 10584.0,
      "p99_time_ns": 3740.0,
      "samples": 10000,
      "p95_time_ns": 2158.0
    }
  }
}