{
  "metadata": {
    "run_number": 46,
    "julia_version": "1.11.8",
    "commit_hash": "cf2c78b6d01d4cbbf84894c999d4527e48827c9f",
    "git_dirty": true,
    "hostname": "runnervmymu0l",
    "git_branch": "main",
    "timestamp": "2026-01-29T03:11:43.217",
    "group": "enzyme",
    "system": {
      "julia_threads": 1,
      "arch": "x86_64",
      "word_size": 64,
      "os": "Linux",
      "cpu_threads": 4
    }
  },
  "benchmarks": {
    "basics/make_zero/array": {
      "cv": 0.9768090652544468,
      "p25_time_ns": 60.0,
      "std_time_ns": 82.47921776651582,
      "median_time_ns": 60.0,
      "allocs": 2,
      "gc_time_ns": 0.0,
      "memory_bytes": 928,
      "iqr_time_ns": 1.0,
      "p75_time_ns": 61.0,
      "min_time_ns": 49.0,
      "mean_time_ns": 84.4374,
      "max_time_ns": 1643.0,
      "p99_time_ns": 460.0,
      "samples": 10000,
      "p95_time_ns": 231.0
    },
    "basics/make_zero/namedtuple": {
      "cv": 0.1206514550734531,
      "p25_time_ns": 30.0,
      "std_time_ns": 3.544281274528773,
      "median_time_ns": 30.0,
      "allocs": 0,
      "gc_time_ns": 0.0,
      "memory_bytes": 0,
      "iqr_time_ns": 0.0,
      "p75_time_ns": 30.0,
      "min_time_ns": 20.0,
      "mean_time_ns": 29.3762,
      "max_time_ns": 260.0,
      "p99_time_ns": 31.0,
      "samples": 10000,
      "p95_time_ns": 31.0
    },
    "autodiff/reverse/complex": {
      "cv": 0.15397896555534574,
      "p25_time_ns": 28553.0,
      "std_time_ns": 4703.329231187701,
      "median_time_ns": 29876.0,
      "allocs": 3,
      "gc_time_ns": 0.0,
      "memory_bytes": 8072,
      "iqr_time_ns": 2855.0,
      "p75_time_ns": 31408.0,
      "min_time_ns": 28282.0,
      "mean_time_ns": 30545.271,
      "max_time_ns": 253482.0,
      "p99_time_ns": 40786.0,
      "samples": 10000,
      "p95_time_ns": 34474.0
    },
    "autodiff/forward/complex": {
      "cv": 0.11228123819290146,
      "p25_time_ns": 19046.0,
      "std_time_ns": 2230.8117358938403,
      "median_time_ns": 19156.0,
      "allocs": 3,
      "gc_time_ns": 0.0,
      "memory_bytes": 8072,
      "iqr_time_ns": 370.0,
      "p75_time_ns": 19416.0,
      "min_time_ns": 18795.0,
      "mean_time_ns": 19868.0721,
      "max_time_ns": 126135.0,
      "p99_time_ns": 28113.0,
      "samples": 10000,
      "p95_time_ns": 22242.0
    },
    "basics/make_zero/struct": {
      "cv": 0.34069068783056,
      "p25_time_ns": 190.0,
      "std_time_ns": 72.36454182492523,
      "median_time_ns": 191.0,
      "allocs": 7,
      "gc_time_ns": 0.0,
      "memory_bytes": 496,
      "iqr_time_ns": 10.0,
      "p75_time_ns": 200.0,
      "min_time_ns": 171.0,
      "mean_time_ns": 212.4054,
      "max_time_ns": 3256.0,
      "p99_time_ns": 451.0,
      "samples": 10000,
      "p95_time_ns": 360.0
    },
    "autodiff/forward/simple": {
      "cv": 0.7530336531918936,
      "p25_time_ns": 210.0,
      "std_time_ns": 1073.1847812959475,
      "median_time_ns": 1823.0,
      "allocs": 4,
      "gc_time_ns": 0.0,
      "memory_bytes": 2720,
      "iqr_time_ns": 1714.0,
      "p75_time_ns": 1924.0,
      "min_time_ns": 190.0,
      "mean_time_ns": 1425.1485,
      "max_time_ns": 20168.0,
      "p99_time_ns": 4959.0,
      "samples": 10000,
      "p95_time_ns": 2234.0
    },
    "autodiff/reverse/simple": {
      "cv": 0.45483960365770265,
      "p25_time_ns": 1643.0,
      "std_time_ns": 1234.975124744071,
      "median_time_ns": 3266.0,
      "allocs": 4,
      "gc_time_ns": 0.0,
      "memory_bytes": 2720,
      "iqr_time_ns": 1744.0,
      "p75_time_ns": 3387.0,
      "min_time_ns": 1483.0,
      "mean_time_ns": 2715.1882,
      "max_time_ns": 24375.0,
      "p99_time_ns": 6532.0,
      "samples": 10000,
      "p95_time_ns": 3718.0
    }
  }
}