{
  "metadata": {
    "run_number": 14,
    "julia_version": "1.11.9",
    "commit_hash": "90b2c7dc6438cbd66b6eff029a42700de93af5d0",
    "git_dirty": false,
    "hostname": "runnervmwffz4",
    "git_branch": "main",
    "timestamp": "2026-02-24T03:20:25.056",
    "group": "enzyme",
    "system": {
      "julia_threads": 1,
      "arch": "x86_64",
      "word_size": 64,
      "os": "Linux",
      "cpu_threads": 4
    }
  },
  "benchmarks": {
    "basics/make_zero/array": {
      "cv": 1.6955495346698666,
      "p25_time_ns": 60.0,
      "std_time_ns": 140.20244769754927,
      "median_time_ns": 60.0,
      "allocs": 2,
      "gc_time_ns": 0.0,
      "memory_bytes": 928,
      "iqr_time_ns": 10.0,
      "p75_time_ns": 70.0,
      "min_time_ns": 50.0,
      "mean_time_ns": 82.6885,
      "max_time_ns": 11687.0,
      "p99_time_ns": 400.0,
      "samples": 10000,
      "p95_time_ns": 240.0
    },
    "basics/make_zero/namedtuple": {
      "cv": 7.111532250674768,
      "p25_time_ns": 30.0,
      "std_time_ns": 240.09528492793112,
      "median_time_ns": 30.0,
      "allocs": 0,
      "gc_time_ns": 0.0,
      "memory_bytes": 0,
      "iqr_time_ns": 0.0,
      "p75_time_ns": 30.0,
      "min_time_ns": 30.0,
      "mean_time_ns": 33.7614,
      "max_time_ns": 24036.0,
      "p99_time_ns": 40.0,
      "samples": 10000,
      "p95_time_ns": 40.0
    },
    "autodiff/reverse/complex": {
      "cv": 0.21750740546874542,
      "p25_time_ns": 26019.0,
      "std_time_ns": 6214.120103978946,
      "median_time_ns": 29264.0,
      "allocs": 3,
      "gc_time_ns": 0.0,
      "memory_bytes": 8072,
      "iqr_time_ns": 3426.0,
      "p75_time_ns": 29445.0,
      "min_time_ns": 25658.0,
      "mean_time_ns": 28569.6944,
      "max_time_ns": 525710.0,
      "p99_time_ns": 38839.0,
      "samples": 10000,
      "p95_time_ns": 32780.0
    },
    "autodiff/forward/complex": {
      "cv": 0.1520739080235669,
      "p25_time_ns": 17536.0,
      "std_time_ns": 2738.176863833218,
      "median_time_ns": 17616.0,
      "allocs": 3,
      "gc_time_ns": 0.0,
      "memory_bytes": 8072,
      "iqr_time_ns": 181.0,
      "p75_time_ns": 17717.0,
      "min_time_ns": 17226.0,
      "mean_time_ns": 18005.5665,
      "max_time_ns": 233280.0,
      "p99_time_ns": 27150.0,
      "samples": 10000,
      "p95_time_ns": 20851.0
    },
    "basics/make_zero/struct": {
      "cv": 0.7575925436175155,
      "p25_time_ns": 180.0,
      "std_time_ns": 173.4612676383321,
      "median_time_ns": 190.0,
      "allocs": 7,
      "gc_time_ns": 0.0,
      "memory_bytes": 496,
      "iqr_time_ns": 90.0,
      "p75_time_ns": 270.0,
      "min_time_ns": 160.0,
      "mean_time_ns": 228.9638,
      "max_time_ns": 10616.0,
      "p99_time_ns": 481.0,
      "samples": 10000,
      "p95_time_ns": 391.0
    },
    "autodiff/forward/simple": {
      "cv": 0.7672338117568183,
      "p25_time_ns": 150.0,
      "std_time_ns": 1221.439373975483,
      "median_time_ns": 2113.0,
      "allocs": 4,
      "gc_time_ns": 0.0,
      "memory_bytes": 2720,
      "iqr_time_ns": 2083.0,
      "p75_time_ns": 2233.0,
      "min_time_ns": 120.0,
      "mean_time_ns": 1592.0041,
      "max_time_ns": 15463.0,
      "p99_time_ns": 5529.0,
      "samples": 10000,
      "p95_time_ns": 2414.0
    },
    "autodiff/reverse/simple": {
      "cv": 0.7130599308797739,
      "p25_time_ns": 301.0,
      "std_time_ns": 1249.1301867259829,
      "median_time_ns": 2274.0,
      "allocs": 4,
      "gc_time_ns": 0.0,
      "memory_bytes": 2720,
      "iqr_time_ns": 2093.0,
      "p75_time_ns": 2394.0,
      "min_time_ns": 270.0,
      "mean_time_ns": 1751.7885,
      "max_time_ns": 17386.0,
      "p99_time_ns": 5738.0,
      "samples": 10000,
      "p95_time_ns": 2594.0
    }
  }
}