{
  "metadata": {
    "run_number": 5,
    "julia_version": "1.11.9",
    "commit_hash": "90b2c7dc6438cbd66b6eff029a42700de93af5d0",
    "git_dirty": false,
    "hostname": "runnervmjduv7",
    "git_branch": "main",
    "timestamp": "2026-02-15T03:24:19.118",
    "group": "enzyme",
    "system": {
      "julia_threads": 1,
      "arch": "x86_64",
      "word_size": 64,
      "os": "Linux",
      "cpu_threads": 4
    }
  },
  "benchmarks": {
    "basics/make_zero/array": {
      "cv": 0.7491132167578562,
      "p25_time_ns": 60.0,
      "std_time_ns": 59.00585021229612,
      "median_time_ns": 60.0,
      "allocs": 2,
      "gc_time_ns": 0.0,
      "memory_bytes": 928,
      "iqr_time_ns": 1.0,
      "p75_time_ns": 61.0,
      "min_time_ns": 49.0,
      "mean_time_ns": 78.7676,
      "max_time_ns": 1042.0,
      "p99_time_ns": 340.0,
      "samples": 10000,
      "p95_time_ns": 201.0
    },
    "basics/make_zero/namedtuple": {
      "cv": 0.13419841239737737,
      "p25_time_ns": 30.0,
      "std_time_ns": 3.9391662586239375,
      "median_time_ns": 30.0,
      "allocs": 0,
      "gc_time_ns": 0.0,
      "memory_bytes": 0,
      "iqr_time_ns": 0.0,
      "p75_time_ns": 30.0,
      "min_time_ns": 20.0,
      "mean_time_ns": 29.3533,
      "max_time_ns": 280.0,
      "p99_time_ns": 31.0,
      "samples": 10000,
      "p95_time_ns": 31.0
    },
    "autodiff/reverse/complex": {
      "cv": 0.1953591723008904,
      "p25_time_ns": 28333.0,
      "std_time_ns": 6048.620417306648,
      "median_time_ns": 31368.0,
      "allocs": 3,
      "gc_time_ns": 0.0,
      "memory_bytes": 8072,
      "iqr_time_ns": 3185.0,
      "p75_time_ns": 31518.0,
      "min_time_ns": 27982.0,
      "mean_time_ns": 30961.5379,
      "max_time_ns": 238895.0,
      "p99_time_ns": 42519.0,
      "samples": 10000,
      "p95_time_ns": 34605.0
    },
    "autodiff/forward/complex": {
      "cv": 0.23161402249220522,
      "p25_time_ns": 19046.0,
      "std_time_ns": 4734.945449839976,
      "median_time_ns": 19156.0,
      "allocs": 3,
      "gc_time_ns": 0.0,
      "memory_bytes": 8072,
      "iqr_time_ns": 321.0,
      "p75_time_ns": 19367.0,
      "min_time_ns": 18755.0,
      "mean_time_ns": 20443.259,
      "max_time_ns": 195986.0,
      "p99_time_ns": 37861.0,
      "samples": 10000,
      "p95_time_ns": 27551.0
    },
    "basics/make_zero/struct": {
      "cv": 0.9067024789710219,
      "p25_time_ns": 190.0,
      "std_time_ns": 194.38576838064785,
      "median_time_ns": 191.0,
      "allocs": 7,
      "gc_time_ns": 0.0,
      "memory_bytes": 496,
      "iqr_time_ns": 11.0,
      "p75_time_ns": 201.0,
      "min_time_ns": 180.0,
      "mean_time_ns": 214.3876,
      "max_time_ns": 18324.0,
      "p99_time_ns": 471.0,
      "samples": 10000,
      "p95_time_ns": 301.0
    },
    "autodiff/forward/simple": {
      "cv": 0.8866078252091528,
      "p25_time_ns": 211.0,
      "std_time_ns": 1395.7540720588017,
      "median_time_ns": 2044.0,
      "allocs": 4,
      "gc_time_ns": 0.0,
      "memory_bytes": 2720,
      "iqr_time_ns": 1933.0,
      "p75_time_ns": 2144.0,
      "min_time_ns": 190.0,
      "mean_time_ns": 1574.2632,
      "max_time_ns": 65231.0,
      "p99_time_ns": 5189.0,
      "samples": 10000,
      "p95_time_ns": 2364.0
    },
    "autodiff/reverse/simple": {
      "cv": 0.4080151621382596,
      "p25_time_ns": 1823.0,
      "std_time_ns": 1330.0117569979657,
      "median_time_ns": 3797.0,
      "allocs": 4,
      "gc_time_ns": 0.0,
      "memory_bytes": 2720,
      "iqr_time_ns": 2064.0,
      "p75_time_ns": 3887.0,
      "min_time_ns": 1593.0,
      "mean_time_ns": 3259.7116,
      "max_time_ns": 23153.0,
      "p99_time_ns": 6913.0,
      "samples": 10000,
      "p95_time_ns": 4068.0
    }
  }
}