{
  "metadata": {
    "run_number": 64,
    "julia_version": "1.11.9",
    "commit_hash": "371cdc403d32215d76c24368bd09a1a0500815fd",
    "git_dirty": false,
    "hostname": "runnervm46oaq",
    "git_branch": "main",
    "timestamp": "2026-03-18T16:37:34.148",
    "group": "enzyme",
    "system": {
      "julia_threads": 1,
      "arch": "x86_64",
      "word_size": 64,
      "os": "Linux",
      "cpu_threads": 4
    }
  },
  "benchmarks": {
    "basics/make_zero/array": {
      "cv": 2.1785721999791288,
      "p25_time_ns": 51.0,
      "std_time_ns": 187.96699155697922,
      "median_time_ns": 60.0,
      "allocs": 2,
      "gc_time_ns": 0.0,
      "memory_bytes": 928,
      "iqr_time_ns": 10.0,
      "p75_time_ns": 61.0,
      "min_time_ns": 49.0,
      "mean_time_ns": 86.2799,
      "max_time_ns": 16711.0,
      "p99_time_ns": 481.0,
      "samples": 10000,
      "p95_time_ns": 231.0
    },
    "basics/make_zero/namedtuple": {
      "cv": 4.53367086914922,
      "p25_time_ns": 30.0,
      "std_time_ns": 139.86465304742728,
      "median_time_ns": 30.0,
      "allocs": 0,
      "gc_time_ns": 0.0,
      "memory_bytes": 0,
      "iqr_time_ns": 0.0,
      "p75_time_ns": 30.0,
      "min_time_ns": 20.0,
      "mean_time_ns": 30.8502,
      "max_time_ns": 14006.0,
      "p99_time_ns": 31.0,
      "samples": 10000,
      "p95_time_ns": 31.0
    },
    "autodiff/reverse/complex": {
      "cv": 0.17330519033451755,
      "p25_time_ns": 28112.0,
      "std_time_ns": 5095.17824558402,
      "median_time_ns": 28302.0,
      "allocs": 3,
      "gc_time_ns": 0.0,
      "memory_bytes": 8072,
      "iqr_time_ns": 982.0,
      "p75_time_ns": 29094.0,
      "min_time_ns": 27801.0,
      "mean_time_ns": 29400.0326,
      "max_time_ns": 449895.0,
      "p99_time_ns": 40335.0,
      "samples": 10000,
      "p95_time_ns": 33432.0
    },
    "autodiff/forward/complex": {
      "cv": 0.1586331795582953,
      "p25_time_ns": 18955.0,
      "std_time_ns": 3166.1727973579195,
      "median_time_ns": 19115.0,
      "allocs": 3,
      "gc_time_ns": 0.0,
      "memory_bytes": 8072,
      "iqr_time_ns": 561.0,
      "p75_time_ns": 19516.0,
      "min_time_ns": 18614.0,
      "mean_time_ns": 19959.083,
      "max_time_ns": 252148.0,
      "p99_time_ns": 29374.0,
      "samples": 10000,
      "p95_time_ns": 22732.0
    },
    "basics/make_zero/struct": {
      "cv": 0.5867938707653222,
      "p25_time_ns": 190.0,
      "std_time_ns": 128.36485603130006,
      "median_time_ns": 191.0,
      "allocs": 7,
      "gc_time_ns": 0.0,
      "memory_bytes": 496,
      "iqr_time_ns": 11.0,
      "p75_time_ns": 201.0,
      "min_time_ns": 180.0,
      "mean_time_ns": 218.7563,
      "max_time_ns": 9578.0,
      "p99_time_ns": 511.0,
      "samples": 10000,
      "p95_time_ns": 390.0
    },
    "autodiff/forward/simple": {
      "cv": 1.0919975418204788,
      "p25_time_ns": 211.0,
      "std_time_ns": 1756.7098770963685,
      "median_time_ns": 2084.0,
      "allocs": 4,
      "gc_time_ns": 0.0,
      "memory_bytes": 2720,
      "iqr_time_ns": 1953.0,
      "p75_time_ns": 2164.0,
      "min_time_ns": 200.0,
      "mean_time_ns": 1608.7123,
      "max_time_ns": 112299.0,
      "p99_time_ns": 5210.0,
      "samples": 10000,
      "p95_time_ns": 2445.0
    },
    "autodiff/reverse/simple": {
      "cv": 0.4225554188737009,
      "p25_time_ns": 1793.0,
      "std_time_ns": 1384.56169190953,
      "median_time_ns": 3727.0,
      "allocs": 4,
      "gc_time_ns": 0.0,
      "memory_bytes": 2720,
      "iqr_time_ns": 2094.0,
      "p75_time_ns": 3887.0,
      "min_time_ns": 1643.0,
      "mean_time_ns": 3276.6393,
      "max_time_ns": 24926.0,
      "p99_time_ns": 6973.0,
      "samples": 10000,
      "p95_time_ns": 4358.0
    }
  }
}