{
  "metadata": {
    "run_number": 62,
    "julia_version": "1.11.9",
    "commit_hash": "0b8dd93cc66465870759104d1b30c99a4accad75",
    "git_dirty": false,
    "hostname": "runnervm0kj6c",
    "git_branch": "main",
    "timestamp": "2026-03-12T10:50:10.011",
    "group": "enzyme",
    "system": {
      "julia_threads": 1,
      "arch": "x86_64",
      "word_size": 64,
      "os": "Linux",
      "cpu_threads": 4
    }
  },
  "benchmarks": {
    "basics/make_zero/array": {
      "cv": 1.524619521471331,
      "p25_time_ns": 50.0,
      "std_time_ns": 114.06928828134635,
      "median_time_ns": 60.0,
      "allocs": 2,
      "gc_time_ns": 0.0,
      "memory_bytes": 928,
      "iqr_time_ns": 10.0,
      "p75_time_ns": 60.0,
      "min_time_ns": 49.0,
      "mean_time_ns": 74.8182,
      "max_time_ns": 9348.0,
      "p99_time_ns": 380.0,
      "samples": 10000,
      "p95_time_ns": 220.0
    },
    "basics/make_zero/namedtuple": {
      "cv": 3.0566791435060736,
      "p25_time_ns": 30.0,
      "std_time_ns": 92.75645694926357,
      "median_time_ns": 30.0,
      "allocs": 0,
      "gc_time_ns": 0.0,
      "memory_bytes": 0,
      "iqr_time_ns": 0.0,
      "p75_time_ns": 30.0,
      "min_time_ns": 20.0,
      "mean_time_ns": 30.3455,
      "max_time_ns": 9298.0,
      "p99_time_ns": 31.0,
      "samples": 10000,
      "p95_time_ns": 31.0
    },
    "autodiff/reverse/complex": {
      "cv": 0.17423569989707569,
      "p25_time_ns": 28383.0,
      "std_time_ns": 5256.640136799693,
      "median_time_ns": 28623.0,
      "allocs": 3,
      "gc_time_ns": 0.0,
      "memory_bytes": 8072,
      "iqr_time_ns": 3276.0,
      "p75_time_ns": 31659.0,
      "min_time_ns": 28042.0,
      "mean_time_ns": 30169.7077,
      "max_time_ns": 437070.0,
      "p99_time_ns": 41077.0,
      "samples": 10000,
      "p95_time_ns": 34765.0
    },
    "autodiff/forward/complex": {
      "cv": 0.15069403028890027,
      "p25_time_ns": 19066.0,
      "std_time_ns": 3035.640748404707,
      "median_time_ns": 19206.0,
      "allocs": 3,
      "gc_time_ns": 0.0,
      "memory_bytes": 8072,
      "iqr_time_ns": 521.0,
      "p75_time_ns": 19587.0,
      "min_time_ns": 18786.0,
      "mean_time_ns": 20144.3995,
      "max_time_ns": 223369.0,
      "p99_time_ns": 29996.0,
      "samples": 10000,
      "p95_time_ns": 23384.0
    },
    "basics/make_zero/struct": {
      "cv": 0.7217677931850631,
      "p25_time_ns": 190.0,
      "std_time_ns": 155.9180831033203,
      "median_time_ns": 190.0,
      "allocs": 7,
      "gc_time_ns": 0.0,
      "memory_bytes": 496,
      "iqr_time_ns": 10.0,
      "p75_time_ns": 200.0,
      "min_time_ns": 180.0,
      "mean_time_ns": 216.0225,
      "max_time_ns": 9567.0,
      "p99_time_ns": 461.0,
      "samples": 10000,
      "p95_time_ns": 370.0
    },
    "autodiff/forward/simple": {
      "cv": 1.0729521098698203,
      "p25_time_ns": 211.0,
      "std_time_ns": 1714.65107608671,
      "median_time_ns": 2064.0,
      "allocs": 4,
      "gc_time_ns": 0.0,
      "memory_bytes": 2720,
      "iqr_time_ns": 1943.0,
      "p75_time_ns": 2154.0,
      "min_time_ns": 200.0,
      "mean_time_ns": 1598.0686,
      "max_time_ns": 96972.0,
      "p99_time_ns": 5229.0,
      "samples": 10000,
      "p95_time_ns": 2404.0
    },
    "autodiff/reverse/simple": {
      "cv": 0.4269921338434991,
      "p25_time_ns": 1823.0,
      "std_time_ns": 1397.377232665105,
      "median_time_ns": 3727.0,
      "allocs": 4,
      "gc_time_ns": 0.0,
      "memory_bytes": 2720,
      "iqr_time_ns": 2064.0,
      "p75_time_ns": 3887.0,
      "min_time_ns": 1703.0,
      "mean_time_ns": 3272.6065,
      "max_time_ns": 31319.0,
      "p99_time_ns": 6984.0,
      "samples": 10000,
      "p95_time_ns": 4197.0
    }
  }
}