{
  "metadata": {
    "run_number": 62,
    "julia_version": "1.11.9",
    "commit_hash": "76b9fe550e727c84ad79adf8496c1e1195389740",
    "git_dirty": false,
    "hostname": "runnervm0kj6c",
    "git_branch": "main",
    "timestamp": "2026-03-12T10:27:03.572",
    "group": "enzyme",
    "system": {
      "julia_threads": 1,
      "arch": "x86_64",
      "word_size": 64,
      "os": "Linux",
      "cpu_threads": 4
    }
  },
  "benchmarks": {
    "basics/make_zero/array": {
      "cv": 0.780051214255491,
      "p25_time_ns": 51.0,
      "std_time_ns": 57.28040874472351,
      "median_time_ns": 60.0,
      "allocs": 2,
      "gc_time_ns": 0.0,
      "memory_bytes": 928,
      "iqr_time_ns": 9.0,
      "p75_time_ns": 60.0,
      "min_time_ns": 40.0,
      "mean_time_ns": 73.4316,
      "max_time_ns": 921.0,
      "p99_time_ns": 340.0,
      "samples": 10000,
      "p95_time_ns": 191.0
    },
    "basics/make_zero/namedtuple": {
      "cv": 0.13314365038691073,
      "p25_time_ns": 30.0,
      "std_time_ns": 3.912985369950997,
      "median_time_ns": 30.0,
      "allocs": 0,
      "gc_time_ns": 0.0,
      "memory_bytes": 0,
      "iqr_time_ns": 0.0,
      "p75_time_ns": 30.0,
      "min_time_ns": 20.0,
      "mean_time_ns": 29.3892,
      "max_time_ns": 250.0,
      "p99_time_ns": 31.0,
      "samples": 10000,
      "p95_time_ns": 31.0
    },
    "autodiff/reverse/complex": {
      "cv": 0.14772465324274028,
      "p25_time_ns": 28082.0,
      "std_time_ns": 4449.328580845208,
      "median_time_ns": 28574.0,
      "allocs": 3,
      "gc_time_ns": 0.0,
      "memory_bytes": 8072,
      "iqr_time_ns": 3306.0,
      "p75_time_ns": 31388.0,
      "min_time_ns": 27742.0,
      "mean_time_ns": 30119.066,
      "max_time_ns": 387967.0,
      "p99_time_ns": 40246.0,
      "samples": 10000,
      "p95_time_ns": 34414.0
    },
    "autodiff/forward/complex": {
      "cv": 0.13656354149248867,
      "p25_time_ns": 18935.0,
      "std_time_ns": 2713.9089742220212,
      "median_time_ns": 19046.0,
      "allocs": 3,
      "gc_time_ns": 0.0,
      "memory_bytes": 8072,
      "iqr_time_ns": 381.0,
      "p75_time_ns": 19316.0,
      "min_time_ns": 18655.0,
      "mean_time_ns": 19872.8661,
      "max_time_ns": 198842.0,
      "p99_time_ns": 28012.0,
      "samples": 10000,
      "p95_time_ns": 22532.0
    },
    "basics/make_zero/struct": {
      "cv": 0.9563151656867802,
      "p25_time_ns": 190.0,
      "std_time_ns": 207.9484376221927,
      "median_time_ns": 191.0,
      "allocs": 7,
      "gc_time_ns": 0.0,
      "memory_bytes": 496,
      "iqr_time_ns": 11.0,
      "p75_time_ns": 201.0,
      "min_time_ns": 180.0,
      "mean_time_ns": 217.4476,
      "max_time_ns": 17032.0,
      "p99_time_ns": 461.0,
      "samples": 10000,
      "p95_time_ns": 360.0
    },
    "autodiff/forward/simple": {
      "cv": 0.7350626780071727,
      "p25_time_ns": 211.0,
      "std_time_ns": 1147.8002982019325,
      "median_time_ns": 2084.0,
      "allocs": 4,
      "gc_time_ns": 0.0,
      "memory_bytes": 2720,
      "iqr_time_ns": 1923.0,
      "p75_time_ns": 2134.0,
      "min_time_ns": 190.0,
      "mean_time_ns": 1561.4999,
      "max_time_ns": 17252.0,
      "p99_time_ns": 5170.0,
      "samples": 10000,
      "p95_time_ns": 2314.0
    },
    "autodiff/reverse/simple": {
      "cv": 0.40836038680125725,
      "p25_time_ns": 1804.0,
      "std_time_ns": 1320.5314805588523,
      "median_time_ns": 3707.0,
      "allocs": 4,
      "gc_time_ns": 0.0,
      "memory_bytes": 2720,
      "iqr_time_ns": 2044.0,
      "p75_time_ns": 3848.0,
      "min_time_ns": 1552.0,
      "mean_time_ns": 3233.7404,
      "max_time_ns": 24897.0,
      "p99_time_ns": 6933.0,
      "samples": 10000,
      "p95_time_ns": 4137.0
    }
  }
}