{
  "metadata": {
    "run_number": 64,
    "julia_version": "1.11.9",
    "commit_hash": "9766093722e77be51196907ea0e3e7d260a55f61",
    "git_dirty": true,
    "hostname": "runnervm46oaq",
    "git_branch": "main",
    "timestamp": "2026-03-12T10:24:29.988",
    "group": "trixi",
    "system": {
      "julia_threads": 1,
      "arch": "x86_64",
      "word_size": 64,
      "os": "Linux",
      "cpu_threads": 4
    }
  },
  "benchmarks": {
    "tree_2d_dgsem/elixir_euler_ec.jl/p7_analysis": {
      "cv": 0.0038357022104123432,
      "p25_time_ns": 1.0896508e7,
      "std_time_ns": 41880.03838232947,
      "median_time_ns": 1.0905755e7,
      "allocs": 0,
      "gc_time_ns": 0.0,
      "memory_bytes": 0,
      "iqr_time_ns": 24085.0,
      "p75_time_ns": 1.0920593e7,
      "min_time_ns": 1.0881069e7,
      "mean_time_ns": 1.0918480133479211e7,
      "max_time_ns": 1.1250029e7,
      "p99_time_ns": 1.1163889e7,
      "samples": 457,
      "p95_time_ns": 1.0984102e7
    },
    "tree_1d_dgsem/elixir_mhd_ec.jl/p3_analysis": {
      "cv": 0.18392241503180348,
      "p25_time_ns": 3186.0,
      "std_time_ns": 594.8186452948403,
      "median_time_ns": 3196.0,
      "allocs": 0,
      "gc_time_ns": 0.0,
      "memory_bytes": 0,
      "iqr_time_ns": 20.0,
      "p75_time_ns": 3206.0,
      "min_time_ns": 3146.0,
      "mean_time_ns": 3234.0737,
      "max_time_ns": 27672.0,
      "p99_time_ns": 3286.0,
      "samples": 10000,
      "p95_time_ns": 3246.0
    },
    "tree_2d_dgsem/elixir_euler_ec.jl/p3_rhs!": {
      "cv": 0.013760968022068889,
      "p25_time_ns": 1.391383e6,
      "std_time_ns": 19256.69148823122,
      "median_time_ns": 1.396293e6,
      "allocs": 0,
      "gc_time_ns": 0.0,
      "memory_bytes": 0,
      "iqr_time_ns": 9809.0,
      "p75_time_ns": 1.401192e6,
      "min_time_ns": 1.385623e6,
      "mean_time_ns": 1.39937041183067e6,
      "max_time_ns": 2.048142e6,
      "p99_time_ns": 1.465271e6,
      "samples": 3567,
      "p95_time_ns": 1.418864e6
    },
    "tree_1d_dgsem/elixir_mhd_ec.jl/p3_rhs!": {
      "cv": 0.13862489259998176,
      "p25_time_ns": 5341.0,
      "std_time_ns": 750.7376199014564,
      "median_time_ns": 5350.0,
      "allocs": 0,
      "gc_time_ns": 0.0,
      "memory_bytes": 0,
      "iqr_time_ns": 19.0,
      "p75_time_ns": 5360.0,
      "min_time_ns": 5300.0,
      "mean_time_ns": 5415.6047,
      "max_time_ns": 28063.0,
      "p99_time_ns": 5461.0,
      "samples": 10000,
      "p95_time_ns": 5420.0
    },
    "tree_2d_dgsem/elixir_advection_amr_nonperiodic.jl/p3_analysis": {
      "cv": 0.02606710197994774,
      "p25_time_ns": 839070.0,
      "std_time_ns": 22014.671587080236,
      "median_time_ns": 839952.0,
      "allocs": 0,
      "gc_time_ns": 0.0,
      "memory_bytes": 0,
      "iqr_time_ns": 4478.0,
      "p75_time_ns": 843548.0,
      "min_time_ns": 830023.0,
      "mean_time_ns": 844538.5146386868,
      "max_time_ns": 1.311985e6,
      "p99_time_ns": 895466.0,
      "samples": 5909,
      "p95_time_ns": 861712.0
    },
    "tree_2d_dgsem/elixir_advection_amr_nonperiodic.jl/p7_rhs!": {
      "cv": 0.02846815117979214,
      "p25_time_ns": 317223.0,
      "std_time_ns": 9164.957736890328,
      "median_time_ns": 318646.0,
      "allocs": 0,
      "gc_time_ns": 0.0,
      "memory_bytes": 0,
      "iqr_time_ns": 9338.0,
      "p75_time_ns": 326561.0,
      "min_time_ns": 315730.0,
      "mean_time_ns": 321937.2301,
      "max_time_ns": 506297.0,
      "p99_time_ns": 344945.0,
      "samples": 10000,
      "p95_time_ns": 330038.0
    },
    "tree_2d_dgsem/elixir_euler_ec.jl/p7_rhs!": {
      "cv": 0.004115438645829548,
      "p25_time_ns": 9.440192e6,
      "std_time_ns": 38943.8246296993,
      "median_time_ns": 9.453347e6,
      "allocs": 0,
      "gc_time_ns": 0.0,
      "memory_bytes": 0,
      "iqr_time_ns": 31871.0,
      "p75_time_ns": 9.472063e6,
      "min_time_ns": 9.421888e6,
      "mean_time_ns": 9.462861187145557e6,
      "max_time_ns": 9.746916e6,
      "p99_time_ns": 9.680241e6,
      "samples": 529,
      "p95_time_ns": 9.517548e6
    },
    "tree_2d_dgsem/elixir_euler_vortex_mortar.jl/p7_rhs!": {
      "cv": 0.013589500246427941,
      "p25_time_ns": 1.121308e6,
      "std_time_ns": 15341.947237458611,
      "median_time_ns": 1.125065e6,
      "allocs": 0,
      "gc_time_ns": 0.0,
      "memory_bytes": 0,
      "iqr_time_ns": 10680.0,
      "p75_time_ns": 1.131988e6,
      "min_time_ns": 1.114274e6,
      "mean_time_ns": 1.1289559556460737e6,
      "max_time_ns": 1.465732e6,
      "p99_time_ns": 1.1809e6,
      "samples": 4419,
      "p95_time_ns": 1.14893e6
    },
    "tree_1d_dgsem/elixir_mhd_ec.jl/p7_rhs!": {
      "cv": 0.08203732258298711,
      "p25_time_ns": 14487.0,
      "std_time_ns": 1204.0205023697781,
      "median_time_ns": 14508.0,
      "allocs": 0,
      "gc_time_ns": 0.0,
      "memory_bytes": 0,
      "iqr_time_ns": 60.0,
      "p75_time_ns": 14547.0,
      "min_time_ns": 14397.0,
      "mean_time_ns": 14676.4968,
      "max_time_ns": 41257.0,
      "p99_time_ns": 22152.0,
      "samples": 10000,
      "p95_time_ns": 14608.0
    },
    "structured_1d_dgsem/elixir_euler_sedov.jl/p3_rhs!": {
      "cv": 0.08419682558219936,
      "p25_time_ns": 11902.0,
      "std_time_ns": 1014.7856587205765,
      "median_time_ns": 11922.0,
      "allocs": 0,
      "gc_time_ns": 0.0,
      "memory_bytes": 0,
      "iqr_time_ns": 51.0,
      "p75_time_ns": 11953.0,
      "min_time_ns": 11832.0,
      "mean_time_ns": 12052.5406,
      "max_time_ns": 30778.0,
      "p99_time_ns": 19456.0,
      "samples": 10000,
      "p95_time_ns": 12012.0
    },
    "tree_2d_dgsem/elixir_euler_ec.jl/p3_analysis": {
      "cv": 0.008695552435301162,
      "p25_time_ns": 2.290857e6,
      "std_time_ns": 19992.993904676685,
      "median_time_ns": 2.295055e6,
      "allocs": 0,
      "gc_time_ns": 0.0,
      "memory_bytes": 0,
      "iqr_time_ns": 9868.0,
      "p75_time_ns": 2.300725e6,
      "min_time_ns": 2.286479e6,
      "mean_time_ns": 2.2992206709618038e6,
      "max_time_ns": 2.69343e6,
      "p99_time_ns": 2.363112e6,
      "samples": 2173,
      "p95_time_ns": 2.323808e6
    },
    "structured_1d_dgsem/elixir_euler_sedov.jl/p7_analysis": {
      "cv": 0.2714627978653188,
      "p25_time_ns": 8025.0,
      "std_time_ns": 2253.971735565935,
      "median_time_ns": 8125.0,
      "allocs": 128,
      "gc_time_ns": 0.0,
      "memory_bytes": 8192,
      "iqr_time_ns": 261.0,
      "p75_time_ns": 8286.0,
      "min_time_ns": 7884.0,
      "mean_time_ns": 8303.0594,
      "max_time_ns": 140984.0,
      "p99_time_ns": 10771.0,
      "samples": 10000,
      "p95_time_ns": 8576.0
    },
    "tree_2d_dgsem/elixir_euler_vortex_mortar.jl/p7_analysis": {
      "cv": 0.004261018694535597,
      "p25_time_ns": 6.311679e6,
      "std_time_ns": 26945.06434614999,
      "median_time_ns": 6.31724e6,
      "allocs": 0,
      "gc_time_ns": 0.0,
      "memory_bytes": 0,
      "iqr_time_ns": 13125.0,
      "p75_time_ns": 6.324804e6,
      "min_time_ns": 6.299858e6,
      "mean_time_ns": 6.323620307206068e6,
      "max_time_ns": 6.633722e6,
      "p99_time_ns": 6.466028e6,
      "samples": 791,
      "p95_time_ns": 6.365049e6
    },
    "tree_2d_dgsem/elixir_euler_vortex_mortar.jl/p3_rhs!": {
      "cv": 0.12622857125708384,
      "p25_time_ns": 353341.0,
      "std_time_ns": 45580.14861023717,
      "median_time_ns": 354528.5,
      "allocs": 0,
      "gc_time_ns": 0.0,
      "memory_bytes": 0,
      "iqr_time_ns": 8926.0,
      "p75_time_ns": 362267.0,
      "min_time_ns": 350265.0,
      "mean_time_ns": 361092.1692,
      "max_time_ns": 1.949167e6,
      "p99_time_ns": 419635.0,
      "samples": 10000,
      "p95_time_ns": 368169.0
    },
    "tree_2d_dgsem/elixir_advection_amr_nonperiodic.jl/p7_analysis": {
      "cv": 0.029188905424557227,
      "p25_time_ns": 3.937279e6,
      "std_time_ns": 115273.53519713061,
      "median_time_ns": 3.939693e6,
      "allocs": 0,
      "gc_time_ns": 0.0,