{
  "metadata": {
    "run_number": 64,
    "julia_version": "1.11.9",
    "commit_hash": "0b8dd93cc66465870759104d1b30c99a4accad75",
    "git_dirty": true,
    "hostname": "runnervm0kj6c",
    "git_branch": "main",
    "timestamp": "2026-03-12T10:48:01.649",
    "group": "trixi",
    "system": {
      "julia_threads": 1,
      "arch": "x86_64",
      "word_size": 64,
      "os": "Linux",
      "cpu_threads": 4
    }
  },
  "benchmarks": {
    "tree_2d_dgsem/elixir_euler_ec.jl/p7_analysis": {
      "cv": 0.006809224980547708,
      "p25_time_ns": 1.0923193e7,
      "std_time_ns": 74513.04326376997,
      "median_time_ns": 1.093163e7,
      "allocs": 0,
      "gc_time_ns": 0.0,
      "memory_bytes": 0,
      "iqr_time_ns": 19733.0,
      "p75_time_ns": 1.0942926e7,
      "min_time_ns": 1.089493e7,
      "mean_time_ns": 1.0942955105263159e7,
      "max_time_ns": 1.2351273e7,
      "p99_time_ns": 1.1099522e7,
      "samples": 456,
      "p95_time_ns": 1.0997571e7
    },
    "tree_1d_dgsem/elixir_mhd_ec.jl/p3_analysis": {
      "cv": 0.17309839664802565,
      "p25_time_ns": 3156.0,
      "std_time_ns": 554.5856774902122,
      "median_time_ns": 3166.0,
      "allocs": 0,
      "gc_time_ns": 0.0,
      "memory_bytes": 0,
      "iqr_time_ns": 20.0,
      "p75_time_ns": 3176.0,
      "min_time_ns": 3125.0,
      "mean_time_ns": 3203.8753,
      "max_time_ns": 21610.0,
      "p99_time_ns": 3256.0,
      "samples": 10000,
      "p95_time_ns": 3216.0
    },
    "tree_2d_dgsem/elixir_euler_ec.jl/p3_rhs!": {
      "cv": 0.029862487929920897,
      "p25_time_ns": 1.392726e6,
      "std_time_ns": 41893.72621042945,
      "median_time_ns": 1.398582e6,
      "allocs": 0,
      "gc_time_ns": 0.0,
      "memory_bytes": 0,
      "iqr_time_ns": 11091.0,
      "p75_time_ns": 1.403817e6,
      "min_time_ns": 1.382577e6,
      "mean_time_ns": 1.4028880081506465e6,
      "max_time_ns": 2.248922e6,
      "p99_time_ns": 1.4593e6,
      "samples": 3558,
      "p95_time_ns": 1.422242e6
    },
    "tree_1d_dgsem/elixir_mhd_ec.jl/p3_rhs!": {
      "cv": 0.13758140974093105,
      "p25_time_ns": 5330.0,
      "std_time_ns": 743.0304576058796,
      "median_time_ns": 5340.0,
      "allocs": 0,
      "gc_time_ns": 0.0,
      "memory_bytes": 0,
      "iqr_time_ns": 20.0,
      "p75_time_ns": 5350.0,
      "min_time_ns": 5299.0,
      "mean_time_ns": 5400.6603,
      "max_time_ns": 29215.0,
      "p99_time_ns": 5450.0,
      "samples": 10000,
      "p95_time_ns": 5400.0
    },
    "tree_2d_dgsem/elixir_advection_amr_nonperiodic.jl/p3_analysis": {
      "cv": 0.011863436911193992,
      "p25_time_ns": 836389.0,
      "std_time_ns": 9963.124264722761,
      "median_time_ns": 837050.0,
      "allocs": 0,
      "gc_time_ns": 0.0,
      "memory_bytes": 0,
      "iqr_time_ns": 3127.0,
      "p75_time_ns": 839516.0,
      "min_time_ns": 827753.0,
      "mean_time_ns": 839817.6969544002,
      "max_time_ns": 1.006046e6,
      "p99_time_ns": 873378.0,
      "samples": 5943,
      "p95_time_ns": 859663.0
    },
    "tree_2d_dgsem/elixir_advection_amr_nonperiodic.jl/p7_rhs!": {
      "cv": 0.022913193618914945,
      "p25_time_ns": 315378.0,
      "std_time_ns": 7341.5086456393765,
      "median_time_ns": 317466.5,
      "allocs": 0,
      "gc_time_ns": 0.0,
      "memory_bytes": 0,
      "iqr_time_ns": 9808.0,
      "p75_time_ns": 325186.0,
      "min_time_ns": 313424.0,
      "mean_time_ns": 320405.2987,
      "max_time_ns": 487959.0,
      "p99_time_ns": 345253.0,
      "samples": 10000,
      "p95_time_ns": 330416.0
    },
    "tree_2d_dgsem/elixir_euler_ec.jl/p7_rhs!": {
      "cv": 0.009316524147009975,
      "p25_time_ns": 9.545455e6,
      "std_time_ns": 89500.44614277351,
      "median_time_ns": 9.586901e6,
      "allocs": 0,
      "gc_time_ns": 0.0,
      "memory_bytes": 0,
      "iqr_time_ns": 103021.0,
      "p75_time_ns": 9.648476e6,
      "min_time_ns": 9.455316e6,
      "mean_time_ns": 9.606634913461538e6,
      "max_time_ns": 9.992999e6,
      "p99_time_ns": 9.895938e6,
      "samples": 520,
      "p95_time_ns": 9.772848e6
    },
    "tree_2d_dgsem/elixir_euler_vortex_mortar.jl/p7_rhs!": {
      "cv": 0.026092336096818134,
      "p25_time_ns": 1.132952e6,
      "std_time_ns": 29804.276852372994,
      "median_time_ns": 1.138272e6,
      "allocs": 0,
      "gc_time_ns": 0.0,
      "memory_bytes": 0,
      "iqr_time_ns": 12414.0,
      "p75_time_ns": 1.145366e6,
      "min_time_ns": 1.115579e6,
      "mean_time_ns": 1.142261725503663e6,
      "max_time_ns": 1.781511e6,
      "p99_time_ns": 1.20687e6,
      "samples": 4368,
      "p95_time_ns": 1.165723e6
    },
    "tree_1d_dgsem/elixir_mhd_ec.jl/p7_rhs!": {
      "cv": 0.08404511295103471,
      "p25_time_ns": 14447.0,
      "std_time_ns": 1229.7513788634562,
      "median_time_ns": 14467.0,
      "allocs": 0,
      "gc_time_ns": 0.0,
      "memory_bytes": 0,
      "iqr_time_ns": 50.0,
      "p75_time_ns": 14497.0,
      "min_time_ns": 14367.0,
      "mean_time_ns": 14632.0391,
      "max_time_ns": 61244.0,
      "p99_time_ns": 22211.0,
      "samples": 10000,
      "p95_time_ns": 14557.0
    },
    "structured_1d_dgsem/elixir_euler_sedov.jl/p3_rhs!": {
      "cv": 0.08406356969344775,
      "p25_time_ns": 11962.0,
      "std_time_ns": 1018.27509158182,
      "median_time_ns": 11992.0,
      "allocs": 0,
      "gc_time_ns": 0.0,
      "memory_bytes": 0,
      "iqr_time_ns": 70.0,
      "p75_time_ns": 12032.0,
      "min_time_ns": 11852.0,
      "mean_time_ns": 12113.1555,
      "max_time_ns": 36368.0,
      "p99_time_ns": 19637.0,
      "samples": 10000,
      "p95_time_ns": 12102.0
    },
    "tree_2d_dgsem/elixir_euler_ec.jl/p3_analysis": {
      "cv": 0.006995343565792373,
      "p25_time_ns": 2.380428e6,
      "std_time_ns": 16701.348679420607,
      "median_time_ns": 2.3840805e6,
      "allocs": 0,
      "gc_time_ns": 0.0,
      "memory_bytes": 0,
      "iqr_time_ns": 8687.0,
      "p75_time_ns": 2.389115e6,
      "min_time_ns": 2.373325e6,
      "mean_time_ns": 2.387495127629063e6,
      "max_time_ns": 2.668435e6,
      "p99_time_ns": 2.449367e6,
      "samples": 2092,
      "p95_time_ns": 2.404133e6
    },
    "structured_1d_dgsem/elixir_euler_sedov.jl/p7_analysis": {
      "cv": 0.12262583304850022,
      "p25_time_ns": 8105.0,
      "std_time_ns": 1031.8142625827368,
      "median_time_ns": 8255.0,
      "allocs": 128,
      "gc_time_ns": 0.0,
      "memory_bytes": 8192,
      "iqr_time_ns": 361.0,
      "p75_time_ns": 8466.0,
      "min_time_ns": 7955.0,
      "mean_time_ns": 8414.3303,
      "max_time_ns": 27912.0,
      "p99_time_ns": 12033.0,
      "samples": 10000,
      "p95_time_ns": 8817.0
    },
    "tree_2d_dgsem/elixir_euler_vortex_mortar.jl/p7_analysis": {
      "cv": 0.00394514971734925,
      "p25_time_ns": 6.299734e6,
      "std_time_ns": 24907.129059925588,
      "median_time_ns": 6.306758e6,
      "allocs": 0,
      "gc_time_ns": 0.0,
      "memory_bytes": 0,
      "iqr_time_ns": 18047.0,
      "p75_time_ns": 6.317781e6,
      "min_time_ns": 6.283678e6,
      "mean_time_ns": 6.313354585858586e6,
      "max_time_ns": 6.509665e6,
      "p99_time_ns": 6.4244e6,
      "samples": 792,
      "p95_time_ns": 6.359797e6
    },
    "tree_2d_dgsem/elixir_euler_vortex_mortar.jl/p3_rhs!": {
      "cv": 0.024511561265114914,
      "p25_time_ns": 351495.0,
      "std_time_ns": 8751.639306941293,
      "median_time_ns": 353679.0,
      "allocs": 0,
      "gc_time_ns": 0.0,
      "memory_bytes": 0,
      "iqr_time_ns": 9428.0,
      "p75_time_ns": 360923.0,
      "min_time_ns": 348059.0,
      "mean_time_ns": 357041.284,
      "max_time_ns": 560765.0,
      "p99_time_ns": 383786.0,
      "samples": 10000,
      "p95_time_ns": 369078.0
    },
    "tree_2d_dgsem/elixir_advection_amr_nonperiodic.jl/p7_analysis": {
      "cv": 0.0065536956044078085,
      "p25_time_ns": 3.950724e6,
      "std_time_ns": 25934.08259638421,
      "median_time_ns": 3.953941e6,
      "allocs": 0,
      "gc_time_ns": 0.0,