{
  "metadata": {
    "run_number": 62,
    "julia_version": "1.11.9",
    "commit_hash": "f0e6dabe6533ff79829287ba416a6a38e84f435c",
    "git_dirty": false,
    "hostname": "runnervm0kj6c",
    "git_branch": "main",
    "timestamp": "2026-03-08T03:16:54.278",
    "group": "enzyme",
    "system": {
      "julia_threads": 1,
      "arch": "x86_64",
      "word_size": 64,
      "os": "Linux",
      "cpu_threads": 4
    }
  },
  "benchmarks": {
    "basics/make_zero/array": {
      "cv": 2.7915630358815147,
      "p25_time_ns": 47.0,
      "std_time_ns": 188.60469845544125,
      "median_time_ns": 49.0,
      "allocs": 2,
      "gc_time_ns": 0.0,
      "memory_bytes": 928,
      "iqr_time_ns": 9.0,
      "p75_time_ns": 56.0,
      "min_time_ns": 43.0,
      "mean_time_ns": 67.5624,
      "max_time_ns": 16748.0,
      "p99_time_ns": 327.0,
      "samples": 10000,
      "p95_time_ns": 209.0
    },
    "basics/make_zero/namedtuple": {
      "cv": 0.12641344799095122,
      "p25_time_ns": 18.0,
      "std_time_ns": 2.350291466392564,
      "median_time_ns": 19.0,
      "allocs": 0,
      "gc_time_ns": 0.0,
      "memory_bytes": 0,
      "iqr_time_ns": 1.0,
      "p75_time_ns": 19.0,
      "min_time_ns": 17.0,
      "mean_time_ns": 18.5921,
      "max_time_ns": 225.0,
      "p99_time_ns": 20.0,
      "samples": 10000,
      "p95_time_ns": 20.0
    },
    "autodiff/reverse/complex": {
      "cv": 0.060124586834920606,
      "p25_time_ns": 30088.0,
      "std_time_ns": 1875.766517365708,
      "median_time_ns": 30498.0,
      "allocs": 3,
      "gc_time_ns": 0.0,
      "memory_bytes": 8072,
      "iqr_time_ns": 2089.0,
      "p75_time_ns": 32177.0,
      "min_time_ns": 29007.0,
      "mean_time_ns": 31197.9943,
      "max_time_ns": 75088.0,
      "p99_time_ns": 37196.0,
      "samples": 10000,
      "p95_time_ns": 34157.0
    },
    "autodiff/forward/complex": {
      "cv": 0.10514789492613652,
      "p25_time_ns": 18695.0,
      "std_time_ns": 2013.462392838825,
      "median_time_ns": 18918.0,
      "allocs": 3,
      "gc_time_ns": 0.0,
      "memory_bytes": 8072,
      "iqr_time_ns": 498.0,
      "p75_time_ns": 19193.0,
      "min_time_ns": 18024.0,
      "mean_time_ns": 19148.8607,
      "max_time_ns": 192238.0,
      "p99_time_ns": 23620.0,
      "samples": 10000,
      "p95_time_ns": 20763.0
    },
    "basics/make_zero/struct": {
      "cv": 0.47580400886063795,
      "p25_time_ns": 175.0,
      "std_time_ns": 100.78604224728336,
      "median_time_ns": 179.0,
      "allocs": 7,
      "gc_time_ns": 0.0,
      "memory_bytes": 496,
      "iqr_time_ns": 21.0,
      "p75_time_ns": 196.0,
      "min_time_ns": 164.0,
      "mean_time_ns": 211.8226,
      "max_time_ns": 6038.0,
      "p99_time_ns": 533.0,
      "samples": 10000,
      "p95_time_ns": 369.0
    },
    "autodiff/forward/simple": {
      "cv": 1.1221672680837829,
      "p25_time_ns": 189.0,
      "std_time_ns": 1279.437215238096,
      "median_time_ns": 1411.0,
      "allocs": 4,
      "gc_time_ns": 0.0,
      "memory_bytes": 2720,
      "iqr_time_ns": 1317.0,
      "p75_time_ns": 1506.0,
      "min_time_ns": 174.0,
      "mean_time_ns": 1140.1484,
      "max_time_ns": 78004.0,
      "p99_time_ns": 3603.0,
      "samples": 10000,
      "p95_time_ns": 1840.0
    },
    "autodiff/reverse/simple": {
      "cv": 0.5862451565565537,
      "p25_time_ns": 514.0,
      "std_time_ns": 834.8428841904855,
      "median_time_ns": 1688.0,
      "allocs": 4,
      "gc_time_ns": 0.0,
      "memory_bytes": 2720,
      "iqr_time_ns": 1278.0,
      "p75_time_ns": 1792.0,
      "min_time_ns": 486.0,
      "mean_time_ns": 1424.0508,
      "max_time_ns": 17828.0,
      "p99_time_ns": 3855.0,
      "samples": 10000,
      "p95_time_ns": 2143.0
    }
  }
}