{
  "metadata": {
    "run_number": 64,
    "julia_version": "1.11.9",
    "commit_hash": "f0e6dabe6533ff79829287ba416a6a38e84f435c",
    "git_dirty": true,
    "hostname": "runnervm0kj6c",
    "git_branch": "main",
    "timestamp": "2026-03-08T03:06:51.768",
    "group": "trixi",
    "system": {
      "julia_threads": 1,
      "arch": "x86_64",
      "word_size": 64,
      "os": "Linux",
      "cpu_threads": 4
    }
  },
  "benchmarks": {
    "tree_2d_dgsem/elixir_euler_ec.jl/p7_analysis": {
      "cv": 0.026433984132153865,
      "p25_time_ns": 1.0880378e7,
      "std_time_ns": 288825.48493784154,
      "median_time_ns": 1.0889585e7,
      "allocs": 0,
      "gc_time_ns": 0.0,
      "memory_bytes": 0,
      "iqr_time_ns": 35416.0,
      "p75_time_ns": 1.0915794e7,
      "min_time_ns": 1.0846605e7,
      "mean_time_ns": 1.0926294102844639e7,
      "max_time_ns": 1.6425487e7,
      "p99_time_ns": 1.1363608e7,
      "samples": 457,
      "p95_time_ns": 1.0998077e7
    },
    "tree_1d_dgsem/elixir_mhd_ec.jl/p3_analysis": {
      "cv": 0.17697205277533062,
      "p25_time_ns": 3166.0,
      "std_time_ns": 568.9301799950596,
      "median_time_ns": 3186.0,
      "allocs": 0,
      "gc_time_ns": 0.0,
      "memory_bytes": 0,
      "iqr_time_ns": 30.0,
      "p75_time_ns": 3196.0,
      "min_time_ns": 3135.0,
      "mean_time_ns": 3214.8024,
      "max_time_ns": 28963.0,
      "p99_time_ns": 3267.0,
      "samples": 10000,
      "p95_time_ns": 3235.0
    },
    "tree_2d_dgsem/elixir_euler_ec.jl/p3_rhs!": {
      "cv": 0.014149052282644865,
      "p25_time_ns": 1.386623e6,
      "std_time_ns": 19725.7371092624,
      "median_time_ns": 1.39066e6,
      "allocs": 0,
      "gc_time_ns": 0.0,
      "memory_bytes": 0,
      "iqr_time_ns": 9447.0,
      "p75_time_ns": 1.39607e6,
      "min_time_ns": 1.278362e6,
      "mean_time_ns": 1.3941383998882994e6,
      "max_time_ns": 1.982554e6,
      "p99_time_ns": 1.454499e6,
      "samples": 3581,
      "p95_time_ns": 1.417901e6
    },
    "tree_1d_dgsem/elixir_mhd_ec.jl/p3_rhs!": {
      "cv": 0.12571202315537355,
      "p25_time_ns": 5400.0,
      "std_time_ns": 687.9881616223446,
      "median_time_ns": 5410.0,
      "allocs": 0,
      "gc_time_ns": 0.0,
      "memory_bytes": 0,
      "iqr_time_ns": 21.0,
      "p75_time_ns": 5421.0,
      "min_time_ns": 5350.0,
      "mean_time_ns": 5472.7316,
      "max_time_ns": 27982.0,
      "p99_time_ns": 6211.0,
      "samples": 10000,
      "p95_time_ns": 5480.0
    },
    "tree_2d_dgsem/elixir_advection_amr_nonperiodic.jl/p3_analysis": {
      "cv": 0.012157735293788781,
      "p25_time_ns": 838441.0,
      "std_time_ns": 10238.001679069532,
      "median_time_ns": 839543.0,
      "allocs": 0,
      "gc_time_ns": 0.0,
      "memory_bytes": 0,
      "iqr_time_ns": 4118.0,
      "p75_time_ns": 842559.0,
      "min_time_ns": 772839.0,
      "mean_time_ns": 842097.7617681795,
      "max_time_ns": 1.067939e6,
      "p99_time_ns": 880028.0,
      "samples": 5927,
      "p95_time_ns": 859470.0
    },
    "tree_2d_dgsem/elixir_advection_amr_nonperiodic.jl/p7_rhs!": {
      "cv": 0.023662765622560616,
      "p25_time_ns": 318203.0,
      "std_time_ns": 7641.612953239236,
      "median_time_ns": 320146.0,
      "allocs": 0,
      "gc_time_ns": 0.0,
      "memory_bytes": 0,
      "iqr_time_ns": 9277.0,
      "p75_time_ns": 327480.0,
      "min_time_ns": 292615.0,
      "mean_time_ns": 322938.2852,
      "max_time_ns": 483892.0,
      "p99_time_ns": 347227.0,
      "samples": 10000,
      "p95_time_ns": 331217.0
    },
    "tree_2d_dgsem/elixir_euler_ec.jl/p7_rhs!": {
      "cv": 0.007389633887380396,
      "p25_time_ns": 9.442068e6,
      "std_time_ns": 69960.18613026432,
      "median_time_ns": 9.4503835e6,
      "allocs": 0,
      "gc_time_ns": 0.0,
      "memory_bytes": 0,
      "iqr_time_ns": 31279.0,
      "p75_time_ns": 9.473347e6,
      "min_time_ns": 9.423924e6,
      "mean_time_ns": 9.467341304924242e6,
      "max_time_ns": 1.0448833e7,
      "p99_time_ns": 9.682877e6,
      "samples": 528,
      "p95_time_ns": 9.525072e6
    },
    "tree_2d_dgsem/elixir_euler_vortex_mortar.jl/p7_rhs!": {
      "cv": 0.014729065776156604,
      "p25_time_ns": 1.136031e6,
      "std_time_ns": 16832.845715429477,
      "median_time_ns": 1.139067e6,
      "allocs": 0,
      "gc_time_ns": 0.0,
      "memory_bytes": 0,
      "iqr_time_ns": 9297.0,
      "p75_time_ns": 1.145328e6,
      "min_time_ns": 1.046215e6,
      "mean_time_ns": 1.14283186532295e6,
      "max_time_ns": 1.516389e6,
      "p99_time_ns": 1.198497e6,
      "samples": 4366,
      "p95_time_ns": 1.161548e6
    },
    "tree_1d_dgsem/elixir_mhd_ec.jl/p7_rhs!": {
      "cv": 0.07139966906869893,
      "p25_time_ns": 14477.0,
      "std_time_ns": 1045.1175468704118,
      "median_time_ns": 14497.0,
      "allocs": 0,
      "gc_time_ns": 0.0,
      "memory_bytes": 0,
      "iqr_time_ns": 60.0,
      "p75_time_ns": 14537.0,
      "min_time_ns": 14397.0,
      "mean_time_ns": 14637.5685,
      "max_time_ns": 41708.0,
      "p99_time_ns": 22122.0,
      "samples": 10000,
      "p95_time_ns": 14587.0
    },
    "structured_1d_dgsem/elixir_euler_sedov.jl/p3_rhs!": {
      "cv": 0.08358251414615525,
      "p25_time_ns": 11912.0,
      "std_time_ns": 1008.5718601980517,
      "median_time_ns": 11943.0,
      "allocs": 0,
      "gc_time_ns": 0.0,
      "memory_bytes": 0,
      "iqr_time_ns": 80.0,
      "p75_time_ns": 11992.0,
      "min_time_ns": 11782.0,
      "mean_time_ns": 12066.7806,
      "max_time_ns": 37541.0,
      "p99_time_ns": 19567.0,
      "samples": 10000,
      "p95_time_ns": 12073.0
    },
    "tree_2d_dgsem/elixir_euler_ec.jl/p3_analysis": {
      "cv": 0.008739741842293383,
      "p25_time_ns": 2.296536e6,
      "std_time_ns": 20139.32368385125,
      "median_time_ns": 2.300118e6,
      "allocs": 0,
      "gc_time_ns": 0.0,
      "memory_bytes": 0,
      "iqr_time_ns": 9518.0,
      "p75_time_ns": 2.306054e6,
      "min_time_ns": 2.210696e6,
      "mean_time_ns": 2.3043385087638376e6,
      "max_time_ns": 2.758318e6,
      "p99_time_ns": 2.368852e6,
      "samples": 2168,
      "p95_time_ns": 2.330951e6
    },
    "structured_1d_dgsem/elixir_euler_sedov.jl/p7_analysis": {
      "cv": 0.12424764741490088,
      "p25_time_ns": 7885.0,
      "std_time_ns": 1009.9013782758911,
      "median_time_ns": 7975.0,
      "allocs": 128,
      "gc_time_ns": 0.0,
      "memory_bytes": 8192,
      "iqr_time_ns": 240.0,
      "p75_time_ns": 8125.0,
      "min_time_ns": 7735.0,
      "mean_time_ns": 8128.1328,
      "max_time_ns": 32210.0,
      "p99_time_ns": 11932.0,
      "samples": 10000,
      "p95_time_ns": 8406.0
    },
    "tree_2d_dgsem/elixir_euler_vortex_mortar.jl/p7_analysis": {
      "cv": 0.013678970487162134,
      "p25_time_ns": 6.296131e6,
      "std_time_ns": 86398.79385233547,
      "median_time_ns": 6.3039825e6,
      "allocs": 0,
      "gc_time_ns": 0.0,
      "memory_bytes": 0,
      "iqr_time_ns": 17292.0,
      "p75_time_ns": 6.313423e6,
      "min_time_ns": 6.275947e6,
      "mean_time_ns": 6.316176640151516e6,
      "max_time_ns": 7.986752e6,
      "p99_time_ns": 6.55155e6,
      "samples": 792,
      "p95_time_ns": 6.357404e6
    },
    "tree_2d_dgsem/elixir_euler_vortex_mortar.jl/p3_rhs!": {
      "cv": 0.02626381733591399,
      "p25_time_ns": 359279.0,
      "std_time_ns": 9577.18394318171,
      "median_time_ns": 360451.0,
      "allocs": 0,
      "gc_time_ns": 0.0,
      "memory_bytes": 0,
      "iqr_time_ns": 9248.0,
      "p75_time_ns": 368527.0,
      "min_time_ns": 356655.0,
      "mean_time_ns": 364653.1584,
      "max_time_ns": 608604.0,
      "p99_time_ns": 396759.0,
      "samples": 10000,
      "p95_time_ns": 377694.0
    },
    "tree_2d_dgsem/elixir_advection_amr_nonperiodic.jl/p7_analysis": {
      "cv": 0.013893815909561975,
      "p25_time_ns": 3.953213e6,
      "std_time_ns": 55260.019299770946,
      "median_time_ns": 3.968671e6,
      "allocs": 0,
      "gc_time_ns": 0.0,