{
  "metadata": {
    "run_number": 14,
    "julia_version": "1.11.9",
    "commit_hash": "90b2c7dc6438cbd66b6eff029a42700de93af5d0",
    "git_dirty": true,
    "hostname": "runnervmwffz4",
    "git_branch": "main",
    "timestamp": "2026-02-24T03:16:26.185",
    "group": "trixi",
    "system": {
      "julia_threads": 1,
      "arch": "x86_64",
      "word_size": 64,
      "os": "Linux",
      "cpu_threads": 4
    }
  },
  "benchmarks": {
    "tree_2d_dgsem/elixir_euler_ec.jl/p7_analysis": {
      "cv": 0.007835262265961783,
      "p25_time_ns": 1.0701623e7,
      "std_time_ns": 84019.86297008034,
      "median_time_ns": 1.0709745e7,
      "allocs": 0,
      "gc_time_ns": 0.0,
      "memory_bytes": 0,
      "iqr_time_ns": 22924.0,
      "p75_time_ns": 1.0724547e7,
      "min_time_ns": 1.0683095e7,
      "mean_time_ns": 1.0723299376344087e7,
      "max_time_ns": 1.2270222e7,
      "p99_time_ns": 1.0917148e7,
      "samples": 465,
      "p95_time_ns": 1.0765619e7
    },
    "tree_1d_dgsem/elixir_mhd_ec.jl/p3_analysis": {
      "cv": 0.19984099555743273,
      "p25_time_ns": 2894.0,
      "std_time_ns": 587.7909013620084,
      "median_time_ns": 2904.0,
      "allocs": 0,
      "gc_time_ns": 0.0,
      "memory_bytes": 0,
      "iqr_time_ns": 20.0,
      "p75_time_ns": 2914.0,
      "min_time_ns": 2864.0,
      "mean_time_ns": 2941.2929,
      "max_time_ns": 24467.0,
      "p99_time_ns": 3005.0,
      "samples": 10000,
      "p95_time_ns": 2934.0
    },
    "tree_2d_dgsem/elixir_euler_ec.jl/p3_rhs!": {
      "cv": 0.06233138987554548,
      "p25_time_ns": 1.379023e6,
      "std_time_ns": 87079.85338312313,
      "median_time_ns": 1.383845e6,
      "allocs": 0,
      "gc_time_ns": 0.0,
      "memory_bytes": 0,
      "iqr_time_ns": 11247.0,
      "p75_time_ns": 1.39027e6,
      "min_time_ns": 1.375288e6,
      "mean_time_ns": 1.3970465532212886e6,
      "max_time_ns": 2.719928e6,
      "p99_time_ns": 1.963436e6,
      "samples": 3570,
      "p95_time_ns": 1.413674e6
    },
    "tree_1d_dgsem/elixir_mhd_ec.jl/p3_rhs!": {
      "cv": 0.17896713720854843,
      "p25_time_ns": 5338.0,
      "std_time_ns": 972.9421168708179,
      "median_time_ns": 5358.0,
      "allocs": 0,
      "gc_time_ns": 0.0,
      "memory_bytes": 0,
      "iqr_time_ns": 30.0,
      "p75_time_ns": 5368.0,
      "min_time_ns": 5268.0,
      "mean_time_ns": 5436.4289,
      "max_time_ns": 40992.0,
      "p99_time_ns": 6099.0,
      "samples": 10000,
      "p95_time_ns": 5408.0
    },
    "tree_2d_dgsem/elixir_advection_amr_nonperiodic.jl/p3_analysis": {
      "cv": 0.01290075552930753,
      "p25_time_ns": 904967.0,
      "std_time_ns": 11694.821698170983,
      "median_time_ns": 905668.0,
      "allocs": 0,
      "gc_time_ns": 0.0,
      "memory_bytes": 0,
      "iqr_time_ns": 2103.0,
      "p75_time_ns": 907070.0,
      "min_time_ns": 895944.0,
      "mean_time_ns": 906522.2320974191,
      "max_time_ns": 1.532204e6,
      "p99_time_ns": 928152.0,
      "samples": 5502,
      "p95_time_ns": 913910.0
    },
    "tree_2d_dgsem/elixir_advection_amr_nonperiodic.jl/p7_rhs!": {
      "cv": 0.06813040462540708,
      "p25_time_ns": 341746.0,
      "std_time_ns": 23798.750786152556,
      "median_time_ns": 344220.0,
      "allocs": 0,
      "gc_time_ns": 0.0,
      "memory_bytes": 0,
      "iqr_time_ns": 10456.0,
      "p75_time_ns": 352202.0,
      "min_time_ns": 338422.0,
      "mean_time_ns": 349311.7488,
      "max_time_ns": 854610.0,
      "p99_time_ns": 477592.0,
      "samples": 10000,
      "p95_time_ns": 357390.0
    },
    "tree_2d_dgsem/elixir_euler_ec.jl/p7_rhs!": {
      "cv": 0.06528753983640127,
      "p25_time_ns": 9.046904e6,
      "std_time_ns": 599210.7125784789,
      "median_time_ns": 9.059633e6,
      "allocs": 0,
      "gc_time_ns": 0.0,
      "memory_bytes": 0,
      "iqr_time_ns": 48513.0,
      "p75_time_ns": 9.095417e6,
      "min_time_ns": 9.027825e6,
      "mean_time_ns": 9.178025609174311e6,
      "max_time_ns": 1.7177213e7,
      "p99_time_ns": 1.3218384e7,
      "samples": 545,
      "p95_time_ns": 9.318824e6
    },
    "tree_2d_dgsem/elixir_euler_vortex_mortar.jl/p7_rhs!": {
      "cv": 0.043825465171549914,
      "p25_time_ns": 1.255667e6,
      "std_time_ns": 55488.21511852101,
      "median_time_ns": 1.258841e6,
      "allocs": 0,
      "gc_time_ns": 0.0,
      "memory_bytes": 0,
      "iqr_time_ns": 10194.0,
      "p75_time_ns": 1.265861e6,
      "min_time_ns": 1.250379e6,
      "mean_time_ns": 1.2661181096725056e6,
      "max_time_ns": 2.413245e6,
      "p99_time_ns": 1.342778e6,
      "samples": 3939,
      "p95_time_ns": 1.280044e6
    },
    "tree_1d_dgsem/elixir_mhd_ec.jl/p7_rhs!": {
      "cv": 0.09096325331294398,
      "p25_time_ns": 14171.0,
      "std_time_ns": 1305.963748568469,
      "median_time_ns": 14191.0,
      "allocs": 0,
      "gc_time_ns": 0.0,
      "memory_bytes": 0,
      "iqr_time_ns": 40.0,
      "p75_time_ns": 14211.0,
      "min_time_ns": 14111.0,
      "mean_time_ns": 14357.0475,
      "max_time_ns": 44227.0,
      "p99_time_ns": 22474.0,
      "samples": 10000,
      "p95_time_ns": 14261.0
    },
    "structured_1d_dgsem/elixir_euler_sedov.jl/p3_rhs!": {
      "cv": 0.1027030572468327,
      "p25_time_ns": 11046.0,
      "std_time_ns": 1156.3111679507178,
      "median_time_ns": 11107.0,
      "allocs": 0,
      "gc_time_ns": 0.0,
      "memory_bytes": 0,
      "iqr_time_ns": 140.0,
      "p75_time_ns": 11186.0,
      "min_time_ns": 10887.0,
      "mean_time_ns": 11258.7804,
      "max_time_ns": 33671.0,
      "p99_time_ns": 19240.0,
      "samples": 10000,
      "p95_time_ns": 11327.0
    },
    "tree_2d_dgsem/elixir_euler_ec.jl/p3_analysis": {
      "cv": 0.007361273539710956,
      "p25_time_ns": 2.276237e6,
      "std_time_ns": 16808.229878918886,
      "median_time_ns": 2.279323e6,
      "allocs": 0,
      "gc_time_ns": 0.0,
      "memory_bytes": 0,
      "iqr_time_ns": 9435.0,
      "p75_time_ns": 2.285672e6,
      "min_time_ns": 2.271852e6,
      "mean_time_ns": 2.283331788751715e6,
      "max_time_ns": 2.767049e6,
      "p99_time_ns": 2.330159e6,
      "samples": 2187,
      "p95_time_ns": 2.30365e6
    },
    "structured_1d_dgsem/elixir_euler_sedov.jl/p7_analysis": {
      "cv": 0.3222742674865202,
      "p25_time_ns": 8432.0,
      "std_time_ns": 2853.4599680340407,
      "median_time_ns": 8553.0,
      "allocs": 128,
      "gc_time_ns": 0.0,
      "memory_bytes": 8192,
      "iqr_time_ns": 322.0,
      "p75_time_ns": 8754.0,
      "min_time_ns": 8283.0,
      "mean_time_ns": 8854.1353,
      "max_time_ns": 149906.0,
      "p99_time_ns": 18348.0,
      "samples": 10000,
      "p95_time_ns": 9154.0
    },
    "tree_2d_dgsem/elixir_euler_vortex_mortar.jl/p7_analysis": {
      "cv": 0.02925254722227599,
      "p25_time_ns": 5.986221e6,
      "std_time_ns": 175958.63856512372,
      "median_time_ns": 5.990868e6,
      "allocs": 0,
      "gc_time_ns": 0.0,
      "memory_bytes": 0,
      "iqr_time_ns": 13061.0,
      "p75_time_ns": 5.999282e6,
      "min_time_ns": 5.966262e6,
      "mean_time_ns": 6.015156123947051e6,
      "max_time_ns": 8.29592e6,
      "p99_time_ns": 6.532157e6,
      "samples": 831,
      "p95_time_ns": 6.045031e6
    },
    "tree_2d_dgsem/elixir_euler_vortex_mortar.jl/p3_rhs!": {
      "cv": 0.048498194708942295,
      "p25_time_ns": 374276.0,
      "std_time_ns": 18468.512567974823,
      "median_time_ns": 375617.0,
      "allocs": 0,
      "gc_time_ns": 0.0,
      "memory_bytes": 0,
      "iqr_time_ns": 10966.0,
      "p75_time_ns": 385242.0,
      "min_time_ns": 371901.0,
      "mean_time_ns": 380808.2482,
      "max_time_ns": 896684.0,
      "p99_time_ns": 425723.0,
      "samples": 10000,
      "p95_time_ns": 389529.0
    },
    "tree_2d_dgsem/elixir_advection_amr_nonperiodic.jl/p7_analysis": {
      "cv": 0.00743016629161915,
      "p25_time_ns": 4.212572e6,
      "std_time_ns": 31360.026194257236,
      "median_time_ns": 4.2158275e6,
      "allocs": 0,
      "gc_time_ns": 0.0,