{
  "metadata": {
    "run_number": 65,
    "julia_version": "1.11.9",
    "commit_hash": "ba88026fe5ce4f22306293cee6cb01ac062a6761",
    "git_dirty": true,
    "hostname": "runnervm46oaq",
    "git_branch": "main",
    "timestamp": "2026-03-18T16:27:34.822",
    "group": "trixi",
    "system": {
      "julia_threads": 1,
      "arch": "x86_64",
      "word_size": 64,
      "os": "Linux",
      "cpu_threads": 4
    }
  },
  "benchmarks": {
    "tree_2d_dgsem/elixir_euler_ec.jl/p7_analysis": {
      "cv": 0.01817501009191056,
      "p25_time_ns": 1.1991509e7,
      "std_time_ns": 220383.7307264051,
      "median_time_ns": 1.2111292e7,
      "allocs": 0,
      "gc_time_ns": 0.0,
      "memory_bytes": 0,
      "iqr_time_ns": 249270.0,
      "p75_time_ns": 1.2240779e7,
      "min_time_ns": 1.1305103e7,
      "mean_time_ns": 1.2125645576642336e7,
      "max_time_ns": 1.2836361e7,
      "p99_time_ns": 1.2689505e7,
      "samples": 411,
      "p95_time_ns": 1.2567124e7
    },
    "tree_1d_dgsem/elixir_mhd_ec.jl/p3_analysis": {
      "cv": 0.15294992938723975,
      "p25_time_ns": 3027.0,
      "std_time_ns": 469.64838966630305,
      "median_time_ns": 3035.0,
      "allocs": 0,
      "gc_time_ns": 0.0,
      "memory_bytes": 0,
      "iqr_time_ns": 24.0,
      "p75_time_ns": 3051.0,
      "min_time_ns": 3003.0,
      "mean_time_ns": 3070.6022,
      "max_time_ns": 26656.0,
      "p99_time_ns": 3141.0,
      "samples": 10000,
      "p95_time_ns": 3092.0
    },
    "tree_2d_dgsem/elixir_euler_ec.jl/p3_rhs!": {
      "cv": 0.01472938607745538,
      "p25_time_ns": 1.156062e6,
      "std_time_ns": 17099.72999676441,
      "median_time_ns": 1.157399e6,
      "allocs": 0,
      "gc_time_ns": 0.0,
      "memory_bytes": 0,
      "iqr_time_ns": 4668.0,
      "p75_time_ns": 1.16073e6,
      "min_time_ns": 1.152317e6,
      "mean_time_ns": 1.1609261857109612e6,
      "max_time_ns": 1.894017e6,
      "p99_time_ns": 1.213373e6,
      "samples": 4297,
      "p95_time_ns": 1.178613e6
    },
    "tree_1d_dgsem/elixir_mhd_ec.jl/p3_rhs!": {
      "cv": 0.13040273570049335,
      "p25_time_ns": 4572.0,
      "std_time_ns": 605.0389227057287,
      "median_time_ns": 4590.0,
      "allocs": 0,
      "gc_time_ns": 0.0,
      "memory_bytes": 0,
      "iqr_time_ns": 40.0,
      "p75_time_ns": 4612.0,
      "min_time_ns": 4510.0,
      "mean_time_ns": 4639.7717,
      "max_time_ns": 28235.0,
      "p99_time_ns": 4734.0,
      "samples": 10000,
      "p95_time_ns": 4663.0
    },
    "tree_2d_dgsem/elixir_advection_amr_nonperiodic.jl/p3_analysis": {
      "cv": 0.06885468323128387,
      "p25_time_ns": 554438.0,
      "std_time_ns": 38893.579313455775,
      "median_time_ns": 557177.0,
      "allocs": 0,
      "gc_time_ns": 0.0,
      "memory_bytes": 0,
      "iqr_time_ns": 5139.0,
      "p75_time_ns": 559577.0,
      "min_time_ns": 539438.0,
      "mean_time_ns": 564864.6902173914,
      "max_time_ns": 1.271368e6,
      "p99_time_ns": 689432.0,
      "samples": 8832,
      "p95_time_ns": 619846.0
    },
    "tree_2d_dgsem/elixir_advection_amr_nonperiodic.jl/p7_rhs!": {
      "cv": 0.03333289840894305,
      "p25_time_ns": 374031.0,
      "std_time_ns": 12783.620507239671,
      "median_time_ns": 385477.5,
      "allocs": 0,
      "gc_time_ns": 0.0,
      "memory_bytes": 0,
      "iqr_time_ns": 17510.0,
      "p75_time_ns": 391541.0,
      "min_time_ns": 322875.0,
      "mean_time_ns": 383513.6192,
      "max_time_ns": 591568.0,
      "p99_time_ns": 410733.0,
      "samples": 10000,
      "p95_time_ns": 400998.0
    },
    "tree_2d_dgsem/elixir_euler_ec.jl/p7_rhs!": {
      "cv": 0.012657751342474998,
      "p25_time_ns": 7.772877e6,
      "std_time_ns": 99244.09709775083,
      "median_time_ns": 7.831896e6,
      "allocs": 0,
      "gc_time_ns": 0.0,
      "memory_bytes": 0,
      "iqr_time_ns": 125320.0,
      "p75_time_ns": 7.898197e6,
      "min_time_ns": 7.63469e6,
      "mean_time_ns": 7.840578821036107e6,
      "max_time_ns": 8.360418e6,
      "p99_time_ns": 8.139561e6,
      "samples": 637,
      "p95_time_ns": 8.019732e6
    },
    "tree_2d_dgsem/elixir_euler_vortex_mortar.jl/p7_rhs!": {
      "cv": 0.02277377029375055,
      "p25_time_ns": 1.195411e6,
      "std_time_ns": 27360.01197300002,
      "median_time_ns": 1.199864e6,
      "allocs": 0,
      "gc_time_ns": 0.0,
      "memory_bytes": 0,
      "iqr_time_ns": 9015.0,
      "p75_time_ns": 1.204426e6,
      "min_time_ns": 1.152948e6,
      "mean_time_ns": 1.201382626596001e6,
      "max_time_ns": 1.895676e6,
      "p99_time_ns": 1.27002e6,
      "samples": 4151,
      "p95_time_ns": 1.222615e6
    },
    "tree_1d_dgsem/elixir_mhd_ec.jl/p7_rhs!": {
      "cv": 0.1881946731934583,
      "p25_time_ns": 11964.0,
      "std_time_ns": 2352.48304185355,
      "median_time_ns": 12052.0,
      "allocs": 0,
      "gc_time_ns": 0.0,
      "memory_bytes": 0,
      "iqr_time_ns": 352.0,
      "p75_time_ns": 12316.0,
      "min_time_ns": 11878.0,
      "mean_time_ns": 12500.2637,
      "max_time_ns": 45769.0,
      "p99_time_ns": 30946.0,
      "samples": 10000,
      "p95_time_ns": 12467.0
    },
    "structured_1d_dgsem/elixir_euler_sedov.jl/p3_rhs!": {
      "cv": 0.07756740231522767,
      "p25_time_ns": 10499.0,
      "std_time_ns": 825.0945577028582,
      "median_time_ns": 10549.0,
      "allocs": 0,
      "gc_time_ns": 0.0,
      "memory_bytes": 0,
      "iqr_time_ns": 104.0,
      "p75_time_ns": 10603.0,
      "min_time_ns": 10308.0,
      "mean_time_ns": 10637.1302,
      "max_time_ns": 35758.0,
      "p99_time_ns": 15375.0,
      "samples": 10000,
      "p95_time_ns": 10685.0
    },
    "tree_2d_dgsem/elixir_euler_ec.jl/p3_analysis": {
      "cv": 0.022244878515302487,
      "p25_time_ns": 2.508234e6,
      "std_time_ns": 56568.01044723841,
      "median_time_ns": 2.542856e6,
      "allocs": 0,
      "gc_time_ns": 0.0,
      "memory_bytes": 0,
      "iqr_time_ns": 60274.0,
      "p75_time_ns": 2.568508e6,
      "min_time_ns": 2.305703e6,
      "mean_time_ns": 2.542967830025445e6,
      "max_time_ns": 2.741549e6,
      "p99_time_ns": 2.656225e6,
      "samples": 1965,
      "p95_time_ns": 2.638602e6
    },
    "structured_1d_dgsem/elixir_euler_sedov.jl/p7_analysis": {
      "cv": 0.1313649180688655,
      "p25_time_ns": 7349.0,
      "std_time_ns": 1008.5476165007951,
      "median_time_ns": 7484.0,
      "allocs": 128,
      "gc_time_ns": 0.0,
      "memory_bytes": 8192,
      "iqr_time_ns": 347.0,
      "p75_time_ns": 7696.0,
      "min_time_ns": 7287.0,
      "mean_time_ns": 7677.4502,
      "max_time_ns": 49963.0,
      "p99_time_ns": 10188.0,
      "samples": 10000,
      "p95_time_ns": 8613.0
    },
    "tree_2d_dgsem/elixir_euler_vortex_mortar.jl/p7_analysis": {
      "cv": 0.01973009623231629,
      "p25_time_ns": 6.430167e6,
      "std_time_ns": 128371.82773471397,
      "median_time_ns": 6.5133855e6,
      "allocs": 0,
      "gc_time_ns": 0.0,
      "memory_bytes": 0,
      "iqr_time_ns": 130221.0,
      "p75_time_ns": 6.560388e6,
      "min_time_ns": 5.892674e6,
      "mean_time_ns": 6.506396432291667e6,
      "max_time_ns": 7.285794e6,
      "p99_time_ns": 6.814371e6,
      "samples": 768,
      "p95_time_ns": 6.744248e6
    },
    "tree_2d_dgsem/elixir_euler_vortex_mortar.jl/p3_rhs!": {
      "cv": 0.02083235234385523,
      "p25_time_ns": 366687.0,
      "std_time_ns": 7723.435236906837,
      "median_time_ns": 367472.0,
      "allocs": 0,
      "gc_time_ns": 0.0,
      "memory_bytes": 0,
      "iqr_time_ns": 7912.0,
      "p75_time_ns": 374599.0,
      "min_time_ns": 362723.0,
      "mean_time_ns": 370742.3487,
      "max_time_ns": 547619.0,
      "p99_time_ns": 397624.0,
      "samples": 10000,
      "p95_time_ns": 377907.0
    },
    "tree_2d_dgsem/elixir_advection_amr_nonperiodic.jl/p7_analysis": {
      "cv": 0.024562886766561414,
      "p25_time_ns": 2.932118e6,
      "std_time_ns": 73235.33481348284,
      "median_time_ns": 2.985285e6,
      "allocs": 0,
      "gc_time_ns": 0.0,
      "memory_bytes": 0,