{
  "metadata": {
    "run_number": 64,
    "julia_version": "1.11.9",
    "commit_hash": "0b8dd93cc66465870759104d1b30c99a4accad75",
    "git_dirty": true,
    "hostname": "runnervm46oaq",
    "git_branch": "main",
    "timestamp": "2026-03-18T03:15:25.826",
    "group": "trixi",
    "system": {
      "julia_threads": 1,
      "arch": "x86_64",
      "word_size": 64,
      "os": "Linux",
      "cpu_threads": 4
    }
  },
  "benchmarks": {
    "tree_2d_dgsem/elixir_euler_ec.jl/p7_analysis": {
      "cv": 0.0033145368214096845,
      "p25_time_ns": 1.0924906e7,
      "std_time_ns": 36272.513952916765,
      "median_time_ns": 1.0930431e7,
      "allocs": 0,
      "gc_time_ns": 0.0,
      "memory_bytes": 0,
      "iqr_time_ns": 21719.0,
      "p75_time_ns": 1.0946625e7,
      "min_time_ns": 1.0909456e7,
      "mean_time_ns": 1.0943463870614035e7,
      "max_time_ns": 1.1249871e7,
      "p99_time_ns": 1.1079573e7,
      "samples": 456,
      "p95_time_ns": 1.1003231e7
    },
    "tree_1d_dgsem/elixir_mhd_ec.jl/p3_analysis": {
      "cv": 0.15941197744910277,
      "p25_time_ns": 3296.0,
      "std_time_ns": 532.5790928709615,
      "median_time_ns": 3306.0,
      "allocs": 0,
      "gc_time_ns": 0.0,
      "memory_bytes": 0,
      "iqr_time_ns": 11.0,
      "p75_time_ns": 3307.0,
      "min_time_ns": 3266.0,
      "mean_time_ns": 3340.8976,
      "max_time_ns": 23484.0,
      "p99_time_ns": 3998.0,
      "samples": 10000,
      "p95_time_ns": 3356.0
    },
    "tree_2d_dgsem/elixir_euler_ec.jl/p3_rhs!": {
      "cv": 0.02757316732294104,
      "p25_time_ns": 1.386301e6,
      "std_time_ns": 38478.509592362614,
      "median_time_ns": 1.392182e6,
      "allocs": 0,
      "gc_time_ns": 0.0,
      "memory_bytes": 0,
      "iqr_time_ns": 9979.0,
      "p75_time_ns": 1.39628e6,
      "min_time_ns": 1.382524e6,
      "mean_time_ns": 1.3955056066536203e6,
      "max_time_ns": 2.222237e6,
      "p99_time_ns": 1.450972e6,
      "samples": 3577,
      "p95_time_ns": 1.412661e6
    },
    "tree_1d_dgsem/elixir_mhd_ec.jl/p3_rhs!": {
      "cv": 0.14958189523451454,
      "p25_time_ns": 5340.0,
      "std_time_ns": 810.7316882753983,
      "median_time_ns": 5350.0,
      "allocs": 0,
      "gc_time_ns": 0.0,
      "memory_bytes": 0,
      "iqr_time_ns": 30.0,
      "p75_time_ns": 5370.0,
      "min_time_ns": 5299.0,
      "mean_time_ns": 5419.9854,
      "max_time_ns": 49091.0,
      "p99_time_ns": 6151.0,
      "samples": 10000,
      "p95_time_ns": 5420.0
    },
    "tree_2d_dgsem/elixir_advection_amr_nonperiodic.jl/p3_analysis": {
      "cv": 0.010722623860404682,
      "p25_time_ns": 839092.0,
      "std_time_ns": 9009.688404689341,
      "median_time_ns": 840064.0,
      "allocs": 0,
      "gc_time_ns": 0.0,
      "memory_bytes": 0,
      "iqr_time_ns": 1984.0,
      "p75_time_ns": 841076.0,
      "min_time_ns": 829324.0,
      "mean_time_ns": 840250.3456228956,
      "max_time_ns": 1.126208e6,
      "p99_time_ns": 872775.0,
      "samples": 5940,
      "p95_time_ns": 844432.0
    },
    "tree_2d_dgsem/elixir_advection_amr_nonperiodic.jl/p7_rhs!": {
      "cv": 0.022900303143947826,
      "p25_time_ns": 320337.0,
      "std_time_ns": 7446.867271110834,
      "median_time_ns": 322180.0,
      "allocs": 0,
      "gc_time_ns": 0.0,
      "memory_bytes": 0,
      "iqr_time_ns": 9658.0,
      "p75_time_ns": 329995.0,
      "min_time_ns": 318453.0,
      "mean_time_ns": 325186.4058,
      "max_time_ns": 494090.0,
      "p99_time_ns": 347717.0,
      "samples": 10000,
      "p95_time_ns": 333802.0
    },
    "tree_2d_dgsem/elixir_euler_ec.jl/p7_rhs!": {
      "cv": 0.02558952024290377,
      "p25_time_ns": 9.429435e6,
      "std_time_ns": 244252.64703390934,
      "median_time_ns": 9.443035e6,
      "allocs": 0,
      "gc_time_ns": 0.0,
      "memory_bytes": 0,
      "iqr_time_ns": 98613.0,
      "p75_time_ns": 9.528048e6,
      "min_time_ns": 9.414167e6,
      "mean_time_ns": 9.545026429389313e6,
      "max_time_ns": 1.2448506e7,
      "p99_time_ns": 1.0455355e7,
      "samples": 524,
      "p95_time_ns": 9.954132e6
    },
    "tree_2d_dgsem/elixir_euler_vortex_mortar.jl/p7_rhs!": {
      "cv": 0.012700941261202475,
      "p25_time_ns": 1.121959e6,
      "std_time_ns": 14345.297634236658,
      "median_time_ns": 1.1249495e6,
      "allocs": 0,
      "gc_time_ns": 0.0,
      "memory_bytes": 0,
      "iqr_time_ns": 10059.0,
      "p75_time_ns": 1.132018e6,
      "min_time_ns": 1.110187e6,
      "mean_time_ns": 1.1294672842915347e6,
      "max_time_ns": 1.339484e6,
      "p99_time_ns": 1.184906e6,
      "samples": 4418,
      "p95_time_ns": 1.153929e6
    },
    "tree_1d_dgsem/elixir_mhd_ec.jl/p7_rhs!": {
      "cv": 0.07403814719057471,
      "p25_time_ns": 14257.0,
      "std_time_ns": 1068.2170198999406,
      "median_time_ns": 14277.0,
      "allocs": 0,
      "gc_time_ns": 0.0,
      "memory_bytes": 0,
      "iqr_time_ns": 50.0,
      "p75_time_ns": 14307.0,
      "min_time_ns": 14126.0,
      "mean_time_ns": 14427.9275,
      "max_time_ns": 35356.0,
      "p99_time_ns": 22071.0,
      "samples": 10000,
      "p95_time_ns": 14367.0
    },
    "structured_1d_dgsem/elixir_euler_sedov.jl/p3_rhs!": {
      "cv": 0.07841036416455255,
      "p25_time_ns": 12513.0,
      "std_time_ns": 993.902058086136,
      "median_time_ns": 12563.0,
      "allocs": 0,
      "gc_time_ns": 0.0,
      "memory_bytes": 0,
      "iqr_time_ns": 91.0,
      "p75_time_ns": 12604.0,
      "min_time_ns": 12383.0,
      "mean_time_ns": 12675.6465,
      "max_time_ns": 42309.0,
      "p99_time_ns": 20177.0,
      "samples": 10000,
      "p95_time_ns": 12674.0
    },
    "tree_2d_dgsem/elixir_euler_ec.jl/p3_analysis": {
      "cv": 0.011820226493292778,
      "p25_time_ns": 2.351909e6,
      "std_time_ns": 27891.109476691225,
      "median_time_ns": 2.357069e6,
      "allocs": 0,
      "gc_time_ns": 0.0,
      "memory_bytes": 0,
      "iqr_time_ns": 10118.0,
      "p75_time_ns": 2.362027e6,
      "min_time_ns": 2.345175e6,
      "mean_time_ns": 2.359608717524799e6,
      "max_time_ns": 3.30854e6,
      "p99_time_ns": 2.396913e6,
      "samples": 2117,
      "p95_time_ns": 2.37415e6
    },
    "structured_1d_dgsem/elixir_euler_sedov.jl/p7_analysis": {
      "cv": 0.12245999090018177,
      "p25_time_ns": 7954.0,
      "std_time_ns": 1007.4827169574705,
      "median_time_ns": 8065.0,
      "allocs": 128,
      "gc_time_ns": 0.0,
      "memory_bytes": 8192,
      "iqr_time_ns": 331.0,
      "p75_time_ns": 8285.0,
      "min_time_ns": 7794.0,
      "mean_time_ns": 8227.0357,
      "max_time_ns": 35717.0,
      "p99_time_ns": 10700.0,
      "samples": 10000,
      "p95_time_ns": 8625.0
    },
    "tree_2d_dgsem/elixir_euler_vortex_mortar.jl/p7_analysis": {
      "cv": 0.018952741178941263,
      "p25_time_ns": 6.329955e6,
      "std_time_ns": 120440.32594453925,
      "median_time_ns": 6.33812e6,
      "allocs": 0,
      "gc_time_ns": 0.0,
      "memory_bytes": 0,
      "iqr_time_ns": 19877.0,
      "p75_time_ns": 6.349832e6,
      "min_time_ns": 6.311822e6,
      "mean_time_ns": 6.354770785260483e6,
      "max_time_ns": 8.541011e6,
      "p99_time_ns": 6.600188e6,
      "samples": 787,
      "p95_time_ns": 6.395688e6
    },
    "tree_2d_dgsem/elixir_euler_vortex_mortar.jl/p3_rhs!": {
      "cv": 0.021716191432174462,
      "p25_time_ns": 357475.0,
      "std_time_ns": 7866.099722360341,
      "median_time_ns": 358617.0,
      "allocs": 0,
      "gc_time_ns": 0.0,
      "memory_bytes": 0,
      "iqr_time_ns": 9248.0,
      "p75_time_ns": 366723.0,
      "min_time_ns": 355191.0,
      "mean_time_ns": 362222.8026,
      "max_time_ns": 586202.0,
      "p99_time_ns": 385778.0,
      "samples": 10000,
      "p95_time_ns": 370690.0
    },
    "tree_2d_dgsem/elixir_advection_amr_nonperiodic.jl/p7_analysis": {
      "cv": 0.004027963959559604,
      "p25_time_ns": 3.96934e6,
      "std_time_ns": 16014.640453819342,
      "median_time_ns": 3.971645e6,
      "allocs": 0,
      "gc_time_ns": 0.0,