{
  "metadata": {
    "run_number": 50,
    "julia_version": "1.11.8",
    "commit_hash": "cf2c78b6d01d4cbbf84894c999d4527e48827c9f",
    "git_dirty": true,
    "hostname": "runnervmkj6or",
    "git_branch": "main",
    "timestamp": "2026-01-31T03:01:10.355",
    "group": "trixi",
    "system": {
      "julia_threads": 1,
      "arch": "x86_64",
      "word_size": 64,
      "os": "Linux",
      "cpu_threads": 4
    }
  },
  "benchmarks": {
    "tree_2d_dgsem/elixir_euler_ec.jl/p7_analysis": {
      "cv": 0.003734266218713953,
      "p25_time_ns": 1.0971566e7,
      "std_time_ns": 41077.11083380605,
      "median_time_ns": 1.0995406e7,
      "allocs": 0,
      "gc_time_ns": 0.0,
      "memory_bytes": 0,
      "iqr_time_ns": 46969.0,
      "p75_time_ns": 1.1018535e7,
      "min_time_ns": 1.0916215e7,
      "mean_time_ns": 1.1000048852422908e7,
      "max_time_ns": 1.1240679e7,
      "p99_time_ns": 1.1120515e7,
      "samples": 454,
      "p95_time_ns": 1.1077353e7
    },
    "tree_1d_dgsem/elixir_mhd_ec.jl/p3_analysis": {
      "cv": 0.17492443191816656,
      "p25_time_ns": 3186.0,
      "std_time_ns": 565.0574828182075,
      "median_time_ns": 3196.0,
      "allocs": 0,
      "gc_time_ns": 0.0,
      "memory_bytes": 0,
      "iqr_time_ns": 20.0,
      "p75_time_ns": 3206.0,
      "min_time_ns": 3146.0,
      "mean_time_ns": 3230.2948,
      "max_time_ns": 24706.0,
      "p99_time_ns": 3286.0,
      "samples": 10000,
      "p95_time_ns": 3246.0
    },
    "tree_2d_dgsem/elixir_euler_ec.jl/p3_rhs!": {
      "cv": 0.01321900150508286,
      "p25_time_ns": 1.394733e6,
      "std_time_ns": 18549.296100113108,
      "median_time_ns": 1.400564e6,
      "allocs": 0,
      "gc_time_ns": 0.0,
      "memory_bytes": 0,
      "iqr_time_ns": 11802.0,
      "p75_time_ns": 1.406535e6,
      "min_time_ns": 1.386698e6,
      "mean_time_ns": 1.4032297441664324e6,
      "max_time_ns": 1.888635e6,
      "p99_time_ns": 1.449706e6,
      "samples": 3557,
      "p95_time_ns": 1.422775e6
    },
    "tree_1d_dgsem/elixir_mhd_ec.jl/p3_rhs!": {
      "cv": 0.11973185056936773,
      "p25_time_ns": 5350.0,
      "std_time_ns": 647.9304060042656,
      "median_time_ns": 5360.0,
      "allocs": 0,
      "gc_time_ns": 0.0,
      "memory_bytes": 0,
      "iqr_time_ns": 20.0,
      "p75_time_ns": 5370.0,
      "min_time_ns": 5309.0,
      "mean_time_ns": 5411.5125,
      "max_time_ns": 22262.0,
      "p99_time_ns": 5530.0,
      "samples": 10000,
      "p95_time_ns": 5420.0
    },
    "tree_2d_dgsem/elixir_advection_amr_nonperiodic.jl/p3_analysis": {
      "cv": 0.016689243652461085,
      "p25_time_ns": 838735.0,
      "std_time_ns": 14067.131327590296,
      "median_time_ns": 839817.0,
      "allocs": 0,
      "gc_time_ns": 0.0,
      "memory_bytes": 0,
      "iqr_time_ns": 4509.0,
      "p75_time_ns": 843244.0,
      "min_time_ns": 829608.0,
      "mean_time_ns": 842886.090018578,
      "max_time_ns": 1.143885e6,
      "p99_time_ns": 877979.0,
      "samples": 5921,
      "p95_time_ns": 859985.0
    },
    "tree_2d_dgsem/elixir_advection_amr_nonperiodic.jl/p7_rhs!": {
      "cv": 0.02222663251357054,
      "p25_time_ns": 318955.0,
      "std_time_ns": 7193.785657789394,
      "median_time_ns": 320708.5,
      "allocs": 0,
      "gc_time_ns": 0.0,
      "memory_bytes": 0,
      "iqr_time_ns": 9488.0,
      "p75_time_ns": 328443.0,
      "min_time_ns": 316461.0,
      "mean_time_ns": 323656.1208,
      "max_time_ns": 513659.0,
      "p99_time_ns": 345705.0,
      "samples": 10000,
      "p95_time_ns": 333002.0
    },
    "tree_2d_dgsem/elixir_euler_ec.jl/p7_rhs!": {
      "cv": 0.0100858594662361,
      "p25_time_ns": 9.472558e6,
      "std_time_ns": 95991.5108900564,
      "median_time_ns": 9.499157e6,
      "allocs": 0,
      "gc_time_ns": 0.0,
      "memory_bytes": 0,
      "iqr_time_ns": 64660.0,
      "p75_time_ns": 9.537218e6,
      "min_time_ns": 9.438524e6,
      "mean_time_ns": 9.51743490095238e6,
      "max_time_ns": 1.0970634e7,
      "p99_time_ns": 9.761226e6,
      "samples": 525,
      "p95_time_ns": 9.617438e6
    },
    "tree_2d_dgsem/elixir_euler_vortex_mortar.jl/p7_rhs!": {
      "cv": 0.015450630535460454,
      "p25_time_ns": 1.128026e6,
      "std_time_ns": 17562.020328427654,
      "median_time_ns": 1.1334205e6,
      "allocs": 0,
      "gc_time_ns": 0.0,
      "memory_bytes": 0,
      "iqr_time_ns": 12493.0,
      "p75_time_ns": 1.140519e6,
      "min_time_ns": 1.11464e6,
      "mean_time_ns": 1.1366539564920273e6,
      "max_time_ns": 1.742172e6,
      "p99_time_ns": 1.187957e6,
      "samples": 4390,
      "p95_time_ns": 1.159634e6
    },
    "tree_1d_dgsem/elixir_mhd_ec.jl/p7_rhs!": {
      "cv": 0.0745582555455321,
      "p25_time_ns": 14477.0,
      "std_time_ns": 1092.2565832615192,
      "median_time_ns": 14497.0,
      "allocs": 0,
      "gc_time_ns": 0.0,
      "memory_bytes": 0,
      "iqr_time_ns": 50.0,
      "p75_time_ns": 14527.0,
      "min_time_ns": 14397.0,
      "mean_time_ns": 14649.7068,
      "max_time_ns": 36107.0,
      "p99_time_ns": 21821.0,
      "samples": 10000,
      "p95_time_ns": 14587.0
    },
    "structured_1d_dgsem/elixir_euler_sedov.jl/p3_rhs!": {
      "cv": 0.0887963067333066,
      "p25_time_ns": 11863.0,
      "std_time_ns": 1067.7679431060021,
      "median_time_ns": 11902.0,
      "allocs": 0,
      "gc_time_ns": 0.0,
      "memory_bytes": 0,
      "iqr_time_ns": 79.0,
      "p75_time_ns": 11942.0,
      "min_time_ns": 11772.0,
      "mean_time_ns": 12024.9139,
      "max_time_ns": 43742.0,
      "p99_time_ns": 19256.0,
      "samples": 10000,
      "p95_time_ns": 12022.0
    },
    "tree_2d_dgsem/elixir_euler_ec.jl/p3_analysis": {
      "cv": 0.007028065703213947,
      "p25_time_ns": 2.300152e6,
      "std_time_ns": 16218.332047874068,
      "median_time_ns": 2.303889e6,
      "allocs": 0,
      "gc_time_ns": 0.0,
      "memory_bytes": 0,
      "iqr_time_ns": 9548.0,
      "p75_time_ns": 2.3097e6,
      "min_time_ns": 2.29369e6,
      "mean_time_ns": 2.3076523090069285e6,
      "max_time_ns": 2.606584e6,
      "p99_time_ns": 2.364933e6,
      "samples": 2165,
      "p95_time_ns": 2.328144e6
    },
    "structured_1d_dgsem/elixir_euler_sedov.jl/p7_analysis": {
      "cv": 0.12320415340165772,
      "p25_time_ns": 8236.0,
      "std_time_ns": 1055.93287648265,
      "median_time_ns": 8435.0,
      "allocs": 128,
      "gc_time_ns": 0.0,
      "memory_bytes": 8192,
      "iqr_time_ns": 400.0,
      "p75_time_ns": 8636.0,
      "min_time_ns": 8095.0,
      "mean_time_ns": 8570.5948,
      "max_time_ns": 37770.0,
      "p99_time_ns": 11462.0,
      "samples": 10000,
      "p95_time_ns": 9017.0
    },
    "tree_2d_dgsem/elixir_euler_vortex_mortar.jl/p7_analysis": {
      "cv": 0.050401280468061554,
      "p25_time_ns": 6.362284e6,
      "std_time_ns": 323642.02694945334,
      "median_time_ns": 6.375638e6,
      "allocs": 0,
      "gc_time_ns": 0.0,
      "memory_bytes": 0,
      "iqr_time_ns": 32840.0,
      "p75_time_ns": 6.395124e6,
      "min_time_ns": 6.328309e6,
      "mean_time_ns": 6.421305648267009e6,
      "max_time_ns": 1.082985e7,
      "p99_time_ns": 8.834918e6,
      "samples": 779,
      "p95_time_ns": 6.454662e6
    },
    "tree_2d_dgsem/elixir_euler_vortex_mortar.jl/p3_rhs!": {
      "cv": 0.036344401849552024,
      "p25_time_ns": 352147.0,
      "std_time_ns": 12998.243271768104,
      "median_time_ns": 353539.0,
      "allocs": 0,
      "gc_time_ns": 0.0,
      "memory_bytes": 0,
      "iqr_time_ns": 9237.0,
      "p75_time_ns": 361384.0,
      "min_time_ns": 348711.0,
      "mean_time_ns": 357640.8638,
      "max_time_ns": 920728.0,
      "p99_time_ns": 389978.0,
      "samples": 10000,
      "p95_time_ns": 369590.0
    },
    "tree_2d_dgsem/elixir_advection_amr_nonperiodic.jl/p7_analysis": {
      "cv": 0.011225551039167704,
      "p25_time_ns": 3.958497e6,
      "std_time_ns": 44573.32294650561,
      "median_time_ns": 3.96295e6,
      "allocs": 0,
      "gc_time_ns": 0.0,
      "memory_bytes": 0,