{
  "metadata": {
    "run_number": 62,
    "julia_version": "1.11.9",
    "commit_hash": "f1041190009fc20227a5b3648181993ad8122499",
    "git_dirty": false,
    "hostname": "runnervm0kj6c",
    "git_branch": "main",
    "timestamp": "2026-03-10T23:27:08.894",
    "group": "enzyme",
    "system": {
      "julia_threads": 1,
      "arch": "x86_64",
      "word_size": 64,
      "os": "Linux",
      "cpu_threads": 4
    }
  },
  "benchmarks": {
    "basics/make_zero/array": {
      "cv": 1.8363660924797278,
      "p25_time_ns": 60.0,
      "std_time_ns": 148.48507314233507,
      "median_time_ns": 60.0,
      "allocs": 2,
      "gc_time_ns": 0.0,
      "memory_bytes": 928,
      "iqr_time_ns": 1.0,
      "p75_time_ns": 61.0,
      "min_time_ns": 49.0,
      "mean_time_ns": 80.8581,
      "max_time_ns": 9828.0,
      "p99_time_ns": 351.0,
      "samples": 10000,
      "p95_time_ns": 210.0
    },
    "basics/make_zero/namedtuple": {
      "cv": 3.742195218750703,
      "p25_time_ns": 30.0,
      "std_time_ns": 114.18560270974021,
      "median_time_ns": 30.0,
      "allocs": 0,
      "gc_time_ns": 0.0,
      "memory_bytes": 0,
      "iqr_time_ns": 0.0,
      "p75_time_ns": 30.0,
      "min_time_ns": 20.0,
      "mean_time_ns": 30.513,
      "max_time_ns": 11441.0,
      "p99_time_ns": 31.0,
      "samples": 10000,
      "p95_time_ns": 31.0
    },
    "autodiff/reverse/complex": {
      "cv": 0.1604993623585068,
      "p25_time_ns": 28232.0,
      "std_time_ns": 4854.8162186449445,
      "median_time_ns": 28743.5,
      "allocs": 3,
      "gc_time_ns": 0.0,
      "memory_bytes": 8072,
      "iqr_time_ns": 3267.0,
      "p75_time_ns": 31499.0,
      "min_time_ns": 27852.0,
      "mean_time_ns": 30248.1963,
      "max_time_ns": 433618.0,
      "p99_time_ns": 40445.0,
      "samples": 10000,
      "p95_time_ns": 34494.0
    },
    "autodiff/forward/complex": {
      "cv": 0.13969718056882732,
      "p25_time_ns": 19456.0,
      "std_time_ns": 2845.602231779093,
      "median_time_ns": 19566.0,
      "allocs": 3,
      "gc_time_ns": 0.0,
      "memory_bytes": 8072,
      "iqr_time_ns": 371.0,
      "p75_time_ns": 19827.0,
      "min_time_ns": 19205.0,
      "mean_time_ns": 20369.79,
      "max_time_ns": 229578.0,
      "p99_time_ns": 28513.0,
      "samples": 10000,
      "p95_time_ns": 22993.0
    },
    "basics/make_zero/struct": {
      "cv": 1.1148272552310479,
      "p25_time_ns": 190.0,
      "std_time_ns": 243.30157242250675,
      "median_time_ns": 191.0,
      "allocs": 7,
      "gc_time_ns": 0.0,
      "memory_bytes": 496,
      "iqr_time_ns": 11.0,
      "p75_time_ns": 201.0,
      "min_time_ns": 170.0,
      "mean_time_ns": 218.2415,
      "max_time_ns": 17102.0,
      "p99_time_ns": 451.0,
      "samples": 10000,
      "p95_time_ns": 311.0
    },
    "autodiff/forward/simple": {
      "cv": 0.7711788159116938,
      "p25_time_ns": 211.0,
      "std_time_ns": 1207.7524748629762,
      "median_time_ns": 2064.0,
      "allocs": 4,
      "gc_time_ns": 0.0,
      "memory_bytes": 2720,
      "iqr_time_ns": 1933.0,
      "p75_time_ns": 2144.0,
      "min_time_ns": 200.0,
      "mean_time_ns": 1566.1121,
      "max_time_ns": 26339.0,
      "p99_time_ns": 5179.0,
      "samples": 10000,
      "p95_time_ns": 2354.0
    },
    "autodiff/reverse/simple": {
      "cv": 0.42494046487786025,
      "p25_time_ns": 1773.0,
      "std_time_ns": 1383.948443186772,
      "median_time_ns": 3777.0,
      "allocs": 4,
      "gc_time_ns": 0.0,
      "memory_bytes": 2720,
      "iqr_time_ns": 2095.0,
      "p75_time_ns": 3868.0,
      "min_time_ns": 1683.0,
      "mean_time_ns": 3256.8055,
      "max_time_ns": 27932.0,
      "p99_time_ns": 6953.0,
      "samples": 10000,
      "p95_time_ns": 4128.0
    }
  }
}