{
  "metadata": {
    "run_number": 64,
    "julia_version": "1.11.9",
    "commit_hash": "f1041190009fc20227a5b3648181993ad8122499",
    "git_dirty": true,
    "hostname": "runnervm0kj6c",
    "git_branch": "main",
    "timestamp": "2026-03-10T23:23:35.081",
    "group": "trixi",
    "system": {
      "julia_threads": 1,
      "arch": "x86_64",
      "word_size": 64,
      "os": "Linux",
      "cpu_threads": 4
    }
  },
  "benchmarks": {
    "tree_2d_dgsem/elixir_euler_ec.jl/p7_analysis": {
      "cv": 0.009169119262514121,
      "p25_time_ns": 1.1041538e7,
      "std_time_ns": 101476.60025140396,
      "median_time_ns": 1.1048912e7,
      "allocs": 0,
      "gc_time_ns": 0.0,
      "memory_bytes": 0,
      "iqr_time_ns": 23995.0,
      "p75_time_ns": 1.1065533e7,
      "min_time_ns": 1.102107e7,
      "mean_time_ns": 1.1067213474501109e7,
      "max_time_ns": 1.2883834e7,
      "p99_time_ns": 1.1350925e7,
      "samples": 451,
      "p95_time_ns": 1.1126437e7
    },
    "tree_1d_dgsem/elixir_mhd_ec.jl/p3_analysis": {
      "cv": 0.20148880203915454,
      "p25_time_ns": 3216.0,
      "std_time_ns": 658.2689937797293,
      "median_time_ns": 3226.0,
      "allocs": 0,
      "gc_time_ns": 0.0,
      "memory_bytes": 0,
      "iqr_time_ns": 20.0,
      "p75_time_ns": 3236.0,
      "min_time_ns": 3185.0,
      "mean_time_ns": 3267.0252,
      "max_time_ns": 35806.0,
      "p99_time_ns": 3316.0,
      "samples": 10000,
      "p95_time_ns": 3286.0
    },
    "tree_2d_dgsem/elixir_euler_ec.jl/p3_rhs!": {
      "cv": 0.02156549454013394,
      "p25_time_ns": 1.387999e6,
      "std_time_ns": 30124.370252487868,
      "median_time_ns": 1.393975e6,
      "allocs": 0,
      "gc_time_ns": 0.0,
      "memory_bytes": 0,
      "iqr_time_ns": 10650.0,
      "p75_time_ns": 1.398649e6,
      "min_time_ns": 1.381026e6,
      "mean_time_ns": 1.396878249020705e6,
      "max_time_ns": 2.352038e6,
      "p99_time_ns": 1.456377e6,
      "samples": 3574,
      "p95_time_ns": 1.413647e6
    },
    "tree_1d_dgsem/elixir_mhd_ec.jl/p3_rhs!": {
      "cv": 0.12902317158291282,
      "p25_time_ns": 5430.0,
      "std_time_ns": 709.954504543666,
      "median_time_ns": 5440.0,
      "allocs": 0,
      "gc_time_ns": 0.0,
      "memory_bytes": 0,
      "iqr_time_ns": 30.0,
      "p75_time_ns": 5460.0,
      "min_time_ns": 5370.0,
      "mean_time_ns": 5502.5349,
      "max_time_ns": 30918.0,
      "p99_time_ns": 5550.0,
      "samples": 10000,
      "p95_time_ns": 5510.0
    },
    "tree_2d_dgsem/elixir_advection_amr_nonperiodic.jl/p3_analysis": {
      "cv": 0.013269773361744402,
      "p25_time_ns": 835910.0,
      "std_time_ns": 11108.851456406346,
      "median_time_ns": 836671.0,
      "allocs": 0,
      "gc_time_ns": 0.0,
      "memory_bytes": 0,
      "iqr_time_ns": 1703.0,
      "p75_time_ns": 837613.0,
      "min_time_ns": 826733.0,
      "mean_time_ns": 837154.5732975511,
      "max_time_ns": 1.155305e6,
      "p99_time_ns": 865174.0,
      "samples": 5962,
      "p95_time_ns": 843945.0
    },
    "tree_2d_dgsem/elixir_advection_amr_nonperiodic.jl/p7_rhs!": {
      "cv": 0.09033324815285344,
      "p25_time_ns": 319777.0,
      "std_time_ns": 29639.928701551926,
      "median_time_ns": 321480.0,
      "allocs": 0,
      "gc_time_ns": 0.0,
      "memory_bytes": 0,
      "iqr_time_ns": 9567.0,
      "p75_time_ns": 329344.0,
      "min_time_ns": 317312.0,
      "mean_time_ns": 328117.6013,
      "max_time_ns": 839557.0,
      "p99_time_ns": 497338.0,
      "samples": 10000,
      "p95_time_ns": 336629.0
    },
    "tree_2d_dgsem/elixir_euler_ec.jl/p7_rhs!": {
      "cv": 0.010678610013670122,
      "p25_time_ns": 9.397862e6,
      "std_time_ns": 100694.15339821098,
      "median_time_ns": 9.411717e6,
      "allocs": 0,
      "gc_time_ns": 0.0,
      "memory_bytes": 0,
      "iqr_time_ns": 39809.0,
      "p75_time_ns": 9.437671e6,
      "min_time_ns": 9.37283e6,
      "mean_time_ns": 9.429518754716981e6,
      "max_time_ns": 1.1469246e7,
      "p99_time_ns": 9.655398e6,
      "samples": 530,
      "p95_time_ns": 9.504285e6
    },
    "tree_2d_dgsem/elixir_euler_vortex_mortar.jl/p7_rhs!": {
      "cv": 0.017486963312141186,
      "p25_time_ns": 1.111925e6,
      "std_time_ns": 19601.256285153922,
      "median_time_ns": 1.116844e6,
      "allocs": 0,
      "gc_time_ns": 0.0,
      "memory_bytes": 0,
      "iqr_time_ns": 12804.0,
      "p75_time_ns": 1.124729e6,
      "min_time_ns": 1.097347e6,
      "mean_time_ns": 1.1209068112783644e6,
      "max_time_ns": 1.687588e6,
      "p99_time_ns": 1.176565e6,
      "samples": 4451,
      "p95_time_ns": 1.144776e6
    },
    "tree_1d_dgsem/elixir_mhd_ec.jl/p7_rhs!": {
      "cv": 0.07349615127568207,
      "p25_time_ns": 14477.0,
      "std_time_ns": 1075.9353824038276,
      "median_time_ns": 14497.0,
      "allocs": 0,
      "gc_time_ns": 0.0,
      "memory_bytes": 0,
      "iqr_time_ns": 50.0,
      "p75_time_ns": 14527.0,
      "min_time_ns": 14357.0,
      "mean_time_ns": 14639.3432,
      "max_time_ns": 34405.0,
      "p99_time_ns": 22082.0,
      "samples": 10000,
      "p95_time_ns": 14587.0
    },
    "structured_1d_dgsem/elixir_euler_sedov.jl/p3_rhs!": {
      "cv": 0.08270835086409524,
      "p25_time_ns": 11942.0,
      "std_time_ns": 1000.1834687893437,
      "median_time_ns": 11972.0,
      "allocs": 0,
      "gc_time_ns": 0.0,
      "memory_bytes": 0,
      "iqr_time_ns": 80.0,
      "p75_time_ns": 12022.0,
      "min_time_ns": 11862.0,
      "mean_time_ns": 12092.8958,
      "max_time_ns": 37681.0,
      "p99_time_ns": 19536.0,
      "samples": 10000,
      "p95_time_ns": 12083.0
    },
    "tree_2d_dgsem/elixir_euler_ec.jl/p3_analysis": {
      "cv": 0.021121699973977996,
      "p25_time_ns": 2.313356e6,
      "std_time_ns": 49109.26292844456,
      "median_time_ns": 2.318196e6,
      "allocs": 0,
      "gc_time_ns": 0.0,
      "memory_bytes": 0,
      "iqr_time_ns": 9738.0,
      "p75_time_ns": 2.323094e6,
      "min_time_ns": 2.307334e6,
      "mean_time_ns": 2.3250620446719406e6,
      "max_time_ns": 3.362473e6,
      "p99_time_ns": 2.458767e6,
      "samples": 2149,
      "p95_time_ns": 2.348662e6
    },
    "structured_1d_dgsem/elixir_euler_sedov.jl/p7_analysis": {
      "cv": 0.28023310439576027,
      "p25_time_ns": 8025.0,
      "std_time_ns": 2346.9236935611543,
      "median_time_ns": 8165.0,
      "allocs": 128,
      "gc_time_ns": 0.0,
      "memory_bytes": 8192,
      "iqr_time_ns": 371.0,
      "p75_time_ns": 8396.0,
      "min_time_ns": 7835.0,
      "mean_time_ns": 8374.8981,
      "max_time_ns": 128790.0,
      "p99_time_ns": 10960.0,
      "samples": 10000,
      "p95_time_ns": 8776.0
    },
    "tree_2d_dgsem/elixir_euler_vortex_mortar.jl/p7_analysis": {
      "cv": 0.00724608585715003,
      "p25_time_ns": 6.334536e6,
      "std_time_ns": 46012.86606501658,
      "median_time_ns": 6.343253e6,
      "allocs": 0,
      "gc_time_ns": 0.0,
      "memory_bytes": 0,
      "iqr_time_ns": 19607.0,
      "p75_time_ns": 6.354143e6,
      "min_time_ns": 6.319889e6,
      "mean_time_ns": 6.350030481575604e6,
      "max_time_ns": 7.227072e6,
      "p99_time_ns": 6.508322e6,
      "samples": 787,
      "p95_time_ns": 6.382948e6
    },
    "tree_2d_dgsem/elixir_euler_vortex_mortar.jl/p3_rhs!": {
      "cv": 0.029069839893083635,
      "p25_time_ns": 351646.0,
      "std_time_ns": 10380.868433449605,
      "median_time_ns": 353439.0,
      "allocs": 0,
      "gc_time_ns": 0.0,
      "memory_bytes": 0,
      "iqr_time_ns": 9057.0,
      "p75_time_ns": 360703.0,
      "min_time_ns": 349041.0,
      "mean_time_ns": 357100.9841,
      "max_time_ns": 599108.0,
      "p99_time_ns": 391841.0,
      "samples": 10000,
      "p95_time_ns": 368547.0
    },
    "tree_2d_dgsem/elixir_advection_amr_nonperiodic.jl/p7_analysis": {
      "cv": 0.008325762667967309,
      "p25_time_ns": 3.953544e6,
      "std_time_ns": 33089.863178469255,
      "median_time_ns": 3.9667495e6,
      "allocs": 0,
      "gc_time_ns": 0.0,