{
  "metadata": {
    "run_number": 1,
    "julia_version": "1.11.9",
    "commit_hash": "c105fa5adadea12369bba62be390719e74edc09b",
    "git_dirty": false,
    "hostname": "runnervmwffz4",
    "git_branch": "main",
    "timestamp": "2026-02-11T10:40:18.052",
    "group": "enzyme",
    "system": {
      "julia_threads": 1,
      "arch": "x86_64",
      "word_size": 64,
      "os": "Linux",
      "cpu_threads": 4
    }
  },
  "benchmarks": {
    "basics/make_zero/array": {
      "cv": 0.8766547842108378,
      "p25_time_ns": 60.0,
      "std_time_ns": 70.82064440795095,
      "median_time_ns": 60.0,
      "allocs": 2,
      "gc_time_ns": 0.0,
      "memory_bytes": 928,
      "iqr_time_ns": 10.0,
      "p75_time_ns": 70.0,
      "min_time_ns": 50.0,
      "mean_time_ns": 80.7851,
      "max_time_ns": 3074.0,
      "p99_time_ns": 390.0,
      "samples": 10000,
      "p95_time_ns": 220.0
    },
    "basics/make_zero/namedtuple": {
      "cv": 0.1340051100989482,
      "p25_time_ns": 30.0,
      "std_time_ns": 4.212933054356792,
      "median_time_ns": 30.0,
      "allocs": 0,
      "gc_time_ns": 0.0,
      "memory_bytes": 0,
      "iqr_time_ns": 0.0,
      "p75_time_ns": 30.0,
      "min_time_ns": 30.0,
      "mean_time_ns": 31.4386,
      "max_time_ns": 190.0,
      "p99_time_ns": 40.0,
      "samples": 10000,
      "p95_time_ns": 40.0
    },
    "autodiff/reverse/complex": {
      "cv": 0.16226733178142413,
      "p25_time_ns": 26009.0,
      "std_time_ns": 4639.882470067276,
      "median_time_ns": 29114.0,
      "allocs": 3,
      "gc_time_ns": 0.0,
      "memory_bytes": 8072,
      "iqr_time_ns": 3285.0,
      "p75_time_ns": 29294.0,
      "min_time_ns": 25198.0,
      "mean_time_ns": 28594.064,
      "max_time_ns": 281304.0,
      "p99_time_ns": 38208.0,
      "samples": 10000,
      "p95_time_ns": 32609.0
    },
    "autodiff/forward/complex": {
      "cv": 0.14646460094329045,
      "p25_time_ns": 17566.0,
      "std_time_ns": 2633.2183831080365,
      "median_time_ns": 17637.0,
      "allocs": 3,
      "gc_time_ns": 0.0,
      "memory_bytes": 8072,
      "iqr_time_ns": 180.0,
      "p75_time_ns": 17746.0,
      "min_time_ns": 17256.0,
      "mean_time_ns": 17978.5311,
      "max_time_ns": 229375.0,
      "p99_time_ns": 26620.0,
      "samples": 10000,
      "p95_time_ns": 19289.0
    },
    "basics/make_zero/struct": {
      "cv": 0.9977122338662043,
      "p25_time_ns": 180.0,
      "std_time_ns": 224.14014395820166,
      "median_time_ns": 181.0,
      "allocs": 7,
      "gc_time_ns": 0.0,
      "memory_bytes": 496,
      "iqr_time_ns": 40.0,
      "p75_time_ns": 220.0,
      "min_time_ns": 160.0,
      "mean_time_ns": 224.6541,
      "max_time_ns": 13721.0,
      "p99_time_ns": 531.0,
      "samples": 10000,
      "p95_time_ns": 421.0
    },
    "autodiff/forward/simple": {
      "cv": 0.7764676700279506,
      "p25_time_ns": 161.0,
      "std_time_ns": 1281.209624815183,
      "median_time_ns": 2183.0,
      "allocs": 4,
      "gc_time_ns": 0.0,
      "memory_bytes": 2720,
      "iqr_time_ns": 2152.0,
      "p75_time_ns": 2313.0,
      "min_time_ns": 140.0,
      "mean_time_ns": 1650.0489,
      "max_time_ns": 21222.0,
      "p99_time_ns": 5618.0,
      "samples": 10000,
      "p95_time_ns": 2514.0
    },
    "autodiff/reverse/simple": {
      "cv": 0.7102960244974518,
      "p25_time_ns": 291.0,
      "std_time_ns": 1255.0846227643058,
      "median_time_ns": 2294.0,
      "allocs": 4,
      "gc_time_ns": 0.0,
      "memory_bytes": 2720,
      "iqr_time_ns": 2123.0,
      "p75_time_ns": 2414.0,
      "min_time_ns": 260.0,
      "mean_time_ns": 1766.9881,
      "max_time_ns": 18979.0,
      "p99_time_ns": 5729.0,
      "samples": 10000,
      "p95_time_ns": 2654.0
    }
  }
}