{
  "metadata": {
    "run_number": 1,
    "julia_version": "1.11.9",
    "commit_hash": "90b2c7dc6438cbd66b6eff029a42700de93af5d0",
    "git_dirty": false,
    "hostname": "runnervmwffz4",
    "git_branch": "main",
    "timestamp": "2026-02-11T15:17:01.718",
    "group": "enzyme",
    "system": {
      "julia_threads": 1,
      "arch": "x86_64",
      "word_size": 64,
      "os": "Linux",
      "cpu_threads": 4
    }
  },
  "benchmarks": {
    "basics/make_zero/array": {
      "cv": 1.5893015860581108,
      "p25_time_ns": 50.0,
      "std_time_ns": 117.8923255617288,
      "median_time_ns": 60.0,
      "allocs": 2,
      "gc_time_ns": 0.0,
      "memory_bytes": 928,
      "iqr_time_ns": 10.0,
      "p75_time_ns": 60.0,
      "min_time_ns": 40.0,
      "mean_time_ns": 74.1787,
      "max_time_ns": 10209.0,
      "p99_time_ns": 340.0,
      "samples": 10000,
      "p95_time_ns": 201.0
    },
    "basics/make_zero/namedtuple": {
      "cv": 0.12728535175574682,
      "p25_time_ns": 30.0,
      "std_time_ns": 3.7351759187372147,
      "median_time_ns": 30.0,
      "allocs": 0,
      "gc_time_ns": 0.0,
      "memory_bytes": 0,
      "iqr_time_ns": 0.0,
      "p75_time_ns": 30.0,
      "min_time_ns": 20.0,
      "mean_time_ns": 29.3449,
      "max_time_ns": 281.0,
      "p99_time_ns": 31.0,
      "samples": 10000,
      "p95_time_ns": 31.0
    },
    "autodiff/reverse/complex": {
      "cv": 0.1671821899274903,
      "p25_time_ns": 28353.0,
      "std_time_ns": 5079.737335947966,
      "median_time_ns": 30808.0,
      "allocs": 3,
      "gc_time_ns": 0.0,
      "memory_bytes": 8072,
      "iqr_time_ns": 2655.0,
      "p75_time_ns": 31008.0,
      "min_time_ns": 27872.0,
      "mean_time_ns": 30384.4407,
      "max_time_ns": 451585.0,
      "p99_time_ns": 39905.0,
      "samples": 10000,
      "p95_time_ns": 34074.0
    },
    "autodiff/forward/complex": {
      "cv": 0.1445334989568886,
      "p25_time_ns": 19176.0,
      "std_time_ns": 2902.090091210952,
      "median_time_ns": 19306.0,
      "allocs": 3,
      "gc_time_ns": 0.0,
      "memory_bytes": 8072,
      "iqr_time_ns": 391.0,
      "p75_time_ns": 19567.0,
      "min_time_ns": 18916.0,
      "mean_time_ns": 20079.0136,
      "max_time_ns": 201247.0,
      "p99_time_ns": 31159.0,
      "samples": 10000,
      "p95_time_ns": 22512.0
    },
    "basics/make_zero/struct": {
      "cv": 0.8663963011530693,
      "p25_time_ns": 190.0,
      "std_time_ns": 189.52211152611116,
      "median_time_ns": 200.0,
      "allocs": 7,
      "gc_time_ns": 0.0,
      "memory_bytes": 496,
      "iqr_time_ns": 11.0,
      "p75_time_ns": 201.0,
      "min_time_ns": 180.0,
      "mean_time_ns": 218.7476,
      "max_time_ns": 9568.0,
      "p99_time_ns": 441.0,
      "samples": 10000,
      "p95_time_ns": 330.0
    },
    "autodiff/forward/simple": {
      "cv": 0.752267274612985,
      "p25_time_ns": 201.0,
      "std_time_ns": 1045.8687665009575,
      "median_time_ns": 1793.0,
      "allocs": 4,
      "gc_time_ns": 0.0,
      "memory_bytes": 2720,
      "iqr_time_ns": 1682.0,
      "p75_time_ns": 1883.0,
      "min_time_ns": 190.0,
      "mean_time_ns": 1390.2888,
      "max_time_ns": 17432.0,
      "p99_time_ns": 4959.0,
      "samples": 10000,
      "p95_time_ns": 2144.0
    },
    "autodiff/reverse/simple": {
      "cv": 0.3932727845532931,
      "p25_time_ns": 1744.0,
      "std_time_ns": 1179.454183061383,
      "median_time_ns": 3417.0,
      "allocs": 4,
      "gc_time_ns": 0.0,
      "memory_bytes": 2720,
      "iqr_time_ns": 1752.0,
      "p75_time_ns": 3496.0,
      "min_time_ns": 1603.0,
      "mean_time_ns": 2999.074,
      "max_time_ns": 21921.0,
      "p99_time_ns": 6612.0,
      "samples": 10000,
      "p95_time_ns": 3767.0
    }
  }
}