{
  "metadata": {
    "run_number": 1,
    "julia_version": "1.11.9",
    "commit_hash": "90b2c7dc6438cbd66b6eff029a42700de93af5d0",
    "git_dirty": true,
    "hostname": "runnervmwffz4",
    "git_branch": "main",
    "timestamp": "2026-02-11T15:13:04.952",
    "group": "trixi",
    "system": {
      "julia_threads": 1,
      "arch": "x86_64",
      "word_size": 64,
      "os": "Linux",
      "cpu_threads": 4
    }
  },
  "benchmarks": {
    "tree_2d_dgsem/elixir_euler_ec.jl/p7_analysis": {
      "cv": 0.003540655500551136,
      "p25_time_ns": 1.0908367e7,
      "std_time_ns": 38688.25572529348,
      "median_time_ns": 1.0916913e7,
      "allocs": 0,
      "gc_time_ns": 0.0,
      "memory_bytes": 0,
      "iqr_time_ns": 24466.0,
      "p75_time_ns": 1.0932833e7,
      "min_time_ns": 1.0890383e7,
      "mean_time_ns": 1.0926862474835886e7,
      "max_time_ns": 1.1389267e7,
      "p99_time_ns": 1.1085699e7,
      "samples": 457,
      "p95_time_ns": 1.0978229e7
    },
    "tree_1d_dgsem/elixir_mhd_ec.jl/p3_analysis": {
      "cv": 0.1646033825840728,
      "p25_time_ns": 3216.0,
      "std_time_ns": 536.7034189649186,
      "median_time_ns": 3226.0,
      "allocs": 0,
      "gc_time_ns": 0.0,
      "memory_bytes": 0,
      "iqr_time_ns": 20.0,
      "p75_time_ns": 3236.0,
      "min_time_ns": 3176.0,
      "mean_time_ns": 3260.5856,
      "max_time_ns": 25397.0,
      "p99_time_ns": 3326.0,
      "samples": 10000,
      "p95_time_ns": 3276.0
    },
    "tree_2d_dgsem/elixir_euler_ec.jl/p3_rhs!": {
      "cv": 0.007488722264432669,
      "p25_time_ns": 1.38534e6,
      "std_time_ns": 10417.836982182864,
      "median_time_ns": 1.388691e6,
      "allocs": 0,
      "gc_time_ns": 0.0,
      "memory_bytes": 0,
      "iqr_time_ns": 8806.0,
      "p75_time_ns": 1.394146e6,
      "min_time_ns": 1.381433e6,
      "mean_time_ns": 1.391136780657748e6,
      "max_time_ns": 1.547924e6,
      "p99_time_ns": 1.436054e6,
      "samples": 3588,
      "p95_time_ns": 1.40202e6
    },
    "tree_1d_dgsem/elixir_mhd_ec.jl/p3_rhs!": {
      "cv": 0.12141068317538968,
      "p25_time_ns": 5340.0,
      "std_time_ns": 656.2464143699281,
      "median_time_ns": 5350.0,
      "allocs": 0,
      "gc_time_ns": 0.0,
      "memory_bytes": 0,
      "iqr_time_ns": 20.0,
      "p75_time_ns": 5360.0,
      "min_time_ns": 5300.0,
      "mean_time_ns": 5405.1785,
      "max_time_ns": 24315.0,
      "p99_time_ns": 5731.0,
      "samples": 10000,
      "p95_time_ns": 5410.0
    },
    "tree_2d_dgsem/elixir_advection_amr_nonperiodic.jl/p3_analysis": {
      "cv": 0.01130026633128065,
      "p25_time_ns": 836081.0,
      "std_time_ns": 9485.585212807833,
      "median_time_ns": 837045.0,
      "allocs": 0,
      "gc_time_ns": 0.0,
      "memory_bytes": 0,
      "iqr_time_ns": 2917.0,
      "p75_time_ns": 838998.0,
      "min_time_ns": 827145.0,
      "mean_time_ns": 839412.535486041,
      "max_time_ns": 1.02787e6,
      "p99_time_ns": 868573.0,
      "samples": 5946,
      "p95_time_ns": 861190.0
    },
    "tree_2d_dgsem/elixir_advection_amr_nonperiodic.jl/p7_rhs!": {
      "cv": 0.043730531838499336,
      "p25_time_ns": 318085.0,
      "std_time_ns": 14138.811470667304,
      "median_time_ns": 319457.0,
      "allocs": 0,
      "gc_time_ns": 0.0,
      "memory_bytes": 0,
      "iqr_time_ns": 9347.0,
      "p75_time_ns": 327432.0,
      "min_time_ns": 315990.0,
      "mean_time_ns": 323316.7052,
      "max_time_ns": 525912.0,
      "p99_time_ns": 361455.0,
      "samples": 10000,
      "p95_time_ns": 331179.0
    },
    "tree_2d_dgsem/elixir_euler_ec.jl/p7_rhs!": {
      "cv": 0.003914525173846657,
      "p25_time_ns": 9.464951e6,
      "std_time_ns": 37142.23446545683,
      "median_time_ns": 9.479479e6,
      "allocs": 0,
      "gc_time_ns": 0.0,
      "memory_bytes": 0,
      "iqr_time_ns": 34896.0,
      "p75_time_ns": 9.499847e6,
      "min_time_ns": 9.444733e6,
      "mean_time_ns": 9.488311561669828e6,
      "max_time_ns": 9.729345e6,
      "p99_time_ns": 9.6674e6,
      "samples": 527,
      "p95_time_ns": 9.545812e6
    },
    "tree_2d_dgsem/elixir_euler_vortex_mortar.jl/p7_rhs!": {
      "cv": 0.01320515493424833,
      "p25_time_ns": 1.133588e6,
      "std_time_ns": 15053.151684060884,
      "median_time_ns": 1.137356e6,
      "allocs": 0,
      "gc_time_ns": 0.0,
      "memory_bytes": 0,
      "iqr_time_ns": 9739.0,
      "p75_time_ns": 1.143327e6,
      "min_time_ns": 1.121036e6,
      "mean_time_ns": 1.139945101667809e6,
      "max_time_ns": 1.701651e6,
      "p99_time_ns": 1.183011e6,
      "samples": 4377,
      "p95_time_ns": 1.155289e6
    },
    "tree_1d_dgsem/elixir_mhd_ec.jl/p7_rhs!": {
      "cv": 0.08859605683918761,
      "p25_time_ns": 14477.0,
      "std_time_ns": 1297.7892032199372,
      "median_time_ns": 14497.0,
      "allocs": 0,
      "gc_time_ns": 0.0,
      "memory_bytes": 0,
      "iqr_time_ns": 51.0,
      "p75_time_ns": 14528.0,
      "min_time_ns": 14367.0,
      "mean_time_ns": 14648.3856,
      "max_time_ns": 66685.0,
      "p99_time_ns": 21881.0,
      "samples": 10000,
      "p95_time_ns": 14597.0
    },
    "structured_1d_dgsem/elixir_euler_sedov.jl/p3_rhs!": {
      "cv": 0.08917243635644373,
      "p25_time_ns": 11882.0,
      "std_time_ns": 1074.2273826536002,
      "median_time_ns": 11912.0,
      "allocs": 0,
      "gc_time_ns": 0.0,
      "memory_bytes": 0,
      "iqr_time_ns": 70.0,
      "p75_time_ns": 11952.0,
      "min_time_ns": 11802.0,
      "mean_time_ns": 12046.6304,
      "max_time_ns": 34774.0,
      "p99_time_ns": 19226.0,
      "samples": 10000,
      "p95_time_ns": 12032.0
    },
    "tree_2d_dgsem/elixir_euler_ec.jl/p3_analysis": {
      "cv": 0.008411675928817182,
      "p25_time_ns": 2.295919e6,
      "std_time_ns": 19371.205290165333,
      "median_time_ns": 2.299497e6,
      "allocs": 0,
      "gc_time_ns": 0.0,
      "memory_bytes": 0,
      "iqr_time_ns": 8866.0,
      "p75_time_ns": 2.304785e6,
      "min_time_ns": 2.290009e6,
      "mean_time_ns": 2.3028948635315816e6,
      "max_time_ns": 2.768794e6,
      "p99_time_ns": 2.350791e6,
      "samples": 2169,
      "p95_time_ns": 2.319943e6
    },
    "structured_1d_dgsem/elixir_euler_sedov.jl/p7_analysis": {
      "cv": 0.4793471226789785,
      "p25_time_ns": 7985.0,
      "std_time_ns": 4091.868195690405,
      "median_time_ns": 8105.0,
      "allocs": 128,
      "gc_time_ns": 0.0,
      "memory_bytes": 8192,
      "iqr_time_ns": 411.0,
      "p75_time_ns": 8396.0,
      "min_time_ns": 7795.0,
      "mean_time_ns": 8536.3362,
      "max_time_ns": 134070.0,
      "p99_time_ns": 16931.0,
      "samples": 10000,
      "p95_time_ns": 8896.0
    },
    "tree_2d_dgsem/elixir_euler_vortex_mortar.jl/p7_analysis": {
      "cv": 0.056221833879896266,
      "p25_time_ns": 6.292544e6,
      "std_time_ns": 356279.9141157178,
      "median_time_ns": 6.297479e6,
      "allocs": 0,
      "gc_time_ns": 0.0,
      "memory_bytes": 0,
      "iqr_time_ns": 12773.0,
      "p75_time_ns": 6.305317e6,
      "min_time_ns": 6.284358e6,
      "mean_time_ns": 6.337038291508238e6,
      "max_time_ns": 1.3131497e7,
      "p99_time_ns": 7.344386e6,
      "samples": 789,
      "p95_time_ns": 6.35159e6
    },
    "tree_2d_dgsem/elixir_euler_vortex_mortar.jl/p3_rhs!": {
      "cv": 0.020574759294315226,
      "p25_time_ns": 348451.0,
      "std_time_ns": 7263.855022081269,
      "median_time_ns": 349783.0,
      "allocs": 0,
      "gc_time_ns": 0.0,
      "memory_bytes": 0,
      "iqr_time_ns": 9127.0,
      "p75_time_ns": 357578.0,
      "min_time_ns": 345696.0,
      "mean_time_ns": 353046.9017,
      "max_time_ns": 591877.0,
      "p99_time_ns": 374530.0,
      "samples": 10000,
      "p95_time_ns": 361686.0
    },
    "tree_2d_dgsem/elixir_advection_amr_nonperiodic.jl/p7_analysis": {
      "cv": 0.0038853716090333397,
      "p25_time_ns": 3.941666e6,
      "std_time_ns": 15333.669592480317,
      "median_time_ns": 3.94365e6,
      "allocs": 0,
      "gc_time_ns": 0.0,
      "memory_bytes": 0,