{
  "metadata": {
    "run_number": 11,
    "julia_version": "1.11.9",
    "commit_hash": "90b2c7dc6438cbd66b6eff029a42700de93af5d0",
    "git_dirty": false,
    "hostname": "runnervmwffz4",
    "git_branch": "main",
    "timestamp": "2026-02-21T03:15:59.808",
    "group": "enzyme",
    "system": {
      "julia_threads": 1,
      "arch": "x86_64",
      "word_size": 64,
      "os": "Linux",
      "cpu_threads": 4
    }
  },
  "benchmarks": {
    "basics/make_zero/array": {
      "cv": 1.7813718961325513,
      "p25_time_ns": 49.0,
      "std_time_ns": 127.64117488515454,
      "median_time_ns": 51.0,
      "allocs": 2,
      "gc_time_ns": 0.0,
      "memory_bytes": 928,
      "iqr_time_ns": 17.0,
      "p75_time_ns": 66.0,
      "min_time_ns": 44.0,
      "mean_time_ns": 71.6533,
      "max_time_ns": 11143.0,
      "p99_time_ns": 378.0,
      "samples": 10000,
      "p95_time_ns": 216.0
    },
    "basics/make_zero/namedtuple": {
      "cv": 0.23027348605982315,
      "p25_time_ns": 18.0,
      "std_time_ns": 4.2805077776688405,
      "median_time_ns": 18.0,
      "allocs": 0,
      "gc_time_ns": 0.0,
      "memory_bytes": 0,
      "iqr_time_ns": 1.0,
      "p75_time_ns": 19.0,
      "min_time_ns": 17.0,
      "mean_time_ns": 18.5888,
      "max_time_ns": 438.0,
      "p99_time_ns": 20.0,
      "samples": 10000,
      "p95_time_ns": 20.0
    },
    "autodiff/reverse/complex": {
      "cv": 0.09845129404982979,
      "p25_time_ns": 29513.0,
      "std_time_ns": 3046.8017618836857,
      "median_time_ns": 31032.0,
      "allocs": 3,
      "gc_time_ns": 0.0,
      "memory_bytes": 8072,
      "iqr_time_ns": 2041.0,
      "p75_time_ns": 31554.0,
      "min_time_ns": 28047.0,
      "mean_time_ns": 30947.3003,
      "max_time_ns": 231832.0,
      "p99_time_ns": 37127.0,
      "samples": 10000,
      "p95_time_ns": 33495.0
    },
    "autodiff/forward/complex": {
      "cv": 0.10092387307045816,
      "p25_time_ns": 18167.0,
      "std_time_ns": 1879.1794655593217,
      "median_time_ns": 18398.0,
      "allocs": 3,
      "gc_time_ns": 0.0,
      "memory_bytes": 8072,
      "iqr_time_ns": 513.0,
      "p75_time_ns": 18680.0,
      "min_time_ns": 17464.0,
      "mean_time_ns": 18619.7716,
      "max_time_ns": 173351.0,
      "p99_time_ns": 23317.0,
      "samples": 10000,
      "p95_time_ns": 20037.0
    },
    "basics/make_zero/struct": {
      "cv": 0.5977380544926277,
      "p25_time_ns": 204.0,
      "std_time_ns": 142.84194107254683,
      "median_time_ns": 207.0,
      "allocs": 7,
      "gc_time_ns": 0.0,
      "memory_bytes": 496,
      "iqr_time_ns": 19.0,
      "p75_time_ns": 223.0,
      "min_time_ns": 182.0,
      "mean_time_ns": 238.9708,
      "max_time_ns": 9855.0,
      "p99_time_ns": 537.0,
      "samples": 10000,
      "p95_time_ns": 384.0
    },
    "autodiff/forward/simple": {
      "cv": 0.7233688341152936,
      "p25_time_ns": 201.0,
      "std_time_ns": 800.0588788336455,
      "median_time_ns": 1375.0,
      "allocs": 4,
      "gc_time_ns": 0.0,
      "memory_bytes": 2720,
      "iqr_time_ns": 1283.0,
      "p75_time_ns": 1484.0,
      "min_time_ns": 169.0,
      "mean_time_ns": 1106.0179,
      "max_time_ns": 14354.0,
      "p99_time_ns": 3489.0,
      "samples": 10000,
      "p95_time_ns": 1857.0
    },
    "autodiff/reverse/simple": {
      "cv": 0.5750618918149291,
      "p25_time_ns": 525.0,
      "std_time_ns": 814.6928849251016,
      "median_time_ns": 1664.0,
      "allocs": 4,
      "gc_time_ns": 0.0,
      "memory_bytes": 2720,
      "iqr_time_ns": 1262.0,
      "p75_time_ns": 1787.0,
      "min_time_ns": 495.0,
      "mean_time_ns": 1416.7047,
      "max_time_ns": 16843.0,
      "p99_time_ns": 3748.0,
      "samples": 10000,
      "p95_time_ns": 2171.0
    }
  }
}