{
  "metadata": {
    "run_number": 11,
    "julia_version": "1.11.9",
    "commit_hash": "90b2c7dc6438cbd66b6eff029a42700de93af5d0",
    "git_dirty": true,
    "hostname": "runnervmwffz4",
    "git_branch": "main",
    "timestamp": "2026-02-21T03:06:06.196",
    "group": "trixi",
    "system": {
      "julia_threads": 1,
      "arch": "x86_64",
      "word_size": 64,
      "os": "Linux",
      "cpu_threads": 4
    }
  },
  "benchmarks": {
    "tree_2d_dgsem/elixir_euler_ec.jl/p7_analysis": {
      "cv": 0.0035286893237002517,
      "p25_time_ns": 1.0868113e7,
      "std_time_ns": 38415.8478495811,
      "median_time_ns": 1.0874958e7,
      "allocs": 0,
      "gc_time_ns": 0.0,
      "memory_bytes": 0,
      "iqr_time_ns": 17886.0,
      "p75_time_ns": 1.0885999e7,
      "min_time_ns": 1.0851693e7,
      "mean_time_ns": 1.0886718644104803e7,
      "max_time_ns": 1.1244434e7,
      "p99_time_ns": 1.106474e7,
      "samples": 458,
      "p95_time_ns": 1.0946419e7
    },
    "tree_1d_dgsem/elixir_mhd_ec.jl/p3_analysis": {
      "cv": 0.17348285277995348,
      "p25_time_ns": 3175.0,
      "std_time_ns": 558.2841102857664,
      "median_time_ns": 3176.0,
      "allocs": 0,
      "gc_time_ns": 0.0,
      "memory_bytes": 0,
      "iqr_time_ns": 21.0,
      "p75_time_ns": 3196.0,
      "min_time_ns": 3136.0,
      "mean_time_ns": 3218.0939,
      "max_time_ns": 23093.0,
      "p99_time_ns": 3276.0,
      "samples": 10000,
      "p95_time_ns": 3236.0
    },
    "tree_2d_dgsem/elixir_euler_ec.jl/p3_rhs!": {
      "cv": 0.011427751420527167,
      "p25_time_ns": 1.382786e6,
      "std_time_ns": 15882.79657792653,
      "median_time_ns": 1.387515e6,
      "allocs": 0,
      "gc_time_ns": 0.0,
      "memory_bytes": 0,
      "iqr_time_ns": 9317.0,
      "p75_time_ns": 1.392103e6,
      "min_time_ns": 1.379158e6,
      "mean_time_ns": 1.3898444228841872e6,
      "max_time_ns": 1.665713e6,
      "p99_time_ns": 1.441976e6,
      "samples": 3592,
      "p95_time_ns": 1.403905e6
    },
    "tree_1d_dgsem/elixir_mhd_ec.jl/p3_rhs!": {
      "cv": 0.12599237077229264,
      "p25_time_ns": 5340.0,
      "std_time_ns": 680.9859795928476,
      "median_time_ns": 5350.0,
      "allocs": 0,
      "gc_time_ns": 0.0,
      "memory_bytes": 0,
      "iqr_time_ns": 20.0,
      "p75_time_ns": 5360.0,
      "min_time_ns": 5289.0,
      "mean_time_ns": 5404.9779,
      "max_time_ns": 30046.0,
      "p99_time_ns": 5570.0,
      "samples": 10000,
      "p95_time_ns": 5410.0
    },
    "tree_2d_dgsem/elixir_advection_amr_nonperiodic.jl/p3_analysis": {
      "cv": 0.012777269268542533,
      "p25_time_ns": 841220.0,
      "std_time_ns": 10802.312461570293,
      "median_time_ns": 842319.0,
      "allocs": 0,
      "gc_time_ns": 0.0,
      "memory_bytes": 0,
      "iqr_time_ns": 2845.0,
      "p75_time_ns": 844065.0,
      "min_time_ns": 830547.0,
      "mean_time_ns": 845432.0116869919,
      "max_time_ns": 994045.0,
      "p99_time_ns": 873851.0,
      "samples": 5904,
      "p95_time_ns": 870461.0
    },
    "tree_2d_dgsem/elixir_advection_amr_nonperiodic.jl/p7_rhs!": {
      "cv": 0.02192129472358114,
      "p25_time_ns": 320577.0,
      "std_time_ns": 7124.2975063787335,
      "median_time_ns": 322310.0,
      "allocs": 0,
      "gc_time_ns": 0.0,
      "memory_bytes": 0,
      "iqr_time_ns": 9027.0,
      "p75_time_ns": 329604.0,
      "min_time_ns": 318302.0,
      "mean_time_ns": 324994.3763,
      "max_time_ns": 479613.0,
      "p99_time_ns": 344371.0,
      "samples": 10000,
      "p95_time_ns": 333321.0
    },
    "tree_2d_dgsem/elixir_euler_ec.jl/p7_rhs!": {
      "cv": 0.003663416383752147,
      "p25_time_ns": 9.423967e6,
      "std_time_ns": 34581.96511299695,
      "median_time_ns": 9.430664e6,
      "allocs": 0,
      "gc_time_ns": 0.0,
      "memory_bytes": 0,
      "iqr_time_ns": 15379.0,
      "p75_time_ns": 9.439346e6,
      "min_time_ns": 9.410492e6,
      "mean_time_ns": 9.439812866037736e6,
      "max_time_ns": 9.878293e6,
      "p99_time_ns": 9.582211e6,
      "samples": 530,
      "p95_time_ns": 9.492124e6
    },
    "tree_2d_dgsem/elixir_euler_vortex_mortar.jl/p7_rhs!": {
      "cv": 0.01245894940260287,
      "p25_time_ns": 1.119345e6,
      "std_time_ns": 14018.838834725617,
      "median_time_ns": 1.122101e6,
      "allocs": 0,
      "gc_time_ns": 0.0,
      "memory_bytes": 0,
      "iqr_time_ns": 8486.0,
      "p75_time_ns": 1.127831e6,
      "min_time_ns": 1.112704e6,
      "mean_time_ns": 1.1252023249887235e6,
      "max_time_ns": 1.449721e6,
      "p99_time_ns": 1.167716e6,
      "samples": 4434,
      "p95_time_ns": 1.139123e6
    },
    "tree_1d_dgsem/elixir_mhd_ec.jl/p7_rhs!": {
      "cv": 0.07115138277801765,
      "p25_time_ns": 14447.0,
      "std_time_ns": 1040.0372368458943,
      "median_time_ns": 14467.0,
      "allocs": 0,
      "gc_time_ns": 0.0,
      "memory_bytes": 0,
      "iqr_time_ns": 50.0,
      "p75_time_ns": 14497.0,
      "min_time_ns": 14357.0,
      "mean_time_ns": 14617.2456,
      "max_time_ns": 38972.0,
      "p99_time_ns": 21590.0,
      "samples": 10000,
      "p95_time_ns": 14557.0
    },
    "structured_1d_dgsem/elixir_euler_sedov.jl/p3_rhs!": {
      "cv": 0.08357414024635561,
      "p25_time_ns": 12153.0,
      "std_time_ns": 1029.8644151161561,
      "median_time_ns": 12193.0,
      "allocs": 0,
      "gc_time_ns": 0.0,
      "memory_bytes": 0,
      "iqr_time_ns": 80.0,
      "p75_time_ns": 12233.0,
      "min_time_ns": 12023.0,
      "mean_time_ns": 12322.7641,
      "max_time_ns": 35025.0,
      "p99_time_ns": 19376.0,
      "samples": 10000,
      "p95_time_ns": 12314.0
    },
    "tree_2d_dgsem/elixir_euler_ec.jl/p3_analysis": {
      "cv": 0.00680599541447084,
      "p25_time_ns": 2.290757e6,
      "std_time_ns": 15636.283162624437,
      "median_time_ns": 2.294325e6,
      "allocs": 0,
      "gc_time_ns": 0.0,
      "memory_bytes": 0,
      "iqr_time_ns": 8517.0,
      "p75_time_ns": 2.299274e6,
      "min_time_ns": 2.286069e6,
      "mean_time_ns": 2.2974278133333335e6,
      "max_time_ns": 2.562845e6,
      "p99_time_ns": 2.349688e6,
      "samples": 2175,
      "p95_time_ns": 2.314613e6
    },
    "structured_1d_dgsem/elixir_euler_sedov.jl/p7_analysis": {
      "cv": 0.1209643713360193,
      "p25_time_ns": 8125.0,
      "std_time_ns": 1011.5592086722482,
      "median_time_ns": 8216.0,
      "allocs": 128,
      "gc_time_ns": 0.0,
      "memory_bytes": 8192,
      "iqr_time_ns": 231.0,
      "p75_time_ns": 8356.0,
      "min_time_ns": 7945.0,
      "mean_time_ns": 8362.4558,
      "max_time_ns": 33973.0,
      "p99_time_ns": 11833.0,
      "samples": 10000,
      "p95_time_ns": 8646.0
    },
    "tree_2d_dgsem/elixir_euler_vortex_mortar.jl/p7_analysis": {
      "cv": 0.0032456049835397627,
      "p25_time_ns": 6.337221e6,
      "std_time_ns": 20596.549000624465,
      "median_time_ns": 6.341503e6,
      "allocs": 0,
      "gc_time_ns": 0.0,
      "memory_bytes": 0,
      "iqr_time_ns": 9738.0,
      "p75_time_ns": 6.346959e6,
      "min_time_ns": 6.326901e6,
      "mean_time_ns": 6.345981444162437e6,
      "max_time_ns": 6.56204e6,
      "p99_time_ns": 6.420837e6,
      "samples": 788,
      "p95_time_ns": 6.377255e6
    },
    "tree_2d_dgsem/elixir_euler_vortex_mortar.jl/p3_rhs!": {
      "cv": 0.026536134710907856,
      "p25_time_ns": 350443.0,
      "std_time_ns": 9428.912012511602,
      "median_time_ns": 351510.5,
      "allocs": 0,
      "gc_time_ns": 0.0,
      "memory_bytes": 0,
      "iqr_time_ns": 8767.0,
      "p75_time_ns": 359210.0,
      "min_time_ns": 348479.0,
      "mean_time_ns": 355323.4906,
      "max_time_ns": 618793.0,
      "p99_time_ns": 379497.0,
      "samples": 10000,
      "p95_time_ns": 365321.0
    },
    "tree_2d_dgsem/elixir_advection_amr_nonperiodic.jl/p7_analysis": {
      "cv": 0.012601213670030838,
      "p25_time_ns": 3.952517e6,
      "std_time_ns": 50121.46450222291,
      "median_time_ns": 3.955613e6,
      "allocs": 0,
      "gc_time_ns": 0.0,