{
  "metadata": {
    "run_number": 62,
    "julia_version": "1.11.9",
    "commit_hash": "0b8dd93cc66465870759104d1b30c99a4accad75",
    "git_dirty": false,
    "hostname": "runnervm0kj6c",
    "git_branch": "main",
    "timestamp": "2026-03-15T03:13:08.486",
    "group": "enzyme",
    "system": {
      "julia_threads": 1,
      "arch": "x86_64",
      "word_size": 64,
      "os": "Linux",
      "cpu_threads": 4
    }
  },
  "benchmarks": {
    "basics/make_zero/array": {
      "cv": 1.5027126887840312,
      "p25_time_ns": 50.0,
      "std_time_ns": 108.94020827228049,
      "median_time_ns": 60.0,
      "allocs": 2,
      "gc_time_ns": 0.0,
      "memory_bytes": 928,
      "iqr_time_ns": 10.0,
      "p75_time_ns": 60.0,
      "min_time_ns": 40.0,
      "mean_time_ns": 72.4957,
      "max_time_ns": 9207.0,
      "p99_time_ns": 321.0,
      "samples": 10000,
      "p95_time_ns": 200.0
    },
    "basics/make_zero/namedtuple": {
      "cv": 3.0261351812823545,
      "p25_time_ns": 30.0,
      "std_time_ns": 91.55450945562512,
      "median_time_ns": 30.0,
      "allocs": 0,
      "gc_time_ns": 0.0,
      "memory_bytes": 0,
      "iqr_time_ns": 0.0,
      "p75_time_ns": 30.0,
      "min_time_ns": 20.0,
      "mean_time_ns": 30.2546,
      "max_time_ns": 9177.0,
      "p99_time_ns": 31.0,
      "samples": 10000,
      "p95_time_ns": 31.0
    },
    "autodiff/reverse/complex": {
      "cv": 0.15303684204680296,
      "p25_time_ns": 29214.0,
      "std_time_ns": 4822.114649940053,
      "median_time_ns": 32110.0,
      "allocs": 3,
      "gc_time_ns": 0.0,
      "memory_bytes": 8072,
      "iqr_time_ns": 3057.0,
      "p75_time_ns": 32271.0,
      "min_time_ns": 28653.0,
      "mean_time_ns": 31509.5018,
      "max_time_ns": 427879.0,
      "p99_time_ns": 41257.0,
      "samples": 10000,
      "p95_time_ns": 35346.0
    },
    "autodiff/forward/complex": {
      "cv": 0.14912013611336952,
      "p25_time_ns": 19667.0,
      "std_time_ns": 3090.950594723347,
      "median_time_ns": 19817.0,
      "allocs": 3,
      "gc_time_ns": 0.0,
      "memory_bytes": 8072,
      "iqr_time_ns": 461.0,
      "p75_time_ns": 20128.0,
      "min_time_ns": 19376.0,
      "mean_time_ns": 20727.9223,
      "max_time_ns": 212107.0,
      "p99_time_ns": 31148.0,
      "samples": 10000,
      "p95_time_ns": 23654.0
    },
    "basics/make_zero/struct": {
      "cv": 0.9073445941069519,
      "p25_time_ns": 181.0,
      "std_time_ns": 191.61421093147842,
      "median_time_ns": 190.0,
      "allocs": 7,
      "gc_time_ns": 0.0,
      "memory_bytes": 496,
      "iqr_time_ns": 19.0,
      "p75_time_ns": 200.0,
      "min_time_ns": 170.0,
      "mean_time_ns": 211.1813,
      "max_time_ns": 18103.0,
      "p99_time_ns": 450.0,
      "samples": 10000,
      "p95_time_ns": 350.0
    },
    "autodiff/forward/simple": {
      "cv": 0.7676162910957869,
      "p25_time_ns": 211.0,
      "std_time_ns": 1212.3625002902395,
      "median_time_ns": 2084.0,
      "allocs": 4,
      "gc_time_ns": 0.0,
      "memory_bytes": 2720,
      "iqr_time_ns": 1943.0,
      "p75_time_ns": 2154.0,
      "min_time_ns": 200.0,
      "mean_time_ns": 1579.3861,
      "max_time_ns": 25798.0,
      "p99_time_ns": 5180.0,
      "samples": 10000,
      "p95_time_ns": 2364.0
    },
    "autodiff/reverse/simple": {
      "cv": 0.4277762070864185,
      "p25_time_ns": 1773.0,
      "std_time_ns": 1400.4329996134732,
      "median_time_ns": 3818.0,
      "allocs": 4,
      "gc_time_ns": 0.0,
      "memory_bytes": 2720,
      "iqr_time_ns": 2124.0,
      "p75_time_ns": 3897.0,
      "min_time_ns": 1603.0,
      "mean_time_ns": 3273.7515,
      "max_time_ns": 28673.0,
      "p99_time_ns": 6953.0,
      "samples": 10000,
      "p95_time_ns": 4118.0
    }
  }
}