{
  "metadata": {
    "run_number": 62,
    "julia_version": "1.11.9",
    "commit_hash": "0b8dd93cc66465870759104d1b30c99a4accad75",
    "git_dirty": false,
    "hostname": "runnervm46oaq",
    "git_branch": "main",
    "timestamp": "2026-03-18T03:26:23.289",
    "group": "enzyme",
    "system": {
      "julia_threads": 1,
      "arch": "x86_64",
      "word_size": 64,
      "os": "Linux",
      "cpu_threads": 4
    }
  },
  "benchmarks": {
    "basics/make_zero/array": {
      "cv": 1.5836746288037795,
      "p25_time_ns": 50.0,
      "std_time_ns": 114.6301704519267,
      "median_time_ns": 60.0,
      "allocs": 2,
      "gc_time_ns": 0.0,
      "memory_bytes": 928,
      "iqr_time_ns": 10.0,
      "p75_time_ns": 60.0,
      "min_time_ns": 40.0,
      "mean_time_ns": 72.3824,
      "max_time_ns": 9848.0,
      "p99_time_ns": 331.0,
      "samples": 10000,
      "p95_time_ns": 211.0
    },
    "basics/make_zero/namedtuple": {
      "cv": 4.23909876363727,
      "p25_time_ns": 30.0,
      "std_time_ns": 132.47141245378833,
      "median_time_ns": 30.0,
      "allocs": 0,
      "gc_time_ns": 0.0,
      "memory_bytes": 0,
      "iqr_time_ns": 0.0,
      "p75_time_ns": 30.0,
      "min_time_ns": 20.0,
      "mean_time_ns": 31.2499,
      "max_time_ns": 9417.0,
      "p99_time_ns": 31.0,
      "samples": 10000,
      "p95_time_ns": 31.0
    },
    "autodiff/reverse/complex": {
      "cv": 0.17023133327341478,
      "p25_time_ns": 28463.0,
      "std_time_ns": 5249.363106913313,
      "median_time_ns": 31479.0,
      "allocs": 3,
      "gc_time_ns": 0.0,
      "memory_bytes": 8072,
      "iqr_time_ns": 3186.0,
      "p75_time_ns": 31649.0,
      "min_time_ns": 28003.0,
      "mean_time_ns": 30836.6445,
      "max_time_ns": 405638.0,
      "p99_time_ns": 40676.0,
      "samples": 10000,
      "p95_time_ns": 34695.0
    },
    "autodiff/forward/complex": {
      "cv": 0.13364890261862822,
      "p25_time_ns": 19196.0,
      "std_time_ns": 2683.0192414400944,
      "median_time_ns": 19316.0,
      "allocs": 3,
      "gc_time_ns": 0.0,
      "memory_bytes": 8072,
      "iqr_time_ns": 371.0,
      "p75_time_ns": 19567.0,
      "min_time_ns": 18896.0,
      "mean_time_ns": 20075.1311,
      "max_time_ns": 206616.0,
      "p99_time_ns": 28123.0,
      "samples": 10000,
      "p95_time_ns": 22743.0
    },
    "basics/make_zero/struct": {
      "cv": 0.7203316626962071,
      "p25_time_ns": 190.0,
      "std_time_ns": 156.36743634310454,
      "median_time_ns": 191.0,
      "allocs": 7,
      "gc_time_ns": 0.0,
      "memory_bytes": 496,
      "iqr_time_ns": 11.0,
      "p75_time_ns": 201.0,
      "min_time_ns": 180.0,
      "mean_time_ns": 217.077,
      "max_time_ns": 9769.0,
      "p99_time_ns": 461.0,
      "samples": 10000,
      "p95_time_ns": 371.0
    },
    "autodiff/forward/simple": {
      "cv": 0.7415046094412084,
      "p25_time_ns": 210.0,
      "std_time_ns": 1143.8800836920348,
      "median_time_ns": 2034.0,
      "allocs": 4,
      "gc_time_ns": 0.0,
      "memory_bytes": 2720,
      "iqr_time_ns": 1894.0,
      "p75_time_ns": 2104.0,
      "min_time_ns": 190.0,
      "mean_time_ns": 1542.6473,
      "max_time_ns": 16421.0,
      "p99_time_ns": 5140.0,
      "samples": 10000,
      "p95_time_ns": 2344.0
    },
    "autodiff/reverse/simple": {
      "cv": 0.41707546275711327,
      "p25_time_ns": 1784.0,
      "std_time_ns": 1344.8069861991805,
      "median_time_ns": 3676.5,
      "allocs": 4,
      "gc_time_ns": 0.0,
      "memory_bytes": 2720,
      "iqr_time_ns": 2053.0,
      "p75_time_ns": 3837.0,
      "min_time_ns": 1653.0,
      "mean_time_ns": 3224.3733,
      "max_time_ns": 23794.0,
      "p99_time_ns": 6933.0,
      "samples": 10000,
      "p95_time_ns": 4127.0
    }
  }
}