{
  "metadata": {
    "run_number": 62,
    "julia_version": "1.11.9",
    "commit_hash": "0b8dd93cc66465870759104d1b30c99a4accad75",
    "git_dirty": false,
    "hostname": "runnervm0kj6c",
    "git_branch": "main",
    "timestamp": "2026-03-14T03:06:03.909",
    "group": "enzyme",
    "system": {
      "julia_threads": 1,
      "arch": "x86_64",
      "word_size": 64,
      "os": "Linux",
      "cpu_threads": 4
    }
  },
  "benchmarks": {
    "basics/make_zero/array": {
      "cv": 2.0513594251602174,
      "p25_time_ns": 50.0,
      "std_time_ns": 156.75647669710065,
      "median_time_ns": 60.0,
      "allocs": 2,
      "gc_time_ns": 0.0,
      "memory_bytes": 928,
      "iqr_time_ns": 10.0,
      "p75_time_ns": 60.0,
      "min_time_ns": 49.0,
      "mean_time_ns": 76.4159,
      "max_time_ns": 10580.0,
      "p99_time_ns": 350.0,
      "samples": 10000,
      "p95_time_ns": 200.0
    },
    "basics/make_zero/namedtuple": {
      "cv": 0.14594377753005838,
      "p25_time_ns": 30.0,
      "std_time_ns": 4.286981709923441,
      "median_time_ns": 30.0,
      "allocs": 0,
      "gc_time_ns": 0.0,
      "memory_bytes": 0,
      "iqr_time_ns": 0.0,
      "p75_time_ns": 30.0,
      "min_time_ns": 20.0,
      "mean_time_ns": 29.3742,
      "max_time_ns": 281.0,
      "p99_time_ns": 31.0,
      "samples": 10000,
      "p95_time_ns": 31.0
    },
    "autodiff/reverse/complex": {
      "cv": 0.16328469988875516,
      "p25_time_ns": 28563.0,
      "std_time_ns": 4995.872067141743,
      "median_time_ns": 29054.0,
      "allocs": 3,
      "gc_time_ns": 0.0,
      "memory_bytes": 8072,
      "iqr_time_ns": 3267.0,
      "p75_time_ns": 31830.0,
      "min_time_ns": 28252.0,
      "mean_time_ns": 30596.082,
      "max_time_ns": 453929.0,
      "p99_time_ns": 40806.0,
      "samples": 10000,
      "p95_time_ns": 34845.0
    },
    "autodiff/forward/complex": {
      "cv": 0.14390581591964274,
      "p25_time_ns": 19647.0,
      "std_time_ns": 2964.8896833979557,
      "median_time_ns": 19768.0,
      "allocs": 3,
      "gc_time_ns": 0.0,
      "memory_bytes": 8072,
      "iqr_time_ns": 381.0,
      "p75_time_ns": 20028.0,
      "min_time_ns": 19347.0,
      "mean_time_ns": 20602.9872,
      "max_time_ns": 233116.0,
      "p99_time_ns": 28965.0,
      "samples": 10000,
      "p95_time_ns": 23194.0
    },
    "basics/make_zero/struct": {
      "cv": 0.8393749363222676,
      "p25_time_ns": 190.0,
      "std_time_ns": 180.56835080149338,
      "median_time_ns": 190.0,
      "allocs": 7,
      "gc_time_ns": 0.0,
      "memory_bytes": 496,
      "iqr_time_ns": 10.0,
      "p75_time_ns": 200.0,
      "min_time_ns": 170.0,
      "mean_time_ns": 215.1224,
      "max_time_ns": 10830.0,
      "p99_time_ns": 451.0,
      "samples": 10000,
      "p95_time_ns": 370.0
    },
    "autodiff/forward/simple": {
      "cv": 0.7494822595230601,
      "p25_time_ns": 211.0,
      "std_time_ns": 1182.8511893464258,
      "median_time_ns": 2064.0,
      "allocs": 4,
      "gc_time_ns": 0.0,
      "memory_bytes": 2720,
      "iqr_time_ns": 1943.0,
      "p75_time_ns": 2154.0,
      "min_time_ns": 200.0,
      "mean_time_ns": 1578.2244,
      "max_time_ns": 21139.0,
      "p99_time_ns": 5180.0,
      "samples": 10000,
      "p95_time_ns": 2425.0
    },
    "autodiff/reverse/simple": {
      "cv": 0.41711381013977883,
      "p25_time_ns": 1793.0,
      "std_time_ns": 1360.1937444393689,
      "median_time_ns": 3777.0,
      "allocs": 4,
      "gc_time_ns": 0.0,
      "memory_bytes": 2720,
      "iqr_time_ns": 2104.0,
      "p75_time_ns": 3897.0,
      "min_time_ns": 1583.0,
      "mean_time_ns": 3260.9655,
      "max_time_ns": 23724.0,
      "p99_time_ns": 6963.0,
      "samples": 10000,
      "p95_time_ns": 4167.0
    }
  }
}