{
  "metadata": {
    "run_number": 64,
    "julia_version": "1.11.9",
    "commit_hash": "0b8dd93cc66465870759104d1b30c99a4accad75",
    "git_dirty": true,
    "hostname": "runnervm0kj6c",
    "git_branch": "main",
    "timestamp": "2026-03-15T03:11:02.978",
    "group": "trixi",
    "system": {
      "julia_threads": 1,
      "arch": "x86_64",
      "word_size": 64,
      "os": "Linux",
      "cpu_threads": 4
    }
  },
  "benchmarks": {
    "tree_2d_dgsem/elixir_euler_ec.jl/p7_analysis": {
      "cv": 0.003679759067859636,
      "p25_time_ns": 1.1013711e7,
      "std_time_ns": 40611.20799200195,
      "median_time_ns": 1.1025859e7,
      "allocs": 0,
      "gc_time_ns": 0.0,
      "memory_bytes": 0,
      "iqr_time_ns": 32250.0,
      "p75_time_ns": 1.1045961e7,
      "min_time_ns": 1.0989637e7,
      "mean_time_ns": 1.1036376904867256e7,
      "max_time_ns": 1.1391905e7,
      "p99_time_ns": 1.1189218e7,
      "samples": 452,
      "p95_time_ns": 1.1106414e7
    },
    "tree_1d_dgsem/elixir_mhd_ec.jl/p3_analysis": {
      "cv": 0.1941696993961403,
      "p25_time_ns": 3136.0,
      "std_time_ns": 618.9060918384077,
      "median_time_ns": 3146.0,
      "allocs": 0,
      "gc_time_ns": 0.0,
      "memory_bytes": 0,
      "iqr_time_ns": 20.0,
      "p75_time_ns": 3156.0,
      "min_time_ns": 3105.0,
      "mean_time_ns": 3187.4494,
      "max_time_ns": 32410.0,
      "p99_time_ns": 3246.0,
      "samples": 10000,
      "p95_time_ns": 3196.0
    },
    "tree_2d_dgsem/elixir_euler_ec.jl/p3_rhs!": {
      "cv": 0.010424007152293777,
      "p25_time_ns": 1.384755e6,
      "std_time_ns": 14521.377316772867,
      "median_time_ns": 1.391116e6,
      "allocs": 0,
      "gc_time_ns": 0.0,
      "memory_bytes": 0,
      "iqr_time_ns": 10486.0,
      "p75_time_ns": 1.395241e6,
      "min_time_ns": 1.381207e6,
      "mean_time_ns": 1.3930705442366733e6,
      "max_time_ns": 1.61364e6,
      "p99_time_ns": 1.456848e6,
      "samples": 3583,
      "p95_time_ns": 1.412556e6
    },
    "tree_1d_dgsem/elixir_mhd_ec.jl/p3_rhs!": {
      "cv": 0.1216548074111523,
      "p25_time_ns": 5350.0,
      "std_time_ns": 659.2278635989641,
      "median_time_ns": 5360.0,
      "allocs": 0,
      "gc_time_ns": 0.0,
      "memory_bytes": 0,
      "iqr_time_ns": 20.0,
      "p75_time_ns": 5370.0,
      "min_time_ns": 5320.0,
      "mean_time_ns": 5418.8394,
      "max_time_ns": 21531.0,
      "p99_time_ns": 5481.0,
      "samples": 10000,
      "p95_time_ns": 5430.0
    },
    "tree_2d_dgsem/elixir_advection_amr_nonperiodic.jl/p3_analysis": {
      "cv": 0.008304032418641864,
      "p25_time_ns": 838389.0,
      "std_time_ns": 6974.081348156197,
      "median_time_ns": 839301.0,
      "allocs": 0,
      "gc_time_ns": 0.0,
      "memory_bytes": 0,
      "iqr_time_ns": 2605.0,
      "p75_time_ns": 840994.0,
      "min_time_ns": 829282.0,
      "mean_time_ns": 839842.7410398788,
      "max_time_ns": 1.003246e6,
      "p99_time_ns": 871120.0,
      "samples": 5943,
      "p95_time_ns": 846043.0
    },
    "tree_2d_dgsem/elixir_advection_amr_nonperiodic.jl/p7_rhs!": {
      "cv": 0.0268734781070263,
      "p25_time_ns": 318523.0,
      "std_time_ns": 8699.979381970274,
      "median_time_ns": 320497.0,
      "allocs": 0,
      "gc_time_ns": 0.0,
      "memory_bytes": 0,
      "iqr_time_ns": 9558.0,
      "p75_time_ns": 328081.0,
      "min_time_ns": 316059.0,
      "mean_time_ns": 323738.4959,
      "max_time_ns": 521060.0,
      "p99_time_ns": 352517.0,
      "samples": 10000,
      "p95_time_ns": 334763.0
    },
    "tree_2d_dgsem/elixir_euler_ec.jl/p7_rhs!": {
      "cv": 0.014423854102493833,
      "p25_time_ns": 9.452716e6,
      "std_time_ns": 138096.61816230672,
      "median_time_ns": 9.533925e6,
      "allocs": 0,
      "gc_time_ns": 0.0,
      "memory_bytes": 0,
      "iqr_time_ns": 219699.0,
      "p75_time_ns": 9.672415e6,
      "min_time_ns": 9.409736e6,
      "mean_time_ns": 9.574182959770115e6,
      "max_time_ns": 1.0202332e7,
      "p99_time_ns": 9.889237e6,
      "samples": 522,
      "p95_time_ns": 9.842439e6
    },
    "tree_2d_dgsem/elixir_euler_vortex_mortar.jl/p7_rhs!": {
      "cv": 0.015320948740534692,
      "p25_time_ns": 1.130302e6,
      "std_time_ns": 17467.393743601206,
      "median_time_ns": 1.13689e6,
      "allocs": 0,
      "gc_time_ns": 0.0,
      "memory_bytes": 0,
      "iqr_time_ns": 14407.0,
      "p75_time_ns": 1.144709e6,
      "min_time_ns": 1.113236e6,
      "mean_time_ns": 1.1400987001142858e6,
      "max_time_ns": 1.341695e6,
      "p99_time_ns": 1.212195e6,
      "samples": 4375,
      "p95_time_ns": 1.167678e6
    },
    "tree_1d_dgsem/elixir_mhd_ec.jl/p7_rhs!": {
      "cv": 0.0793778369581519,
      "p25_time_ns": 14557.0,
      "std_time_ns": 1169.0292195197558,
      "median_time_ns": 14577.0,
      "allocs": 0,
      "gc_time_ns": 0.0,
      "memory_bytes": 0,
      "iqr_time_ns": 50.0,
      "p75_time_ns": 14607.0,
      "min_time_ns": 14457.0,
      "mean_time_ns": 14727.4008,
      "max_time_ns": 45555.0,
      "p99_time_ns": 22031.0,
      "samples": 10000,
      "p95_time_ns": 14667.0
    },
    "structured_1d_dgsem/elixir_euler_sedov.jl/p3_rhs!": {
      "cv": 0.0820496246722924,
      "p25_time_ns": 12493.0,
      "std_time_ns": 1037.897721941869,
      "median_time_ns": 12523.0,
      "allocs": 0,
      "gc_time_ns": 0.0,
      "memory_bytes": 0,
      "iqr_time_ns": 70.0,
      "p75_time_ns": 12563.0,
      "min_time_ns": 12363.0,
      "mean_time_ns": 12649.634,
      "max_time_ns": 44503.0,
      "p99_time_ns": 20068.0,
      "samples": 10000,
      "p95_time_ns": 12634.0
    },
    "tree_2d_dgsem/elixir_euler_ec.jl/p3_analysis": {
      "cv": 0.008614880589397612,
      "p25_time_ns": 2.299098e6,
      "std_time_ns": 19875.012183844556,
      "median_time_ns": 2.303436e6,
      "allocs": 0,
      "gc_time_ns": 0.0,
      "memory_bytes": 0,
      "iqr_time_ns": 9267.0,
      "p75_time_ns": 2.308365e6,
      "min_time_ns": 2.294359e6,
      "mean_time_ns": 2.3070560267898384e6,
      "max_time_ns": 2.684906e6,
      "p99_time_ns": 2.373716e6,
      "samples": 2165,
      "p95_time_ns": 2.326428e6
    },
    "structured_1d_dgsem/elixir_euler_sedov.jl/p7_analysis": {
      "cv": 0.1309951723747535,
      "p25_time_ns": 8115.0,
      "std_time_ns": 1104.4590073649836,
      "median_time_ns": 8235.0,
      "allocs": 128,
      "gc_time_ns": 0.0,
      "memory_bytes": 8192,
      "iqr_time_ns": 370.0,
      "p75_time_ns": 8485.0,
      "min_time_ns": 7994.0,
      "mean_time_ns": 8431.2955,
      "max_time_ns": 29996.0,
      "p99_time_ns": 12363.0,
      "samples": 10000,
      "p95_time_ns": 8836.0
    },
    "tree_2d_dgsem/elixir_euler_vortex_mortar.jl/p7_analysis": {
      "cv": 0.021050797128931605,
      "p25_time_ns": 6.284634e6,
      "std_time_ns": 132734.5941448959,
      "median_time_ns": 6.2934755e6,
      "allocs": 0,
      "gc_time_ns": 0.0,
      "memory_bytes": 0,
      "iqr_time_ns": 19046.0,
      "p75_time_ns": 6.30368e6,
      "min_time_ns": 6.25506e6,
      "mean_time_ns": 6.30544265530303e6,
      "max_time_ns": 8.89345e6,
      "p99_time_ns": 6.455292e6,
      "samples": 792,
      "p95_time_ns": 6.344045e6
    },
    "tree_2d_dgsem/elixir_euler_vortex_mortar.jl/p3_rhs!": {
      "cv": 0.039723915070213514,
      "p25_time_ns": 358688.0,
      "std_time_ns": 14503.753935904015,
      "median_time_ns": 361298.0,
      "allocs": 0,
      "gc_time_ns": 0.0,
      "memory_bytes": 0,
      "iqr_time_ns": 9548.0,
      "p75_time_ns": 368236.0,
      "min_time_ns": 355943.0,
      "mean_time_ns": 365113.9096,
      "max_time_ns": 604546.0,
      "p99_time_ns": 403362.0,
      "samples": 10000,
      "p95_time_ns": 376753.0
    },
    "tree_2d_dgsem/elixir_advection_amr_nonperiodic.jl/p7_analysis": {
      "cv": 0.02392378594187036,
      "p25_time_ns": 3.946895e6,
      "std_time_ns": 94821.71748163975,
      "median_time_ns": 3.949845e6,
      "allocs": 0,
      "gc_time_ns": 0.0,
      "memory_bytes": 0,