{
  "metadata": {
    "run_number": 64,
    "julia_version": "1.11.9",
    "commit_hash": "0b8dd93cc66465870759104d1b30c99a4accad75",
    "git_dirty": true,
    "hostname": "runnervm46oaq",
    "git_branch": "main",
    "timestamp": "2026-03-17T03:06:51.595",
    "group": "trixi",
    "system": {
      "julia_threads": 1,
      "arch": "x86_64",
      "word_size": 64,
      "os": "Linux",
      "cpu_threads": 4
    }
  },
  "benchmarks": {
    "tree_2d_dgsem/elixir_euler_ec.jl/p7_analysis": {
      "cv": 0.007592454019706917,
      "p25_time_ns": 1.0912519e7,
      "std_time_ns": 83019.54693582821,
      "median_time_ns": 1.09170805e7,
      "allocs": 0,
      "gc_time_ns": 0.0,
      "memory_bytes": 0,
      "iqr_time_ns": 14768.0,
      "p75_time_ns": 1.0927287e7,
      "min_time_ns": 1.0898503e7,
      "mean_time_ns": 1.093448135745614e7,
      "max_time_ns": 1.2204566e7,
      "p99_time_ns": 1.1305026e7,
      "samples": 456,
      "p95_time_ns": 1.0985513e7
    },
    "tree_1d_dgsem/elixir_mhd_ec.jl/p3_analysis": {
      "cv": 0.14357165307489272,
      "p25_time_ns": 3246.0,
      "std_time_ns": 471.25222882722517,
      "median_time_ns": 3256.0,
      "allocs": 0,
      "gc_time_ns": 0.0,
      "memory_bytes": 0,
      "iqr_time_ns": 20.0,
      "p75_time_ns": 3266.0,
      "min_time_ns": 3176.0,
      "mean_time_ns": 3282.3487,
      "max_time_ns": 19116.0,
      "p99_time_ns": 3346.0,
      "samples": 10000,
      "p95_time_ns": 3306.0
    },
    "tree_2d_dgsem/elixir_euler_ec.jl/p3_rhs!": {
      "cv": 0.031672894056014866,
      "p25_time_ns": 1.390183e6,
      "std_time_ns": 44326.80260507988,
      "median_time_ns": 1.394643e6,
      "allocs": 0,
      "gc_time_ns": 0.0,
      "memory_bytes": 0,
      "iqr_time_ns": 10091.0,
      "p75_time_ns": 1.400274e6,
      "min_time_ns": 1.381086e6,
      "mean_time_ns": 1.3995185449957948e6,
      "max_time_ns": 2.26309e6,
      "p99_time_ns": 1.462149e6,
      "samples": 3567,
      "p95_time_ns": 1.412947e6
    },
    "tree_1d_dgsem/elixir_mhd_ec.jl/p3_rhs!": {
      "cv": 0.1271936976258963,
      "p25_time_ns": 5330.0,
      "std_time_ns": 686.6853088203687,
      "median_time_ns": 5340.0,
      "allocs": 0,
      "gc_time_ns": 0.0,
      "memory_bytes": 0,
      "iqr_time_ns": 20.0,
      "p75_time_ns": 5350.0,
      "min_time_ns": 5299.0,
      "mean_time_ns": 5398.7369,
      "max_time_ns": 23544.0,
      "p99_time_ns": 5431.0,
      "samples": 10000,
      "p95_time_ns": 5400.0
    },
    "tree_2d_dgsem/elixir_advection_amr_nonperiodic.jl/p3_analysis": {
      "cv": 0.012457556898002115,
      "p25_time_ns": 836819.0,
      "std_time_ns": 10445.287537651204,
      "median_time_ns": 837770.0,
      "allocs": 0,
      "gc_time_ns": 0.0,
      "memory_bytes": 0,
      "iqr_time_ns": 2485.0,
      "p75_time_ns": 839304.0,
      "min_time_ns": 828133.0,
      "mean_time_ns": 838469.9843776247,
      "max_time_ns": 1.332668e6,
      "p99_time_ns": 864280.0,
      "samples": 5953,
      "p95_time_ns": 847458.0
    },
    "tree_2d_dgsem/elixir_advection_amr_nonperiodic.jl/p7_rhs!": {
      "cv": 0.0206796710748382,
      "p25_time_ns": 317374.0,
      "std_time_ns": 6657.032631009463,
      "median_time_ns": 319158.0,
      "allocs": 0,
      "gc_time_ns": 0.0,
      "memory_bytes": 0,
      "iqr_time_ns": 9628.0,
      "p75_time_ns": 327002.0,
      "min_time_ns": 315481.0,
      "mean_time_ns": 321911.9205,
      "max_time_ns": 471643.0,
      "p99_time_ns": 338774.0,
      "samples": 10000,
      "p95_time_ns": 330408.0
    },
    "tree_2d_dgsem/elixir_euler_ec.jl/p7_rhs!": {
      "cv": 0.006897860486411166,
      "p25_time_ns": 9.436068e6,
      "std_time_ns": 65395.9366417011,
      "median_time_ns": 9.461563e6,
      "allocs": 0,
      "gc_time_ns": 0.0,
      "memory_bytes": 0,
      "iqr_time_ns": 71363.0,
      "p75_time_ns": 9.507431e6,
      "min_time_ns": 9.405458e6,
      "mean_time_ns": 9.480611672348484e6,
      "max_time_ns": 9.979777e6,
      "p99_time_ns": 9.73746e6,
      "samples": 528,
      "p95_time_ns": 9.594281e6
    },
    "tree_2d_dgsem/elixir_euler_vortex_mortar.jl/p7_rhs!": {
      "cv": 0.012910308370897629,
      "p25_time_ns": 1.130609e6,
      "std_time_ns": 14698.9790236609,
      "median_time_ns": 1.135709e6,
      "allocs": 0,
      "gc_time_ns": 0.0,
      "memory_bytes": 0,
      "iqr_time_ns": 11472.0,
      "p75_time_ns": 1.142081e6,
      "min_time_ns": 1.121943e6,
      "mean_time_ns": 1.1385459279032627e6,
      "max_time_ns": 1.564071e6,
      "p99_time_ns": 1.198496e6,
      "samples": 4383,
      "p95_time_ns": 1.15807e6
    },
    "tree_1d_dgsem/elixir_mhd_ec.jl/p7_rhs!": {
      "cv": 0.07143870681412785,
      "p25_time_ns": 14488.0,
      "std_time_ns": 1046.475340396211,
      "median_time_ns": 14517.0,
      "allocs": 0,
      "gc_time_ns": 0.0,
      "memory_bytes": 0,
      "iqr_time_ns": 50.0,
      "p75_time_ns": 14538.0,
      "min_time_ns": 14377.0,
      "mean_time_ns": 14648.5762,
      "max_time_ns": 33012.0,
      "p99_time_ns": 22102.0,
      "samples": 10000,
      "p95_time_ns": 14597.0
    },
    "structured_1d_dgsem/elixir_euler_sedov.jl/p3_rhs!": {
      "cv": 0.0819685001041533,
      "p25_time_ns": 12564.0,
      "std_time_ns": 1049.4821910599749,
      "median_time_ns": 12613.0,
      "allocs": 0,
      "gc_time_ns": 0.0,
      "memory_bytes": 0,
      "iqr_time_ns": 120.0,
      "p75_time_ns": 12684.0,
      "min_time_ns": 12443.0,
      "mean_time_ns": 12803.4817,
      "max_time_ns": 36478.0,
      "p99_time_ns": 20267.0,
      "samples": 10000,
      "p95_time_ns": 13115.0
    },
    "tree_2d_dgsem/elixir_euler_ec.jl/p3_analysis": {
      "cv": 0.00864549852511836,
      "p25_time_ns": 2.303005e6,
      "std_time_ns": 19969.270549980487,
      "median_time_ns": 2.306521e6,
      "allocs": 0,
      "gc_time_ns": 0.0,
      "memory_bytes": 0,
      "iqr_time_ns": 8325.0,
      "p75_time_ns": 2.31133e6,
      "min_time_ns": 2.298015e6,
      "mean_time_ns": 2.309788208506704e6,
      "max_time_ns": 2.704538e6,
      "p99_time_ns": 2.371393e6,
      "samples": 2163,
      "p95_time_ns": 2.32181e6
    },
    "structured_1d_dgsem/elixir_euler_sedov.jl/p7_analysis": {
      "cv": 0.11773538484565013,
      "p25_time_ns": 8095.0,
      "std_time_ns": 983.5121680626187,
      "median_time_ns": 8176.0,
      "allocs": 128,
      "gc_time_ns": 0.0,
      "memory_bytes": 8192,
      "iqr_time_ns": 321.0,
      "p75_time_ns": 8416.0,
      "min_time_ns": 7864.0,
      "mean_time_ns": 8353.5818,
      "max_time_ns": 28013.0,
      "p99_time_ns": 11110.0,
      "samples": 10000,
      "p95_time_ns": 8757.0
    },
    "tree_2d_dgsem/elixir_euler_vortex_mortar.jl/p7_analysis": {
      "cv": 0.012257750954982811,
      "p25_time_ns": 6.28633e6,
      "std_time_ns": 77237.23360114715,
      "median_time_ns": 6.2912655e6,
      "allocs": 0,
      "gc_time_ns": 0.0,
      "memory_bytes": 0,
      "iqr_time_ns": 12424.0,
      "p75_time_ns": 6.298754e6,
      "min_time_ns": 6.272776e6,
      "mean_time_ns": 6.30109339672544e6,
      "max_time_ns": 8.346351e6,
      "p99_time_ns": 6.424209e6,
      "samples": 794,
      "p95_time_ns": 6.345001e6
    },
    "tree_2d_dgsem/elixir_euler_vortex_mortar.jl/p3_rhs!": {
      "cv": 0.02559747901057319,
      "p25_time_ns": 354514.0,
      "std_time_ns": 9197.441599764692,
      "median_time_ns": 355636.0,
      "allocs": 0,
      "gc_time_ns": 0.0,
      "memory_bytes": 0,
      "iqr_time_ns": 9248.0,
      "p75_time_ns": 363762.0,
      "min_time_ns": 350928.0,
      "mean_time_ns": 359310.446,
      "max_time_ns": 605885.0,
      "p99_time_ns": 383479.0,
      "samples": 10000,
      "p95_time_ns": 367609.0
    },
    "tree_2d_dgsem/elixir_advection_amr_nonperiodic.jl/p7_analysis": {
      "cv": 0.009976301825070788,
      "p25_time_ns": 3.93793e6,
      "std_time_ns": 39390.83208596716,
      "median_time_ns": 3.9410895e6,
      "allocs": 0,
      "gc_time_ns": 0.0,
      "memory_bytes": 0,