{
  "metadata": {
    "run_number": 64,
    "julia_version": "1.11.9",
    "commit_hash": "0b8dd93cc66465870759104d1b30c99a4accad75",
    "git_dirty": true,
    "hostname": "runnervm0kj6c",
    "git_branch": "main",
    "timestamp": "2026-03-16T03:12:24.213",
    "group": "trixi",
    "system": {
      "julia_threads": 1,
      "arch": "x86_64",
      "word_size": 64,
      "os": "Linux",
      "cpu_threads": 4
    }
  },
  "benchmarks": {
    "tree_2d_dgsem/elixir_euler_ec.jl/p7_analysis": {
      "cv": 0.00829833115855698,
      "p25_time_ns": 1.1071836e7,
      "std_time_ns": 92115.07007005536,
      "median_time_ns": 1.10818845e7,
      "allocs": 0,
      "gc_time_ns": 0.0,
      "memory_bytes": 0,
      "iqr_time_ns": 27791.0,
      "p75_time_ns": 1.1099627e7,
      "min_time_ns": 1.1037201e7,
      "mean_time_ns": 1.1100433124444444e7,
      "max_time_ns": 1.2108855e7,
      "p99_time_ns": 1.1723809e7,
      "samples": 450,
      "p95_time_ns": 1.1159078e7
    },
    "tree_1d_dgsem/elixir_mhd_ec.jl/p3_analysis": {
      "cv": 0.17367646970682515,
      "p25_time_ns": 3195.0,
      "std_time_ns": 563.3584982880078,
      "median_time_ns": 3205.0,
      "allocs": 0,
      "gc_time_ns": 0.0,
      "memory_bytes": 0,
      "iqr_time_ns": 21.0,
      "p75_time_ns": 3216.0,
      "min_time_ns": 3156.0,
      "mean_time_ns": 3243.7238,
      "max_time_ns": 18264.0,
      "p99_time_ns": 3297.0,
      "samples": 10000,
      "p95_time_ns": 3256.0
    },
    "tree_2d_dgsem/elixir_euler_ec.jl/p3_rhs!": {
      "cv": 0.012090660390199338,
      "p25_time_ns": 1.39785e6,
      "std_time_ns": 16991.63199065831,
      "median_time_ns": 1.4034205e6,
      "allocs": 0,
      "gc_time_ns": 0.0,
      "memory_bytes": 0,
      "iqr_time_ns": 10129.0,
      "p75_time_ns": 1.407979e6,
      "min_time_ns": 1.391438e6,
      "mean_time_ns": 1.4053518536036036e6,
      "max_time_ns": 1.853428e6,
      "p99_time_ns": 1.457791e6,
      "samples": 3552,
      "p95_time_ns": 1.420812e6
    },
    "tree_1d_dgsem/elixir_mhd_ec.jl/p3_rhs!": {
      "cv": 0.12161460943521277,
      "p25_time_ns": 5341.0,
      "std_time_ns": 658.759328705792,
      "median_time_ns": 5359.0,
      "allocs": 0,
      "gc_time_ns": 0.0,
      "memory_bytes": 0,
      "iqr_time_ns": 29.0,
      "p75_time_ns": 5370.0,
      "min_time_ns": 5299.0,
      "mean_time_ns": 5416.7779,
      "max_time_ns": 23995.0,
      "p99_time_ns": 6141.0,
      "samples": 10000,
      "p95_time_ns": 5420.0
    },
    "tree_2d_dgsem/elixir_advection_amr_nonperiodic.jl/p3_analysis": {
      "cv": 0.08507230354504111,
      "p25_time_ns": 839942.0,
      "std_time_ns": 72147.77533068502,
      "median_time_ns": 841355.0,
      "allocs": 0,
      "gc_time_ns": 0.0,
      "memory_bytes": 0,
      "iqr_time_ns": 2555.0,
      "p75_time_ns": 842497.0,
      "min_time_ns": 829834.0,
      "mean_time_ns": 848075.958028887,
      "max_time_ns": 2.571143e6,
      "p99_time_ns": 1.068197e6,
      "samples": 5885,
      "p95_time_ns": 847537.0
    },
    "tree_2d_dgsem/elixir_advection_amr_nonperiodic.jl/p7_rhs!": {
      "cv": 0.021044571082218213,
      "p25_time_ns": 319133.0,
      "std_time_ns": 6811.227837648159,
      "median_time_ns": 320667.0,
      "allocs": 0,
      "gc_time_ns": 0.0,
      "memory_bytes": 0,
      "iqr_time_ns": 9719.0,
      "p75_time_ns": 328852.0,
      "min_time_ns": 316980.0,
      "mean_time_ns": 323657.2421,
      "max_time_ns": 473080.0,
      "p99_time_ns": 342026.0,
      "samples": 10000,
      "p95_time_ns": 331988.0
    },
    "tree_2d_dgsem/elixir_euler_ec.jl/p7_rhs!": {
      "cv": 0.04042312074052836,
      "p25_time_ns": 9.4341e6,
      "std_time_ns": 383580.69689244666,
      "median_time_ns": 9.445211e6,
      "allocs": 0,
      "gc_time_ns": 0.0,
      "memory_bytes": 0,
      "iqr_time_ns": 37830.0,
      "p75_time_ns": 9.47193e6,
      "min_time_ns": 9.417408e6,
      "mean_time_ns": 9.48914111195446e6,
      "max_time_ns": 1.5379128e7,
      "p99_time_ns": 9.69259e6,
      "samples": 527,
      "p95_time_ns": 9.539586e6
    },
    "tree_2d_dgsem/elixir_euler_vortex_mortar.jl/p7_rhs!": {
      "cv": 0.09557880354611717,
      "p25_time_ns": 1.124873e6,
      "std_time_ns": 109279.2007220266,
      "median_time_ns": 1.129081e6,
      "allocs": 0,
      "gc_time_ns": 0.0,
      "memory_bytes": 0,
      "iqr_time_ns": 11190.0,
      "p75_time_ns": 1.136063e6,
      "min_time_ns": 1.115815e6,
      "mean_time_ns": 1.1433413755728689e6,
      "max_time_ns": 3.706686e6,
      "p99_time_ns": 1.695554e6,
      "samples": 4364,
      "p95_time_ns": 1.156522e6
    },
    "tree_1d_dgsem/elixir_mhd_ec.jl/p7_rhs!": {
      "cv": 0.07838938817609238,
      "p25_time_ns": 14467.0,
      "std_time_ns": 1148.20705823306,
      "median_time_ns": 14497.0,
      "allocs": 0,
      "gc_time_ns": 0.0,
      "memory_bytes": 0,
      "iqr_time_ns": 60.0,
      "p75_time_ns": 14527.0,
      "min_time_ns": 14376.0,
      "mean_time_ns": 14647.4808,
      "max_time_ns": 47228.0,
      "p99_time_ns": 22251.0,
      "samples": 10000,
      "p95_time_ns": 14587.0
    },
    "structured_1d_dgsem/elixir_euler_sedov.jl/p3_rhs!": {
      "cv": 0.08367621311486444,
      "p25_time_ns": 12483.0,
      "std_time_ns": 1058.0624528502149,
      "median_time_ns": 12513.0,
      "allocs": 0,
      "gc_time_ns": 0.0,
      "memory_bytes": 0,
      "iqr_time_ns": 60.0,
      "p75_time_ns": 12543.0,
      "min_time_ns": 12403.0,
      "mean_time_ns": 12644.722,
      "max_time_ns": 44463.0,
      "p99_time_ns": 20308.0,
      "samples": 10000,
      "p95_time_ns": 12613.0
    },
    "tree_2d_dgsem/elixir_euler_ec.jl/p3_analysis": {
      "cv": 0.02408956954309649,
      "p25_time_ns": 2.303254e6,
      "std_time_ns": 55703.645714788676,
      "median_time_ns": 2.3070315e6,
      "allocs": 0,
      "gc_time_ns": 0.0,
      "memory_bytes": 0,
      "iqr_time_ns": 9007.0,
      "p75_time_ns": 2.312261e6,
      "min_time_ns": 2.295962e6,
      "mean_time_ns": 2.312355379166667e6,
      "max_time_ns": 4.335716e6,
      "p99_time_ns": 2.373675e6,
      "samples": 2160,
      "p95_time_ns": 2.329694e6
    },
    "structured_1d_dgsem/elixir_euler_sedov.jl/p7_analysis": {
      "cv": 0.1267382366005344,
      "p25_time_ns": 8275.0,
      "std_time_ns": 1084.0028216777162,
      "median_time_ns": 8366.0,
      "allocs": 128,
      "gc_time_ns": 0.0,
      "memory_bytes": 8192,
      "iqr_time_ns": 291.0,
      "p75_time_ns": 8566.0,
      "min_time_ns": 8135.0,
      "mean_time_ns": 8553.0843,
      "max_time_ns": 38742.0,
      "p99_time_ns": 12794.0,
      "samples": 10000,
      "p95_time_ns": 8907.0
    },
    "tree_2d_dgsem/elixir_euler_vortex_mortar.jl/p7_analysis": {
      "cv": 0.021990289605532235,
      "p25_time_ns": 6.324355e6,
      "std_time_ns": 139667.9781613009,
      "median_time_ns": 6.330777e6,
      "allocs": 0,
      "gc_time_ns": 0.0,
      "memory_bytes": 0,
      "iqr_time_ns": 16590.0,
      "p75_time_ns": 6.340945e6,
      "min_time_ns": 6.307724e6,
      "mean_time_ns": 6.351347829733164e6,
      "max_time_ns": 8.615006e6,
      "p99_time_ns": 6.8702e6,
      "samples": 787,
      "p95_time_ns": 6.384537e6
    },
    "tree_2d_dgsem/elixir_euler_vortex_mortar.jl/p3_rhs!": {
      "cv": 0.02615121654776616,
      "p25_time_ns": 357545.0,
      "std_time_ns": 9491.98681658851,
      "median_time_ns": 359177.5,
      "allocs": 0,
      "gc_time_ns": 0.0,
      "memory_bytes": 0,
      "iqr_time_ns": 9498.0,
      "p75_time_ns": 367043.0,
      "min_time_ns": 354170.0,
      "mean_time_ns": 362965.4016,
      "max_time_ns": 613140.0,
      "p99_time_ns": 386449.0,
      "samples": 10000,
      "p95_time_ns": 374416.0
    },
    "tree_2d_dgsem/elixir_advection_amr_nonperiodic.jl/p7_analysis": {
      "cv": 0.01092621777499307,
      "p25_time_ns": 3.950128e6,
      "std_time_ns": 43239.96288671935,
      "median_time_ns": 3.952482e6,
      "allocs": 0,
      "gc_time_ns": 0.0,
      "memory_bytes": 0,