{
  "metadata": {
    "run_number": 62,
    "julia_version": "1.11.9",
    "commit_hash": "f1041190009fc20227a5b3648181993ad8122499",
    "git_dirty": false,
    "hostname": "runnervm0kj6c",
    "git_branch": "main",
    "timestamp": "2026-03-11T03:05:02.411",
    "group": "enzyme",
    "system": {
      "julia_threads": 1,
      "arch": "x86_64",
      "word_size": 64,
      "os": "Linux",
      "cpu_threads": 4
    }
  },
  "benchmarks": {
    "basics/make_zero/array": {
      "cv": 1.8354873667699678,
      "p25_time_ns": 60.0,
      "std_time_ns": 175.85877880517734,
      "median_time_ns": 60.0,
      "allocs": 2,
      "gc_time_ns": 0.0,
      "memory_bytes": 928,
      "iqr_time_ns": 1.0,
      "p75_time_ns": 61.0,
      "min_time_ns": 49.0,
      "mean_time_ns": 95.8104,
      "max_time_ns": 14487.0,
      "p99_time_ns": 511.0,
      "samples": 10000,
      "p95_time_ns": 320.0
    },
    "basics/make_zero/namedtuple": {
      "cv": 4.033020522254032,
      "p25_time_ns": 30.0,
      "std_time_ns": 123.0934325679242,
      "median_time_ns": 30.0,
      "allocs": 0,
      "gc_time_ns": 0.0,
      "memory_bytes": 0,
      "iqr_time_ns": 0.0,
      "p75_time_ns": 30.0,
      "min_time_ns": 20.0,
      "mean_time_ns": 30.5214,
      "max_time_ns": 12333.0,
      "p99_time_ns": 31.0,
      "samples": 10000,
      "p95_time_ns": 31.0
    },
    "autodiff/reverse/complex": {
      "cv": 0.2203276243207263,
      "p25_time_ns": 28593.0,
      "std_time_ns": 6614.027865682669,
      "median_time_ns": 28873.0,
      "allocs": 3,
      "gc_time_ns": 0.0,
      "memory_bytes": 8072,
      "iqr_time_ns": 3077.0,
      "p75_time_ns": 31670.0,
      "min_time_ns": 28082.0,
      "mean_time_ns": 30019.0586,
      "max_time_ns": 640085.0,
      "p99_time_ns": 40436.0,
      "samples": 10000,
      "p95_time_ns": 34013.0
    },
    "autodiff/forward/complex": {
      "cv": 0.17495192405395424,
      "p25_time_ns": 19036.0,
      "std_time_ns": 3511.000346516079,
      "median_time_ns": 19235.0,
      "allocs": 3,
      "gc_time_ns": 0.0,
      "memory_bytes": 8072,
      "iqr_time_ns": 601.0,
      "p75_time_ns": 19637.0,
      "min_time_ns": 18695.0,
      "mean_time_ns": 20068.3723,
      "max_time_ns": 299149.0,
      "p99_time_ns": 28373.0,
      "samples": 10000,
      "p95_time_ns": 22732.0
    },
    "basics/make_zero/struct": {
      "cv": 0.9866047152057917,
      "p25_time_ns": 190.0,
      "std_time_ns": 220.19261087000206,
      "median_time_ns": 191.0,
      "allocs": 7,
      "gc_time_ns": 0.0,
      "memory_bytes": 496,
      "iqr_time_ns": 11.0,
      "p75_time_ns": 201.0,
      "min_time_ns": 180.0,
      "mean_time_ns": 223.1822,
      "max_time_ns": 18224.0,
      "p99_time_ns": 551.0,
      "samples": 10000,
      "p95_time_ns": 401.0
    },
    "autodiff/forward/simple": {
      "cv": 1.0233012981478227,
      "p25_time_ns": 211.0,
      "std_time_ns": 1676.038488072437,
      "median_time_ns": 2104.0,
      "allocs": 4,
      "gc_time_ns": 0.0,
      "memory_bytes": 2720,
      "iqr_time_ns": 2013.0,
      "p75_time_ns": 2224.0,
      "min_time_ns": 191.0,
      "mean_time_ns": 1637.8739,
      "max_time_ns": 93925.0,
      "p99_time_ns": 5280.0,
      "samples": 10000,
      "p95_time_ns": 2505.0
    },
    "autodiff/reverse/simple": {
      "cv": 0.4346762426592711,
      "p25_time_ns": 1773.0,
      "std_time_ns": 1448.9666527186293,
      "median_time_ns": 3857.0,
      "allocs": 4,
      "gc_time_ns": 0.0,
      "memory_bytes": 2720,
      "iqr_time_ns": 2225.0,
      "p75_time_ns": 3998.0,
      "min_time_ns": 1693.0,
      "mean_time_ns": 3333.4388,
      "max_time_ns": 34935.0,
      "p99_time_ns": 7093.0,
      "samples": 10000,
      "p95_time_ns": 4348.0
    }
  }
}