{
  "metadata": {
    "run_number": 64,
    "julia_version": "1.11.9",
    "commit_hash": "f1041190009fc20227a5b3648181993ad8122499",
    "git_dirty": true,
    "hostname": "runnervm0kj6c",
    "git_branch": "main",
    "timestamp": "2026-03-11T03:02:50.099",
    "group": "trixi",
    "system": {
      "julia_threads": 1,
      "arch": "x86_64",
      "word_size": 64,
      "os": "Linux",
      "cpu_threads": 4
    }
  },
  "benchmarks": {
    "tree_2d_dgsem/elixir_euler_ec.jl/p7_analysis": {
      "cv": 0.004172593940095191,
      "p25_time_ns": 1.1017332e7,
      "std_time_ns": 46084.13740921967,
      "median_time_ns": 1.10358955e7,
      "allocs": 0,
      "gc_time_ns": 0.0,
      "memory_bytes": 0,
      "iqr_time_ns": 40664.0,
      "p75_time_ns": 1.1057996e7,
      "min_time_ns": 1.0973941e7,
      "mean_time_ns": 1.1044481699115044e7,
      "max_time_ns": 1.1349311e7,
      "p99_time_ns": 1.1231942e7,
      "samples": 452,
      "p95_time_ns": 1.1114092e7
    },
    "tree_1d_dgsem/elixir_mhd_ec.jl/p3_analysis": {
      "cv": 0.17094279614854713,
      "p25_time_ns": 3276.0,
      "std_time_ns": 568.3993786144307,
      "median_time_ns": 3277.0,
      "allocs": 0,
      "gc_time_ns": 0.0,
      "memory_bytes": 0,
      "iqr_time_ns": 20.0,
      "p75_time_ns": 3296.0,
      "min_time_ns": 3236.0,
      "mean_time_ns": 3325.0853,
      "max_time_ns": 19697.0,
      "p99_time_ns": 3387.0,
      "samples": 10000,
      "p95_time_ns": 3336.0
    },
    "tree_2d_dgsem/elixir_euler_ec.jl/p3_rhs!": {
      "cv": 0.013929978115685828,
      "p25_time_ns": 1.393901e6,
      "std_time_ns": 19531.842078728878,
      "median_time_ns": 1.399716e6,
      "allocs": 0,
      "gc_time_ns": 0.0,
      "memory_bytes": 0,
      "iqr_time_ns": 10880.0,
      "p75_time_ns": 1.404781e6,
      "min_time_ns": 1.386846e6,
      "mean_time_ns": 1.4021444912921349e6,
      "max_time_ns": 1.808909e6,
      "p99_time_ns": 1.46281e6,
      "samples": 3560,
      "p95_time_ns": 1.417914e6
    },
    "tree_1d_dgsem/elixir_mhd_ec.jl/p3_rhs!": {
      "cv": 0.1417857022179149,
      "p25_time_ns": 5380.0,
      "std_time_ns": 773.6320760110347,
      "median_time_ns": 5390.0,
      "allocs": 0,
      "gc_time_ns": 0.0,
      "memory_bytes": 0,
      "iqr_time_ns": 21.0,
      "p75_time_ns": 5401.0,
      "min_time_ns": 5330.0,
      "mean_time_ns": 5456.3476,
      "max_time_ns": 37149.0,
      "p99_time_ns": 6182.0,
      "samples": 10000,
      "p95_time_ns": 5460.0
    },
    "tree_2d_dgsem/elixir_advection_amr_nonperiodic.jl/p3_analysis": {
      "cv": 0.011667227986817102,
      "p25_time_ns": 838149.0,
      "std_time_ns": 9796.49198116242,
      "median_time_ns": 839033.5,
      "allocs": 0,
      "gc_time_ns": 0.0,
      "memory_bytes": 0,
      "iqr_time_ns": 2054.0,
      "p75_time_ns": 840203.0,
      "min_time_ns": 829132.0,
      "mean_time_ns": 839658.9140309556,
      "max_time_ns": 1.128312e6,
      "p99_time_ns": 874346.0,
      "samples": 5944,
      "p95_time_ns": 846454.0
    },
    "tree_2d_dgsem/elixir_advection_amr_nonperiodic.jl/p7_rhs!": {
      "cv": 0.071941166004041,
      "p25_time_ns": 317502.0,
      "std_time_ns": 23306.07284347904,
      "median_time_ns": 319562.0,
      "allocs": 0,
      "gc_time_ns": 0.0,
      "memory_bytes": 0,
      "iqr_time_ns": 9630.0,
      "p75_time_ns": 327132.0,
      "min_time_ns": 315849.0,
      "mean_time_ns": 323960.1766,
      "max_time_ns": 1.066811e6,
      "p99_time_ns": 359083.0,
      "samples": 10000,
      "p95_time_ns": 331361.0
    },
    "tree_2d_dgsem/elixir_euler_ec.jl/p7_rhs!": {
      "cv": 0.006606725790833927,
      "p25_time_ns": 9.431254e6,
      "std_time_ns": 62517.63250627465,
      "median_time_ns": 9.447173e6,
      "allocs": 0,
      "gc_time_ns": 0.0,
      "memory_bytes": 0,
      "iqr_time_ns": 41607.0,
      "p75_time_ns": 9.472861e6,
      "min_time_ns": 9.402159e6,
      "mean_time_ns": 9.462725483931947e6,
      "max_time_ns": 1.0104915e7,
      "p99_time_ns": 9.776109e6,
      "samples": 529,
      "p95_time_ns": 9.553412e6
    },
    "tree_2d_dgsem/elixir_euler_vortex_mortar.jl/p7_rhs!": {
      "cv": 0.016391866348594263,
      "p25_time_ns": 1.140126e6,
      "std_time_ns": 18842.779647490108,
      "median_time_ns": 1.145726e6,
      "allocs": 0,
      "gc_time_ns": 0.0,
      "memory_bytes": 0,
      "iqr_time_ns": 13484.0,
      "p75_time_ns": 1.15361e6,
      "min_time_ns": 1.128894e6,
      "mean_time_ns": 1.1495200879981571e6,
      "max_time_ns": 1.566522e6,
      "p99_time_ns": 1.213432e6,
      "samples": 4341,
      "p95_time_ns": 1.172426e6
    },
    "tree_1d_dgsem/elixir_mhd_ec.jl/p7_rhs!": {
      "cv": 0.07272438259399293,
      "p25_time_ns": 14467.0,
      "std_time_ns": 1063.999533870108,
      "median_time_ns": 14487.0,
      "allocs": 0,
      "gc_time_ns": 0.0,
      "memory_bytes": 0,
      "iqr_time_ns": 51.0,
      "p75_time_ns": 14518.0,
      "min_time_ns": 14357.0,
      "mean_time_ns": 14630.575,
      "max_time_ns": 35086.0,
      "p99_time_ns": 22051.0,
      "samples": 10000,
      "p95_time_ns": 14587.0
    },
    "structured_1d_dgsem/elixir_euler_sedov.jl/p3_rhs!": {
      "cv": 0.08954947644042077,
      "p25_time_ns": 11902.0,
      "std_time_ns": 1081.0618849232885,
      "median_time_ns": 11922.0,
      "allocs": 0,
      "gc_time_ns": 0.0,
      "memory_bytes": 0,
      "iqr_time_ns": 51.0,
      "p75_time_ns": 11953.0,
      "min_time_ns": 11831.0,
      "mean_time_ns": 12072.2301,
      "max_time_ns": 40866.0,
      "p99_time_ns": 19327.0,
      "samples": 10000,
      "p95_time_ns": 12022.0
    },
    "tree_2d_dgsem/elixir_euler_ec.jl/p3_analysis": {
      "cv": 0.007656707809439716,
      "p25_time_ns": 2.300817e6,
      "std_time_ns": 17676.027048348835,
      "median_time_ns": 2.304624e6,
      "allocs": 0,
      "gc_time_ns": 0.0,
      "memory_bytes": 0,
      "iqr_time_ns": 9177.0,
      "p75_time_ns": 2.309994e6,
      "min_time_ns": 2.295016e6,
      "mean_time_ns": 2.3085675316689783e6,
      "max_time_ns": 2.693425e6,
      "p99_time_ns": 2.370708e6,
      "samples": 2163,
      "p95_time_ns": 2.33498e6
    },
    "structured_1d_dgsem/elixir_euler_sedov.jl/p7_analysis": {
      "cv": 0.129943494890056,
      "p25_time_ns": 7965.0,
      "std_time_ns": 1074.7040027364092,
      "median_time_ns": 8075.0,
      "allocs": 128,
      "gc_time_ns": 0.0,
      "memory_bytes": 8192,
      "iqr_time_ns": 361.0,
      "p75_time_ns": 8326.0,
      "min_time_ns": 7815.0,
      "mean_time_ns": 8270.5487,
      "max_time_ns": 31429.0,
      "p99_time_ns": 12033.0,
      "samples": 10000,
      "p95_time_ns": 8677.0
    },
    "tree_2d_dgsem/elixir_euler_vortex_mortar.jl/p7_analysis": {
      "cv": 0.010141115416454833,
      "p25_time_ns": 6.35291e6,
      "std_time_ns": 64616.435018658616,
      "median_time_ns": 6.363671e6,
      "allocs": 0,
      "gc_time_ns": 0.0,
      "memory_bytes": 0,
      "iqr_time_ns": 23374.0,
      "p75_time_ns": 6.376284e6,
      "min_time_ns": 6.332632e6,
      "mean_time_ns": 6.371728588535032e6,
      "max_time_ns": 7.951134e6,
      "p99_time_ns": 6.4915e6,
      "samples": 785,
      "p95_time_ns": 6.417842e6
    },
    "tree_2d_dgsem/elixir_euler_vortex_mortar.jl/p3_rhs!": {
      "cv": 0.023117252728096314,
      "p25_time_ns": 350025.0,
      "std_time_ns": 8207.103728756245,
      "median_time_ns": 351378.0,
      "allocs": 0,
      "gc_time_ns": 0.0,
      "memory_bytes": 0,
      "iqr_time_ns": 9338.0,
      "p75_time_ns": 359363.0,
      "min_time_ns": 348002.0,
      "mean_time_ns": 355020.7209,
      "max_time_ns": 557033.0,
      "p99_time_ns": 380743.0,
      "samples": 10000,
      "p95_time_ns": 363842.0
    },
    "tree_2d_dgsem/elixir_advection_amr_nonperiodic.jl/p7_analysis": {
      "cv": 0.010438083012105246,
      "p25_time_ns": 3.944713e6,
      "std_time_ns": 41255.53163598592,
      "median_time_ns": 3.947568e6,
      "allocs": 0,
      "gc_time_ns": 0.0,
      "memory_bytes": 0,