{
  "metadata": {
    "run_number": 62,
    "julia_version": "1.11.9",
    "commit_hash": "0b8dd93cc66465870759104d1b30c99a4accad75",
    "git_dirty": false,
    "hostname": "runnervm46oaq",
    "git_branch": "main",
    "timestamp": "2026-03-17T03:17:20.138",
    "group": "enzyme",
    "system": {
      "julia_threads": 1,
      "arch": "x86_64",
      "word_size": 64,
      "os": "Linux",
      "cpu_threads": 4
    }
  },
  "benchmarks": {
    "basics/make_zero/array": {
      "cv": 1.1182443734791225,
      "p25_time_ns": 47.0,
      "std_time_ns": 77.861007412167,
      "median_time_ns": 49.0,
      "allocs": 2,
      "gc_time_ns": 0.0,
      "memory_bytes": 928,
      "iqr_time_ns": 10.0,
      "p75_time_ns": 57.0,
      "min_time_ns": 42.0,
      "mean_time_ns": 69.6279,
      "max_time_ns": 1427.0,
      "p99_time_ns": 452.0,
      "samples": 10000,
      "p95_time_ns": 224.0
    },
    "basics/make_zero/namedtuple": {
      "cv": 0.14445834611972252,
      "p25_time_ns": 18.0,
      "std_time_ns": 2.716365848766038,
      "median_time_ns": 19.0,
      "allocs": 0,
      "gc_time_ns": 0.0,
      "memory_bytes": 0,
      "iqr_time_ns": 1.0,
      "p75_time_ns": 19.0,
      "min_time_ns": 17.0,
      "mean_time_ns": 18.8038,
      "max_time_ns": 223.0,
      "p99_time_ns": 26.0,
      "samples": 10000,
      "p95_time_ns": 20.0
    },
    "autodiff/reverse/complex": {
      "cv": 0.1691785583396303,
      "p25_time_ns": 30145.0,
      "std_time_ns": 5307.965949860348,
      "median_time_ns": 30637.0,
      "allocs": 3,
      "gc_time_ns": 0.0,
      "memory_bytes": 8072,
      "iqr_time_ns": 2058.0,
      "p75_time_ns": 32203.0,
      "min_time_ns": 28968.0,
      "mean_time_ns": 31374.9331,
      "max_time_ns": 498154.0,
      "p99_time_ns": 38206.0,
      "samples": 10000,
      "p95_time_ns": 34225.0
    },
    "autodiff/forward/complex": {
      "cv": 0.1329717414668593,
      "p25_time_ns": 18604.0,
      "std_time_ns": 2539.61858062648,
      "median_time_ns": 18829.0,
      "allocs": 3,
      "gc_time_ns": 0.0,
      "memory_bytes": 8072,
      "iqr_time_ns": 499.0,
      "p75_time_ns": 19103.0,
      "min_time_ns": 17817.0,
      "mean_time_ns": 19098.9345,
      "max_time_ns": 228106.0,
      "p99_time_ns": 24330.0,
      "samples": 10000,
      "p95_time_ns": 20641.0
    },
    "basics/make_zero/struct": {
      "cv": 0.5939179167451969,
      "p25_time_ns": 174.0,
      "std_time_ns": 127.17968215448288,
      "median_time_ns": 178.0,
      "allocs": 7,
      "gc_time_ns": 0.0,
      "memory_bytes": 496,
      "iqr_time_ns": 18.0,
      "p75_time_ns": 192.0,
      "min_time_ns": 164.0,
      "mean_time_ns": 214.1368,
      "max_time_ns": 6447.0,
      "p99_time_ns": 575.0,
      "samples": 10000,
      "p95_time_ns": 401.0
    },
    "autodiff/forward/simple": {
      "cv": 2.8690936103142346,
      "p25_time_ns": 182.0,
      "std_time_ns": 3368.0697302771464,
      "median_time_ns": 1412.0,
      "allocs": 4,
      "gc_time_ns": 0.0,
      "memory_bytes": 2720,
      "iqr_time_ns": 1358.0,
      "p75_time_ns": 1540.0,
      "min_time_ns": 165.0,
      "mean_time_ns": 1173.9142,
      "max_time_ns": 323557.0,
      "p99_time_ns": 3658.0,
      "samples": 10000,
      "p95_time_ns": 1921.0
    },
    "autodiff/reverse/simple": {
      "cv": 0.5850427188321085,
      "p25_time_ns": 508.0,
      "std_time_ns": 840.1118080465908,
      "median_time_ns": 1697.0,
      "allocs": 4,
      "gc_time_ns": 0.0,
      "memory_bytes": 2720,
      "iqr_time_ns": 1315.0,
      "p75_time_ns": 1823.0,
      "min_time_ns": 477.0,
      "mean_time_ns": 1435.9837,
      "max_time_ns": 17656.0,
      "p99_time_ns": 3903.0,
      "samples": 10000,
      "p95_time_ns": 2198.0
    }
  }
}