{
  "metadata": {
    "run_number": 49,
    "julia_version": "1.11.8",
    "commit_hash": "cf2c78b6d01d4cbbf84894c999d4527e48827c9f",
    "git_dirty": true,
    "hostname": "runnervmkj6or",
    "git_branch": "main",
    "timestamp": "2026-01-30T03:04:21.849",
    "group": "trixi",
    "system": {
      "julia_threads": 1,
      "arch": "x86_64",
      "word_size": 64,
      "os": "Linux",
      "cpu_threads": 4
    }
  },
  "benchmarks": {
    "tree_2d_dgsem/elixir_euler_ec.jl/p7_analysis": {
      "cv": 0.002472769287143701,
      "p25_time_ns": 1.0993739e7,
      "std_time_ns": 27217.12048631325,
      "median_time_ns": 1.0999776e7,
      "allocs": 0,
      "gc_time_ns": 0.0,
      "memory_bytes": 0,
      "iqr_time_ns": 15819.0,
      "p75_time_ns": 1.1009558e7,
      "min_time_ns": 1.0981256e7,
      "mean_time_ns": 1.1006736709251102e7,
      "max_time_ns": 1.1283199e7,
      "p99_time_ns": 1.1135573e7,
      "samples": 454,
      "p95_time_ns": 1.1042531e7
    },
    "tree_1d_dgsem/elixir_mhd_ec.jl/p3_analysis": {
      "cv": 0.15676505849678135,
      "p25_time_ns": 3176.0,
      "std_time_ns": 504.69088723958185,
      "median_time_ns": 3186.0,
      "allocs": 0,
      "gc_time_ns": 0.0,
      "memory_bytes": 0,
      "iqr_time_ns": 20.0,
      "p75_time_ns": 3196.0,
      "min_time_ns": 3136.0,
      "mean_time_ns": 3219.4093,
      "max_time_ns": 21971.0,
      "p99_time_ns": 3277.0,
      "samples": 10000,
      "p95_time_ns": 3236.0
    },
    "tree_2d_dgsem/elixir_euler_ec.jl/p3_rhs!": {
      "cv": 0.007820118841486928,
      "p25_time_ns": 1.385946e6,
      "std_time_ns": 10886.419611630292,
      "median_time_ns": 1.3898935e6,
      "allocs": 0,
      "gc_time_ns": 0.0,
      "memory_bytes": 0,
      "iqr_time_ns": 9124.0,
      "p75_time_ns": 1.39507e6,
      "min_time_ns": 1.381565e6,
      "mean_time_ns": 1.392104114054657e6,
      "max_time_ns": 1.661136e6,
      "p99_time_ns": 1.422996e6,
      "samples": 3586,
      "p95_time_ns": 1.405659e6
    },
    "tree_1d_dgsem/elixir_mhd_ec.jl/p3_rhs!": {
      "cv": 0.1302413184426302,
      "p25_time_ns": 5350.0,
      "std_time_ns": 705.332383524594,
      "median_time_ns": 5360.0,
      "allocs": 0,
      "gc_time_ns": 0.0,
      "memory_bytes": 0,
      "iqr_time_ns": 20.0,
      "p75_time_ns": 5370.0,
      "min_time_ns": 5309.0,
      "mean_time_ns": 5415.5808,
      "max_time_ns": 42849.0,
      "p99_time_ns": 6132.0,
      "samples": 10000,
      "p95_time_ns": 5420.0
    },
    "tree_2d_dgsem/elixir_advection_amr_nonperiodic.jl/p3_analysis": {
      "cv": 0.01528453668757994,
      "p25_time_ns": 841027.0,
      "std_time_ns": 12913.282580181634,
      "median_time_ns": 842199.0,
      "allocs": 0,
      "gc_time_ns": 0.0,
      "memory_bytes": 0,
      "iqr_time_ns": 2806.0,
      "p75_time_ns": 843833.0,
      "min_time_ns": 830528.0,
      "mean_time_ns": 844859.2747122545,
      "max_time_ns": 1.150404e6,
      "p99_time_ns": 873418.0,
      "samples": 5908,
      "p95_time_ns": 869070.0
    },
    "tree_2d_dgsem/elixir_advection_amr_nonperiodic.jl/p7_rhs!": {
      "cv": 0.020422498401559706,
      "p25_time_ns": 320858.0,
      "std_time_ns": 6644.3108748638615,
      "median_time_ns": 322481.0,
      "allocs": 0,
      "gc_time_ns": 0.0,
      "memory_bytes": 0,
      "iqr_time_ns": 9328.0,
      "p75_time_ns": 330186.0,
      "min_time_ns": 319085.0,
      "mean_time_ns": 325342.7051,
      "max_time_ns": 465668.0,
      "p99_time_ns": 343932.0,
      "samples": 10000,
      "p95_time_ns": 333942.0
    },
    "tree_2d_dgsem/elixir_euler_ec.jl/p7_rhs!": {
      "cv": 0.003708971214719454,
      "p25_time_ns": 9.416563e6,
      "std_time_ns": 34977.103265567086,
      "median_time_ns": 9.422693e6,
      "allocs": 0,
      "gc_time_ns": 0.0,
      "memory_bytes": 0,
      "iqr_time_ns": 15619.0,
      "p75_time_ns": 9.432182e6,
      "min_time_ns": 9.403688e6,
      "mean_time_ns": 9.430405694915254e6,
      "max_time_ns": 1.0002426e7,
      "p99_time_ns": 9.552596e6,
      "samples": 531,
      "p95_time_ns": 9.468338e6
    },
    "tree_2d_dgsem/elixir_euler_vortex_mortar.jl/p7_rhs!": {
      "cv": 0.009208923409910662,
      "p25_time_ns": 1.144574e6,
      "std_time_ns": 10584.054241694073,
      "median_time_ns": 1.1468525e6,
      "allocs": 0,
      "gc_time_ns": 0.0,
      "memory_bytes": 0,
      "iqr_time_ns": 7393.0,
      "p75_time_ns": 1.151967e6,
      "min_time_ns": 1.134245e6,
      "mean_time_ns": 1.1493259060340857e6,
      "max_time_ns": 1.364022e6,
      "p99_time_ns": 1.189447e6,
      "samples": 4342,
      "p95_time_ns": 1.163449e6
    },
    "tree_1d_dgsem/elixir_mhd_ec.jl/p7_rhs!": {
      "cv": 0.07731716812705058,
      "p25_time_ns": 14477.0,
      "std_time_ns": 1133.1597588741242,
      "median_time_ns": 14497.0,
      "allocs": 0,
      "gc_time_ns": 0.0,
      "memory_bytes": 0,
      "iqr_time_ns": 50.0,
      "p75_time_ns": 14527.0,
      "min_time_ns": 14377.0,
      "mean_time_ns": 14655.9915,
      "max_time_ns": 42769.0,
      "p99_time_ns": 21811.0,
      "samples": 10000,
      "p95_time_ns": 14587.0
    },
    "structured_1d_dgsem/elixir_euler_sedov.jl/p3_rhs!": {
      "cv": 0.08503186692950254,
      "p25_time_ns": 11892.0,
      "std_time_ns": 1025.4543329335213,
      "median_time_ns": 11932.0,
      "allocs": 0,
      "gc_time_ns": 0.0,
      "memory_bytes": 0,
      "iqr_time_ns": 81.0,
      "p75_time_ns": 11973.0,
      "min_time_ns": 11782.0,
      "mean_time_ns": 12059.6474,
      "max_time_ns": 38259.0,
      "p99_time_ns": 19266.0,
      "samples": 10000,
      "p95_time_ns": 12072.0
    },
    "tree_2d_dgsem/elixir_euler_ec.jl/p3_analysis": {
      "cv": 0.005774941304967318,
      "p25_time_ns": 2.309716e6,
      "std_time_ns": 13372.8655329559,
      "median_time_ns": 2.313462e6,
      "allocs": 0,
      "gc_time_ns": 0.0,
      "memory_bytes": 0,
      "iqr_time_ns": 8665.0,
      "p75_time_ns": 2.318381e6,
      "min_time_ns": 2.30226e6,
      "mean_time_ns": 2.315671246987952e6,
      "max_time_ns": 2.582453e6,
      "p99_time_ns": 2.355881e6,
      "samples": 2158,
      "p95_time_ns": 2.32843e6
    },
    "structured_1d_dgsem/elixir_euler_sedov.jl/p7_analysis": {
      "cv": 0.29767329564396666,
      "p25_time_ns": 8215.0,
      "std_time_ns": 2530.7261106106844,
      "median_time_ns": 8315.0,
      "allocs": 128,
      "gc_time_ns": 0.0,
      "memory_bytes": 8192,
      "iqr_time_ns": 271.0,
      "p75_time_ns": 8486.0,
      "min_time_ns": 8084.0,
      "mean_time_ns": 8501.6901,
      "max_time_ns": 181638.0,
      "p99_time_ns": 12443.0,
      "samples": 10000,
      "p95_time_ns": 8806.0
    },
    "tree_2d_dgsem/elixir_euler_vortex_mortar.jl/p7_analysis": {
      "cv": 0.005780661278155123,
      "p25_time_ns": 6.282562e6,
      "std_time_ns": 36392.210533777725,
      "median_time_ns": 6.288878e6,
      "allocs": 0,
      "gc_time_ns": 0.0,
      "memory_bytes": 0,
      "iqr_time_ns": 15908.0,
      "p75_time_ns": 6.29847e6,
      "min_time_ns": 6.259418e6,
      "mean_time_ns": 6.295509939546599e6,
      "max_time_ns": 6.81277e6,
      "p99_time_ns": 6.467836e6,
      "samples": 794,
      "p95_time_ns": 6.323498e6
    },
    "tree_2d_dgsem/elixir_euler_vortex_mortar.jl/p3_rhs!": {
      "cv": 0.02177363164308427,
      "p25_time_ns": 352487.0,
      "std_time_ns": 7774.677189078991,
      "median_time_ns": 353489.0,
      "allocs": 0,
      "gc_time_ns": 0.0,
      "memory_bytes": 0,
      "iqr_time_ns": 8757.0,
      "p75_time_ns": 361244.0,
      "min_time_ns": 349752.0,
      "mean_time_ns": 357068.4632,
      "max_time_ns": 592104.0,
      "p99_time_ns": 378806.0,
      "samples": 10000,
      "p95_time_ns": 367415.0
    },
    "tree_2d_dgsem/elixir_advection_amr_nonperiodic.jl/p7_analysis": {
      "cv": 0.02436127142644421,
      "p25_time_ns": 3.957628e6,
      "std_time_ns": 97173.84822350551,
      "median_time_ns": 3.970061e6,
      "allocs": 0,
      "gc_time_ns": 0.0,