{
  "metadata": {
    "run_number": 52,
    "julia_version": "1.11.8",
    "commit_hash": "cf2c78b6d01d4cbbf84894c999d4527e48827c9f",
    "git_dirty": true,
    "hostname": "runnervmkj6or",
    "git_branch": "main",
    "timestamp": "2026-02-02T03:11:06.141",
    "group": "trixi",
    "system": {
      "julia_threads": 1,
      "arch": "x86_64",
      "word_size": 64,
      "os": "Linux",
      "cpu_threads": 4
    }
  },
  "benchmarks": {
    "tree_2d_dgsem/elixir_euler_ec.jl/p7_analysis": {
      "cv": 0.06646478414809645,
      "p25_time_ns": 1.1046278e7,
      "std_time_ns": 742743.3725525325,
      "median_time_ns": 1.1063252e7,
      "allocs": 0,
      "gc_time_ns": 0.0,
      "memory_bytes": 0,
      "iqr_time_ns": 47480.0,
      "p75_time_ns": 1.1093758e7,
      "min_time_ns": 1.1018678e7,
      "mean_time_ns": 1.1174991118568232e7,
      "max_time_ns": 1.9056454e7,
      "p99_time_ns": 1.3964412e7,
      "samples": 447,
      "p95_time_ns": 1.1241635e7
    },
    "tree_1d_dgsem/elixir_mhd_ec.jl/p3_analysis": {
      "cv": 1.263422053224062,
      "p25_time_ns": 3146.0,
      "std_time_ns": 4298.9259427260495,
      "median_time_ns": 3156.0,
      "allocs": 0,
      "gc_time_ns": 0.0,
      "memory_bytes": 0,
      "iqr_time_ns": 20.0,
      "p75_time_ns": 3166.0,
      "min_time_ns": 3116.0,
      "mean_time_ns": 3402.6048,
      "max_time_ns": 141515.0,
      "p99_time_ns": 4849.0,
      "samples": 10000,
      "p95_time_ns": 3226.0
    },
    "tree_2d_dgsem/elixir_euler_ec.jl/p3_rhs!": {
      "cv": 0.02030971703279466,
      "p25_time_ns": 1.387256e6,
      "std_time_ns": 28351.01217797165,
      "median_time_ns": 1.392556e6,
      "allocs": 0,
      "gc_time_ns": 0.0,
      "memory_bytes": 0,
      "iqr_time_ns": 10440.0,
      "p75_time_ns": 1.397696e6,
      "min_time_ns": 1.381005e6,
      "mean_time_ns": 1.3959333914988814e6,
      "max_time_ns": 2.285908e6,
      "p99_time_ns": 1.456226e6,
      "samples": 3576,
      "p95_time_ns": 1.414679e6
    },
    "tree_1d_dgsem/elixir_mhd_ec.jl/p3_rhs!": {
      "cv": 0.12004687113418758,
      "p25_time_ns": 5360.0,
      "std_time_ns": 651.6924709919816,
      "median_time_ns": 5370.0,
      "allocs": 0,
      "gc_time_ns": 0.0,
      "memory_bytes": 0,
      "iqr_time_ns": 20.0,
      "p75_time_ns": 5380.0,
      "min_time_ns": 5329.0,
      "mean_time_ns": 5428.6502,
      "max_time_ns": 27732.0,
      "p99_time_ns": 6142.0,
      "samples": 10000,
      "p95_time_ns": 5439.0
    },
    "tree_2d_dgsem/elixir_advection_amr_nonperiodic.jl/p3_analysis": {
      "cv": 0.011024039000666832,
      "p25_time_ns": 835744.0,
      "std_time_ns": 9233.694617115822,
      "median_time_ns": 836625.0,
      "allocs": 0,
      "gc_time_ns": 0.0,
      "memory_bytes": 0,
      "iqr_time_ns": 2395.0,
      "p75_time_ns": 838139.0,
      "min_time_ns": 827489.0,
      "mean_time_ns": 837596.3307601947,
      "max_time_ns": 1.07951e6,
      "p99_time_ns": 868405.0,
      "samples": 5959,
      "p95_time_ns": 847475.0
    },
    "tree_2d_dgsem/elixir_advection_amr_nonperiodic.jl/p7_rhs!": {
      "cv": 0.03043313675950758,
      "p25_time_ns": 317614.0,
      "std_time_ns": 9815.494014319307,
      "median_time_ns": 319317.0,
      "allocs": 0,
      "gc_time_ns": 0.0,
      "memory_bytes": 0,
      "iqr_time_ns": 9167.0,
      "p75_time_ns": 326781.0,
      "min_time_ns": 315421.0,
      "mean_time_ns": 322526.5306,
      "max_time_ns": 554438.0,
      "p99_time_ns": 347400.0,
      "samples": 10000,
      "p95_time_ns": 331781.0
    },
    "tree_2d_dgsem/elixir_euler_ec.jl/p7_rhs!": {
      "cv": 0.05324178139810025,
      "p25_time_ns": 9.432031e6,
      "std_time_ns": 510231.63116626977,
      "median_time_ns": 9.460694e6,
      "allocs": 0,
      "gc_time_ns": 0.0,
      "memory_bytes": 0,
      "iqr_time_ns": 77389.0,
      "p75_time_ns": 9.50942e6,
      "min_time_ns": 9.398348e6,
      "mean_time_ns": 9.583293754789272e6,
      "max_time_ns": 1.7013085e7,
      "p99_time_ns": 1.1105066e7,
      "samples": 522,
      "p95_time_ns": 1.0542995e7
    },
    "tree_2d_dgsem/elixir_euler_vortex_mortar.jl/p7_rhs!": {
      "cv": 0.033573544286088074,
      "p25_time_ns": 1.137739e6,
      "std_time_ns": 38561.670090615626,
      "median_time_ns": 1.143139e6,
      "allocs": 0,
      "gc_time_ns": 0.0,
      "memory_bytes": 0,
      "iqr_time_ns": 12674.0,
      "p75_time_ns": 1.150413e6,
      "min_time_ns": 1.125276e6,
      "mean_time_ns": 1.1485731075046042e6,
      "max_time_ns": 1.793337e6,
      "p99_time_ns": 1.2336e6,
      "samples": 4344,
      "p95_time_ns": 1.170271e6
    },
    "tree_1d_dgsem/elixir_mhd_ec.jl/p7_rhs!": {
      "cv": 0.06543434428327642,
      "p25_time_ns": 14567.0,
      "std_time_ns": 963.5586518606262,
      "median_time_ns": 14597.0,
      "allocs": 0,
      "gc_time_ns": 0.0,
      "memory_bytes": 0,
      "iqr_time_ns": 61.0,
      "p75_time_ns": 14628.0,
      "min_time_ns": 14437.0,
      "mean_time_ns": 14725.5797,
      "max_time_ns": 27642.0,
      "p99_time_ns": 21720.0,
      "samples": 10000,
      "p95_time_ns": 14688.0
    },
    "structured_1d_dgsem/elixir_euler_sedov.jl/p3_rhs!": {
      "cv": 0.0753006979130356,
      "p25_time_ns": 11953.0,
      "std_time_ns": 910.7969334924859,
      "median_time_ns": 11983.0,
      "allocs": 0,
      "gc_time_ns": 0.0,
      "memory_bytes": 0,
      "iqr_time_ns": 70.0,
      "p75_time_ns": 12023.0,
      "min_time_ns": 11862.0,
      "mean_time_ns": 12095.4647,
      "max_time_ns": 37911.0,
      "p99_time_ns": 19115.0,
      "samples": 10000,
      "p95_time_ns": 12083.0
    },
    "tree_2d_dgsem/elixir_euler_ec.jl/p3_analysis": {
      "cv": 0.020891867941618163,
      "p25_time_ns": 2.319762e6,
      "std_time_ns": 48669.81660100243,
      "median_time_ns": 2.322612e6,
      "allocs": 0,
      "gc_time_ns": 0.0,
      "memory_bytes": 0,
      "iqr_time_ns": 8426.0,
      "p75_time_ns": 2.328188e6,
      "min_time_ns": 2.316105e6,
      "mean_time_ns": 2.329605793843284e6,
      "max_time_ns": 3.564972e6,
      "p99_time_ns": 2.409911e6,
      "samples": 2144,
      "p95_time_ns": 2.355018e6
    },
    "structured_1d_dgsem/elixir_euler_sedov.jl/p7_analysis": {
      "cv": 0.11583786985548211,
      "p25_time_ns": 8406.0,
      "std_time_ns": 1004.5310063825947,
      "median_time_ns": 8506.0,
      "allocs": 128,
      "gc_time_ns": 0.0,
      "memory_bytes": 8192,
      "iqr_time_ns": 320.0,
      "p75_time_ns": 8726.0,
      "min_time_ns": 8205.0,
      "mean_time_ns": 8671.8705,
      "max_time_ns": 33853.0,
      "p99_time_ns": 11551.0,
      "samples": 10000,
      "p95_time_ns": 9057.0
    },
    "tree_2d_dgsem/elixir_euler_vortex_mortar.jl/p7_analysis": {
      "cv": 0.013104734395105181,
      "p25_time_ns": 6.279133e6,
      "std_time_ns": 82476.01940714667,
      "median_time_ns": 6.284222e6,
      "allocs": 0,
      "gc_time_ns": 0.0,
      "memory_bytes": 0,
      "iqr_time_ns": 11159.0,
      "p75_time_ns": 6.290292e6,
      "min_time_ns": 6.270247e6,
      "mean_time_ns": 6.293604808805032e6,
      "max_time_ns": 8.312328e6,
      "p99_time_ns": 6.474719e6,
      "samples": 795,
      "p95_time_ns": 6.322895e6
    },
    "tree_2d_dgsem/elixir_euler_vortex_mortar.jl/p3_rhs!": {
      "cv": 0.03732481890468033,
      "p25_time_ns": 352259.0,
      "std_time_ns": 13346.30419207574,
      "median_time_ns": 353978.0,
      "allocs": 0,
      "gc_time_ns": 0.0,
      "memory_bytes": 0,
      "iqr_time_ns": 8897.0,
      "p75_time_ns": 361156.0,
      "min_time_ns": 349003.0,
      "mean_time_ns": 357571.8405,
      "max_time_ns": 1.25596e6,
      "p99_time_ns": 383367.0,
      "samples": 10000,
      "p95_time_ns": 368921.0
    },
    "tree_2d_dgsem/elixir_advection_amr_nonperiodic.jl/p7_analysis": {
      "cv": 0.04514962458806478,
      "p25_time_ns": 3.93215e6,
      "std_time_ns": 178490.73820730016,
      "median_time_ns": 3.934769e6,
      "allocs": 0,
      "gc_time_ns": 0.0,
      "memory_bytes": 0,