{
  "metadata": {
    "run_number": 5,
    "julia_version": "1.11.9",
    "commit_hash": "90b2c7dc6438cbd66b6eff029a42700de93af5d0",
    "git_dirty": true,
    "hostname": "runnervmjduv7",
    "git_branch": "main",
    "timestamp": "2026-02-15T03:20:22.609",
    "group": "trixi",
    "system": {
      "julia_threads": 1,
      "arch": "x86_64",
      "word_size": 64,
      "os": "Linux",
      "cpu_threads": 4
    }
  },
  "benchmarks": {
    "tree_2d_dgsem/elixir_euler_ec.jl/p7_analysis": {
      "cv": 0.09176956999695475,
      "p25_time_ns": 1.0996932e7,
      "std_time_ns": 1.0316202539258278e6,
      "median_time_ns": 1.10447235e7,
      "allocs": 0,
      "gc_time_ns": 0.0,
      "memory_bytes": 0,
      "iqr_time_ns": 117669.0,
      "p75_time_ns": 1.1114601e7,
      "min_time_ns": 1.0886713e7,
      "mean_time_ns": 1.1241419720720721e7,
      "max_time_ns": 2.5149181e7,
      "p99_time_ns": 1.5113586e7,
      "samples": 444,
      "p95_time_ns": 1.2245236e7
    },
    "tree_1d_dgsem/elixir_mhd_ec.jl/p3_analysis": {
      "cv": 0.2646277088943722,
      "p25_time_ns": 3146.0,
      "std_time_ns": 868.8493250964071,
      "median_time_ns": 3156.0,
      "allocs": 0,
      "gc_time_ns": 0.0,
      "memory_bytes": 0,
      "iqr_time_ns": 20.0,
      "p75_time_ns": 3166.0,
      "min_time_ns": 3115.0,
      "mean_time_ns": 3283.2893,
      "max_time_ns": 30928.0,
      "p99_time_ns": 6372.0,
      "samples": 10000,
      "p95_time_ns": 3557.0
    },
    "tree_2d_dgsem/elixir_euler_ec.jl/p3_rhs!": {
      "cv": 0.09312122658618215,
      "p25_time_ns": 1.412433e6,
      "std_time_ns": 135039.68434651784,
      "median_time_ns": 1.427012e6,
      "allocs": 0,
      "gc_time_ns": 0.0,
      "memory_bytes": 0,
      "iqr_time_ns": 34826.0,
      "p75_time_ns": 1.447259e6,
      "min_time_ns": 1.384392e6,
      "mean_time_ns": 1.450149330040674e6,
      "max_time_ns": 3.066247e6,
      "p99_time_ns": 2.154057e6,
      "samples": 3442,
      "p95_time_ns": 1.507965e6
    },
    "tree_1d_dgsem/elixir_mhd_ec.jl/p3_rhs!": {
      "cv": 0.1602899322283532,
      "p25_time_ns": 5340.0,
      "std_time_ns": 884.1961007980224,
      "median_time_ns": 5350.0,
      "allocs": 0,
      "gc_time_ns": 0.0,
      "memory_bytes": 0,
      "iqr_time_ns": 21.0,
      "p75_time_ns": 5361.0,
      "min_time_ns": 5310.0,
      "mean_time_ns": 5516.2298,
      "max_time_ns": 26009.0,
      "p99_time_ns": 8696.0,
      "samples": 10000,
      "p95_time_ns": 6192.0
    },
    "tree_2d_dgsem/elixir_advection_amr_nonperiodic.jl/p3_analysis": {
      "cv": 0.013552062345161067,
      "p25_time_ns": 837401.0,
      "std_time_ns": 11408.038750453878,
      "median_time_ns": 839436.0,
      "allocs": 0,
      "gc_time_ns": 0.0,
      "memory_bytes": 0,
      "iqr_time_ns": 5591.0,
      "p75_time_ns": 842992.0,
      "min_time_ns": 827533.0,
      "mean_time_ns": 841793.5558367071,
      "max_time_ns": 1.066389e6,
      "p99_time_ns": 889319.0,
      "samples": 5928,
      "p95_time_ns": 858443.0
    },
    "tree_2d_dgsem/elixir_advection_amr_nonperiodic.jl/p7_rhs!": {
      "cv": 0.08102896110226034,
      "p25_time_ns": 321910.0,
      "std_time_ns": 26936.80140992953,
      "median_time_ns": 328092.0,
      "allocs": 0,
      "gc_time_ns": 0.0,
      "memory_bytes": 0,
      "iqr_time_ns": 12794.0,
      "p75_time_ns": 334704.0,
      "min_time_ns": 316220.0,
      "mean_time_ns": 332434.2438,
      "max_time_ns": 988163.0,
      "p99_time_ns": 451793.0,
      "samples": 10000,
      "p95_time_ns": 351796.0
    },
    "tree_2d_dgsem/elixir_euler_ec.jl/p7_rhs!": {
      "cv": 0.02242772199732506,
      "p25_time_ns": 9.559259e6,
      "std_time_ns": 217012.0830074171,
      "median_time_ns": 9.627966e6,
      "allocs": 0,
      "gc_time_ns": 0.0,
      "memory_bytes": 0,
      "iqr_time_ns": 164347.0,
      "p75_time_ns": 9.723606e6,
      "min_time_ns": 9.467788e6,
      "mean_time_ns": 9.67606442746615e6,
      "max_time_ns": 1.152807e7,
      "p99_time_ns": 1.0718351e7,
      "samples": 517,
      "p95_time_ns": 9.937465e6
    },
    "tree_2d_dgsem/elixir_euler_vortex_mortar.jl/p7_rhs!": {
      "cv": 0.08381181128500666,
      "p25_time_ns": 1.151267e6,
      "std_time_ns": 98918.66449077682,
      "median_time_ns": 1.163871e6,
      "allocs": 0,
      "gc_time_ns": 0.0,
      "memory_bytes": 0,
      "iqr_time_ns": 32581.0,
      "p75_time_ns": 1.183848e6,
      "min_time_ns": 1.121691e6,
      "mean_time_ns": 1.180247306127277e6,
      "max_time_ns": 2.834377e6,
      "p99_time_ns": 1.454964e6,
      "samples": 4227,
      "p95_time_ns": 1.239231e6
    },
    "tree_1d_dgsem/elixir_mhd_ec.jl/p7_rhs!": {
      "cv": 0.11752235638093579,
      "p25_time_ns": 14487.0,
      "std_time_ns": 1761.070359709201,
      "median_time_ns": 14507.0,
      "allocs": 0,
      "gc_time_ns": 0.0,
      "memory_bytes": 0,
      "iqr_time_ns": 70.0,
      "p75_time_ns": 14557.0,
      "min_time_ns": 14367.0,
      "mean_time_ns": 14984.9817,
      "max_time_ns": 42128.0,
      "p99_time_ns": 23073.0,
      "samples": 10000,
      "p95_time_ns": 18104.0
    },
    "structured_1d_dgsem/elixir_euler_sedov.jl/p3_rhs!": {
      "cv": 0.09982632684149347,
      "p25_time_ns": 12012.0,
      "std_time_ns": 1229.0765802472688,
      "median_time_ns": 12063.0,
      "allocs": 0,
      "gc_time_ns": 0.0,
      "memory_bytes": 0,
      "iqr_time_ns": 120.0,
      "p75_time_ns": 12132.0,
      "min_time_ns": 11852.0,
      "mean_time_ns": 12312.1487,
      "max_time_ns": 37049.0,
      "p99_time_ns": 19637.0,
      "samples": 10000,
      "p95_time_ns": 13305.0
    },
    "tree_2d_dgsem/elixir_euler_ec.jl/p3_analysis": {
      "cv": 0.010362494516040004,
      "p25_time_ns": 2.304377e6,
      "std_time_ns": 24000.828330489065,
      "median_time_ns": 2.310068e6,
      "allocs": 0,
      "gc_time_ns": 0.0,
      "memory_bytes": 0,
      "iqr_time_ns": 13836.0,
      "p75_time_ns": 2.318213e6,
      "min_time_ns": 2.297665e6,
      "mean_time_ns": 2.3161245869262866e6,
      "max_time_ns": 2.685628e6,
      "p99_time_ns": 2.412339e6,
      "samples": 2157,
      "p95_time_ns": 2.356575e6
    },
    "structured_1d_dgsem/elixir_euler_sedov.jl/p7_analysis": {
      "cv": 0.20574757956300527,
      "p25_time_ns": 8105.0,
      "std_time_ns": 1764.1291060175445,
      "median_time_ns": 8266.0,
      "allocs": 128,
      "gc_time_ns": 0.0,
      "memory_bytes": 8192,
      "iqr_time_ns": 431.0,
      "p75_time_ns": 8536.0,
      "min_time_ns": 7955.0,
      "mean_time_ns": 8574.2399,
      "max_time_ns": 129641.0,
      "p99_time_ns": 15469.0,
      "samples": 10000,
      "p95_time_ns": 9839.0
    },
    "tree_2d_dgsem/elixir_euler_vortex_mortar.jl/p7_analysis": {
      "cv": 0.05009680953696827,
      "p25_time_ns": 6.373334e6,
      "std_time_ns": 324778.7317431149,
      "median_time_ns": 6.419119e6,
      "allocs": 0,
      "gc_time_ns": 0.0,
      "memory_bytes": 0,
      "iqr_time_ns": 116587.0,
      "p75_time_ns": 6.489921e6,
      "min_time_ns": 6.294346e6,
      "mean_time_ns": 6.483022267185474e6,
      "max_time_ns": 1.0129317e7,
      "p99_time_ns": 8.291763e6,
      "samples": 771,
      "p95_time_ns": 6.709931e6
    },
    "tree_2d_dgsem/elixir_euler_vortex_mortar.jl/p3_rhs!": {
      "cv": 0.11611253592585673,
      "p25_time_ns": 361815.0,
      "std_time_ns": 43608.345337519204,
      "median_time_ns": 368592.0,
      "allocs": 0,
      "gc_time_ns": 0.0,
      "memory_bytes": 0,
      "iqr_time_ns": 15920.0,
      "p75_time_ns": 377735.0,
      "min_time_ns": 351886.0,
      "mean_time_ns": 375569.6574,
      "max_time_ns": 1.187234e6,
      "p99_time_ns": 527003.0,
      "samples": 10000,
      "p95_time_ns": 402731.0
    },
    "tree_2d_dgsem/elixir_advection_amr_nonperiodic.jl/p7_analysis": {
      "cv": 0.019908152243774728,
      "p25_time_ns": 3.971153e6,
      "std_time_ns": 79886.45232363288,
      "median_time_ns": 3.991151e6,
      "allocs": 0,
      "gc_time_ns": 0.0,