{
  "metadata": {
    "run_number": 53,
    "julia_version": "1.11.8",
    "commit_hash": "cf2c78b6d01d4cbbf84894c999d4527e48827c9f",
    "git_dirty": true,
    "hostname": "runnervmkj6or",
    "git_branch": "main",
    "timestamp": "2026-02-03T03:08:07.825",
    "group": "trixi",
    "system": {
      "julia_threads": 1,
      "arch": "x86_64",
      "word_size": 64,
      "os": "Linux",
      "cpu_threads": 4
    }
  },
  "benchmarks": {
    "tree_2d_dgsem/elixir_euler_ec.jl/p7_analysis": {
      "cv": 0.002584363142666251,
      "p25_time_ns": 1.085808e7,
      "std_time_ns": 28097.724563993263,
      "median_time_ns": 1.0863471e7,
      "allocs": 0,
      "gc_time_ns": 0.0,
      "memory_bytes": 0,
      "iqr_time_ns": 19196.0,
      "p75_time_ns": 1.0877276e7,
      "min_time_ns": 1.0841619e7,
      "mean_time_ns": 1.0872204490196079e7,
      "max_time_ns": 1.1155707e7,
      "p99_time_ns": 1.1001909e7,
      "samples": 459,
      "p95_time_ns": 1.0914526e7
    },
    "tree_1d_dgsem/elixir_mhd_ec.jl/p3_analysis": {
      "cv": 0.1593594954969837,
      "p25_time_ns": 3116.0,
      "std_time_ns": 502.44823455678585,
      "median_time_ns": 3125.0,
      "allocs": 0,
      "gc_time_ns": 0.0,
      "memory_bytes": 0,
      "iqr_time_ns": 20.0,
      "p75_time_ns": 3136.0,
      "min_time_ns": 3085.0,
      "mean_time_ns": 3152.9231,
      "max_time_ns": 25608.0,
      "p99_time_ns": 3206.0,
      "samples": 10000,
      "p95_time_ns": 3176.0
    },
    "tree_2d_dgsem/elixir_euler_ec.jl/p3_rhs!": {
      "cv": 0.008224018368930917,
      "p25_time_ns": 1.385469e6,
      "std_time_ns": 11442.429596420361,
      "median_time_ns": 1.389506e6,
      "allocs": 0,
      "gc_time_ns": 0.0,
      "memory_bytes": 0,
      "iqr_time_ns": 9137.0,
      "p75_time_ns": 1.394606e6,
      "min_time_ns": 1.377386e6,
      "mean_time_ns": 1.391342903567447e6,
      "max_time_ns": 1.670772e6,
      "p99_time_ns": 1.425212e6,
      "samples": 3588,
      "p95_time_ns": 1.403732e6
    },
    "tree_1d_dgsem/elixir_mhd_ec.jl/p3_rhs!": {
      "cv": 0.11612858374137659,
      "p25_time_ns": 5330.0,
      "std_time_ns": 626.607517954673,
      "median_time_ns": 5340.0,
      "allocs": 0,
      "gc_time_ns": 0.0,
      "memory_bytes": 0,
      "iqr_time_ns": 30.0,
      "p75_time_ns": 5360.0,
      "min_time_ns": 5290.0,
      "mean_time_ns": 5395.8078,
      "max_time_ns": 22983.0,
      "p99_time_ns": 5470.0,
      "samples": 10000,
      "p95_time_ns": 5401.0
    },
    "tree_2d_dgsem/elixir_advection_amr_nonperiodic.jl/p3_analysis": {
      "cv": 0.013479996281108575,
      "p25_time_ns": 839578.0,
      "std_time_ns": 11367.229820313758,
      "median_time_ns": 840472.0,
      "allocs": 0,
      "gc_time_ns": 0.0,
      "memory_bytes": 0,
      "iqr_time_ns": 2446.0,
      "p75_time_ns": 842024.0,
      "min_time_ns": 830713.0,
      "mean_time_ns": 843266.5397871262,
      "max_time_ns": 1.172471e6,
      "p99_time_ns": 873231.0,
      "samples": 5919,
      "p95_time_ns": 869515.0
    },
    "tree_2d_dgsem/elixir_advection_amr_nonperiodic.jl/p7_rhs!": {
      "cv": 0.029585426328079707,
      "p25_time_ns": 318465.0,
      "std_time_ns": 9558.805681646945,
      "median_time_ns": 320268.0,
      "allocs": 0,
      "gc_time_ns": 0.0,
      "memory_bytes": 0,
      "iqr_time_ns": 9418.0,
      "p75_time_ns": 327883.0,
      "min_time_ns": 315841.0,
      "mean_time_ns": 323091.6998,
      "max_time_ns": 684759.0,
      "p99_time_ns": 341418.0,
      "samples": 10000,
      "p95_time_ns": 331609.0
    },
    "tree_2d_dgsem/elixir_euler_ec.jl/p7_rhs!": {
      "cv": 0.007428007691958912,
      "p25_time_ns": 9.479834e6,
      "std_time_ns": 70815.8960304357,
      "median_time_ns": 9.51495e6,
      "allocs": 0,
      "gc_time_ns": 0.0,
      "memory_bytes": 0,
      "iqr_time_ns": 95549.0,
      "p75_time_ns": 9.575383e6,
      "min_time_ns": 9.431974e6,
      "mean_time_ns": 9.533632565714287e6,
      "max_time_ns": 9.895568e6,
      "p99_time_ns": 9.736644e6,
      "samples": 525,
      "p95_time_ns": 9.650904e6
    },
    "tree_2d_dgsem/elixir_euler_vortex_mortar.jl/p7_rhs!": {
      "cv": 0.022969148761815078,
      "p25_time_ns": 1.120626e6,
      "std_time_ns": 25929.86479145758,
      "median_time_ns": 1.126285e6,
      "allocs": 0,
      "gc_time_ns": 0.0,
      "memory_bytes": 0,
      "iqr_time_ns": 12223.0,
      "p75_time_ns": 1.132849e6,
      "min_time_ns": 1.106017e6,
      "mean_time_ns": 1.1288996845440145e6,
      "max_time_ns": 2.151474e6,
      "p99_time_ns": 1.173736e6,
      "samples": 4419,
      "p95_time_ns": 1.148429e6
    },
    "tree_1d_dgsem/elixir_mhd_ec.jl/p7_rhs!": {
      "cv": 0.074261098163103,
      "p25_time_ns": 14487.0,
      "std_time_ns": 1088.1887298401575,
      "median_time_ns": 14507.0,
      "allocs": 0,
      "gc_time_ns": 0.0,
      "memory_bytes": 0,
      "iqr_time_ns": 50.0,
      "p75_time_ns": 14537.0,
      "min_time_ns": 14367.0,
      "mean_time_ns": 14653.5502,
      "max_time_ns": 40285.0,
      "p99_time_ns": 21781.0,
      "samples": 10000,
      "p95_time_ns": 14597.0
    },
    "structured_1d_dgsem/elixir_euler_sedov.jl/p3_rhs!": {
      "cv": 0.07580506056906337,
      "p25_time_ns": 12072.0,
      "std_time_ns": 926.1873822697369,
      "median_time_ns": 12103.0,
      "allocs": 0,
      "gc_time_ns": 0.0,
      "memory_bytes": 0,
      "iqr_time_ns": 71.0,
      "p75_time_ns": 12143.0,
      "min_time_ns": 11952.0,
      "mean_time_ns": 12218.0152,
      "max_time_ns": 40426.0,
      "p99_time_ns": 19176.0,
      "samples": 10000,
      "p95_time_ns": 12223.0
    },
    "tree_2d_dgsem/elixir_euler_ec.jl/p3_analysis": {
      "cv": 0.007487937277708995,
      "p25_time_ns": 2.33279e6,
      "std_time_ns": 17512.295671204818,
      "median_time_ns": 2.334924e6,
      "allocs": 0,
      "gc_time_ns": 0.0,
      "memory_bytes": 0,
      "iqr_time_ns": 7991.0,
      "p75_time_ns": 2.340781e6,
      "min_time_ns": 2.328132e6,
      "mean_time_ns": 2.3387342897940073e6,
      "max_time_ns": 2.903975e6,
      "p99_time_ns": 2.383571e6,
      "samples": 2136,
      "p95_time_ns": 2.353494e6
    },
    "structured_1d_dgsem/elixir_euler_sedov.jl/p7_analysis": {
      "cv": 0.10930757607328115,
      "p25_time_ns": 8025.0,
      "std_time_ns": 903.1392328825644,
      "median_time_ns": 8135.0,
      "allocs": 128,
      "gc_time_ns": 0.0,
      "memory_bytes": 8192,
      "iqr_time_ns": 280.0,
      "p75_time_ns": 8305.0,
      "min_time_ns": 7854.0,
      "mean_time_ns": 8262.3663,
      "max_time_ns": 25497.0,
      "p99_time_ns": 10620.0,
      "samples": 10000,
      "p95_time_ns": 8566.0
    },
    "tree_2d_dgsem/elixir_euler_vortex_mortar.jl/p7_analysis": {
      "cv": 0.003114775005472166,
      "p25_time_ns": 6.300187e6,
      "std_time_ns": 19653.5591781704,
      "median_time_ns": 6.304976e6,
      "allocs": 0,
      "gc_time_ns": 0.0,
      "memory_bytes": 0,
      "iqr_time_ns": 11832.0,
      "p75_time_ns": 6.312019e6,
      "min_time_ns": 6.288766e6,
      "mean_time_ns": 6.309784540983606e6,
      "max_time_ns": 6.490873e6,
      "p99_time_ns": 6.415683e6,
      "samples": 793,
      "p95_time_ns": 6.338339e6
    },
    "tree_2d_dgsem/elixir_euler_vortex_mortar.jl/p3_rhs!": {
      "cv": 0.025986623133379252,
      "p25_time_ns": 349123.0,
      "std_time_ns": 9204.535674274033,
      "median_time_ns": 350335.0,
      "allocs": 0,
      "gc_time_ns": 0.0,
      "memory_bytes": 0,
      "iqr_time_ns": 9287.0,
      "p75_time_ns": 358410.0,
      "min_time_ns": 346849.0,
      "mean_time_ns": 354202.8384,
      "max_time_ns": 780669.0,
      "p99_time_ns": 379950.0,
      "samples": 10000,
      "p95_time_ns": 364692.0
    },
    "tree_2d_dgsem/elixir_advection_amr_nonperiodic.jl/p7_analysis": {
      "cv": 0.007971496759684393,
      "p25_time_ns": 3.960273e6,
      "std_time_ns": 31734.543616674062,
      "median_time_ns": 3.9687595e6,
      "allocs": 0,
      "gc_time_ns": 0.0,