{
  "metadata": {
    "run_number": 20,
    "julia_version": "1.11.9",
    "commit_hash": "90b2c7dc6438cbd66b6eff029a42700de93af5d0",
    "git_dirty": true,
    "hostname": "runnervmnay03",
    "git_branch": "main",
    "timestamp": "2026-03-02T03:15:39.524",
    "group": "trixi",
    "system": {
      "julia_threads": 1,
      "arch": "x86_64",
      "word_size": 64,
      "os": "Linux",
      "cpu_threads": 4
    }
  },
  "benchmarks": {
    "tree_2d_dgsem/elixir_euler_ec.jl/p7_analysis": {
      "cv": 0.006207091072274182,
      "p25_time_ns": 1.0905909e7,
      "std_time_ns": 67799.85843226865,
      "median_time_ns": 1.0910317e7,
      "allocs": 0,
      "gc_time_ns": 0.0,
      "memory_bytes": 0,
      "iqr_time_ns": 16592.0,
      "p75_time_ns": 1.0922501e7,
      "min_time_ns": 1.0889839e7,
      "mean_time_ns": 1.0922968205689277e7,
      "max_time_ns": 1.2208031e7,
      "p99_time_ns": 1.1078234e7,
      "samples": 457,
      "p95_time_ns": 1.0970531e7
    },
    "tree_1d_dgsem/elixir_mhd_ec.jl/p3_analysis": {
      "cv": 0.17077095368583892,
      "p25_time_ns": 3146.0,
      "std_time_ns": 544.8148769719648,
      "median_time_ns": 3156.0,
      "allocs": 0,
      "gc_time_ns": 0.0,
      "memory_bytes": 0,
      "iqr_time_ns": 20.0,
      "p75_time_ns": 3166.0,
      "min_time_ns": 3115.0,
      "mean_time_ns": 3190.3252,
      "max_time_ns": 23284.0,
      "p99_time_ns": 3246.0,
      "samples": 10000,
      "p95_time_ns": 3206.0
    },
    "tree_2d_dgsem/elixir_euler_ec.jl/p3_rhs!": {
      "cv": 0.009734518327444477,
      "p25_time_ns": 1.397492e6,
      "std_time_ns": 13674.329721127106,
      "median_time_ns": 1.403212e6,
      "allocs": 0,
      "gc_time_ns": 0.0,
      "memory_bytes": 0,
      "iqr_time_ns": 10179.0,
      "p75_time_ns": 1.407671e6,
      "min_time_ns": 1.389487e6,
      "mean_time_ns": 1.4047258694428813e6,
      "max_time_ns": 1.745016e6,
      "p99_time_ns": 1.450331e6,
      "samples": 3554,
      "p95_time_ns": 1.420244e6
    },
    "tree_1d_dgsem/elixir_mhd_ec.jl/p3_rhs!": {
      "cv": 0.13215040145071796,
      "p25_time_ns": 5330.0,
      "std_time_ns": 714.10343695127,
      "median_time_ns": 5340.0,
      "allocs": 0,
      "gc_time_ns": 0.0,
      "memory_bytes": 0,
      "iqr_time_ns": 20.0,
      "p75_time_ns": 5350.0,
      "min_time_ns": 5299.0,
      "mean_time_ns": 5403.7175,
      "max_time_ns": 35828.0,
      "p99_time_ns": 6191.0,
      "samples": 10000,
      "p95_time_ns": 5401.0
    },
    "tree_2d_dgsem/elixir_advection_amr_nonperiodic.jl/p3_analysis": {
      "cv": 0.015048960547114429,
      "p25_time_ns": 839401.0,
      "std_time_ns": 12659.340342839652,
      "median_time_ns": 840401.0,
      "allocs": 0,
      "gc_time_ns": 0.0,
      "memory_bytes": 0,
      "iqr_time_ns": 2373.0,
      "p75_time_ns": 841774.0,
      "min_time_ns": 830143.0,
      "mean_time_ns": 841210.2818135851,
      "max_time_ns": 1.151388e6,
      "p99_time_ns": 876700.0,
      "samples": 5933,
      "p95_time_ns": 847294.0
    },
    "tree_2d_dgsem/elixir_advection_amr_nonperiodic.jl/p7_rhs!": {
      "cv": 0.021727194295708692,
      "p25_time_ns": 318469.0,
      "std_time_ns": 7019.593372660663,
      "median_time_ns": 320323.0,
      "allocs": 0,
      "gc_time_ns": 0.0,
      "memory_bytes": 0,
      "iqr_time_ns": 9368.0,
      "p75_time_ns": 327837.0,
      "min_time_ns": 315854.0,
      "mean_time_ns": 323078.6855,
      "max_time_ns": 519438.0,
      "p99_time_ns": 343647.0,
      "samples": 10000,
      "p95_time_ns": 332005.0
    },
    "tree_2d_dgsem/elixir_euler_ec.jl/p7_rhs!": {
      "cv": 0.006312901131793318,
      "p25_time_ns": 9.423674e6,
      "std_time_ns": 59637.19643160436,
      "median_time_ns": 9.4388625e6,
      "allocs": 0,
      "gc_time_ns": 0.0,
      "memory_bytes": 0,
      "iqr_time_ns": 38372.0,
      "p75_time_ns": 9.462046e6,
      "min_time_ns": 9.359123e6,
      "mean_time_ns": 9.44687635471698e6,
      "max_time_ns": 9.986163e6,
      "p99_time_ns": 9.676209e6,
      "samples": 530,
      "p95_time_ns": 9.530515e6
    },
    "tree_2d_dgsem/elixir_euler_vortex_mortar.jl/p7_rhs!": {
      "cv": 0.01189058820492071,
      "p25_time_ns": 1.129394e6,
      "std_time_ns": 13514.88762147988,
      "median_time_ns": 1.1326155e6,
      "allocs": 0,
      "gc_time_ns": 0.0,
      "memory_bytes": 0,
      "iqr_time_ns": 10892.0,
      "p75_time_ns": 1.140286e6,
      "min_time_ns": 1.119698e6,
      "mean_time_ns": 1.1366037902050114e6,
      "max_time_ns": 1.45085e6,
      "p99_time_ns": 1.185182e6,
      "samples": 4390,
      "p95_time_ns": 1.155656e6
    },
    "tree_1d_dgsem/elixir_mhd_ec.jl/p7_rhs!": {
      "cv": 0.07451685849115258,
      "p25_time_ns": 14507.0,
      "std_time_ns": 1094.1451467185916,
      "median_time_ns": 14518.0,
      "allocs": 0,
      "gc_time_ns": 0.0,
      "memory_bytes": 0,
      "iqr_time_ns": 50.0,
      "p75_time_ns": 14557.0,
      "min_time_ns": 14437.0,
      "mean_time_ns": 14683.1894,
      "max_time_ns": 38442.0,
      "p99_time_ns": 22392.0,
      "samples": 10000,
      "p95_time_ns": 14608.0
    },
    "structured_1d_dgsem/elixir_euler_sedov.jl/p3_rhs!": {
      "cv": 0.08145559458018735,
      "p25_time_ns": 12023.0,
      "std_time_ns": 992.8757639666039,
      "median_time_ns": 12063.0,
      "allocs": 0,
      "gc_time_ns": 0.0,
      "memory_bytes": 0,
      "iqr_time_ns": 80.0,
      "p75_time_ns": 12103.0,
      "min_time_ns": 11893.0,
      "mean_time_ns": 12189.166,
      "max_time_ns": 34806.0,
      "p99_time_ns": 19657.0,
      "samples": 10000,
      "p95_time_ns": 12183.0
    },
    "tree_2d_dgsem/elixir_euler_ec.jl/p3_analysis": {
      "cv": 0.018022793066998496,
      "p25_time_ns": 2.298568e6,
      "std_time_ns": 41572.70782555325,
      "median_time_ns": 2.301814e6,
      "allocs": 0,
      "gc_time_ns": 0.0,
      "memory_bytes": 0,
      "iqr_time_ns": 8696.0,
      "p75_time_ns": 2.307264e6,
      "min_time_ns": 2.290289e6,
      "mean_time_ns": 2.3066739806094184e6,
      "max_time_ns": 3.827937e6,
      "p99_time_ns": 2.365273e6,
      "samples": 2166,
      "p95_time_ns": 2.323535e6
    },
    "structured_1d_dgsem/elixir_euler_sedov.jl/p7_analysis": {
      "cv": 0.1237322190357105,
      "p25_time_ns": 8215.0,
      "std_time_ns": 1047.3910193305685,
      "median_time_ns": 8306.0,
      "allocs": 128,
      "gc_time_ns": 0.0,
      "memory_bytes": 8192,
      "iqr_time_ns": 261.0,
      "p75_time_ns": 8476.0,
      "min_time_ns": 8044.0,
      "mean_time_ns": 8464.9821,
      "max_time_ns": 34495.0,
      "p99_time_ns": 11883.0,
      "samples": 10000,
      "p95_time_ns": 8777.0
    },
    "tree_2d_dgsem/elixir_euler_vortex_mortar.jl/p7_analysis": {
      "cv": 0.006225306933749044,
      "p25_time_ns": 6.348841e6,
      "std_time_ns": 39619.17874649868,
      "median_time_ns": 6.356019e6,
      "allocs": 0,
      "gc_time_ns": 0.0,
      "memory_bytes": 0,
      "iqr_time_ns": 16894.0,
      "p75_time_ns": 6.365735e6,
      "min_time_ns": 6.335335e6,
      "mean_time_ns": 6.364212908396946e6,
      "max_time_ns": 7.10076e6,
      "p99_time_ns": 6.477916e6,
      "samples": 786,
      "p95_time_ns": 6.41084e6
    },
    "tree_2d_dgsem/elixir_euler_vortex_mortar.jl/p3_rhs!": {
      "cv": 0.023035945871105717,
      "p25_time_ns": 358916.0,
      "std_time_ns": 8384.219677408128,
      "median_time_ns": 360328.0,
      "allocs": 0,
      "gc_time_ns": 0.0,
      "memory_bytes": 0,
      "iqr_time_ns": 9367.0,
      "p75_time_ns": 368283.0,
      "min_time_ns": 355329.0,
      "mean_time_ns": 363962.4665,
      "max_time_ns": 602615.0,
      "p99_time_ns": 386799.0,
      "samples": 10000,
      "p95_time_ns": 373634.0
    },
    "tree_2d_dgsem/elixir_advection_amr_nonperiodic.jl/p7_analysis": {
      "cv": 0.0070338487880078045,
      "p25_time_ns": 3.945728e6,
      "std_time_ns": 27804.53087303172,
      "median_time_ns": 3.948141e6,
      "allocs": 0,
      "gc_time_ns": 0.0,