{
  "metadata": {
    "run_number": 63,
    "julia_version": "1.11.9",
    "commit_hash": "9a0db6b56c85a0d840fef9fdce4b490ea3d2487a",
    "git_dirty": true,
    "hostname": "runnervmwffz4",
    "git_branch": "main",
    "timestamp": "2026-02-11T09:41:58.883",
    "group": "trixi",
    "system": {
      "julia_threads": 1,
      "arch": "x86_64",
      "word_size": 64,
      "os": "Linux",
      "cpu_threads": 4
    }
  },
  "benchmarks": {
    "tree_2d_dgsem/elixir_euler_ec.jl/p7_analysis": {
      "cv": 0.003721095493256688,
      "p25_time_ns": 1.0940533e7,
      "std_time_ns": 40780.49707609798,
      "median_time_ns": 1.0948438e7,
      "allocs": 0,
      "gc_time_ns": 0.0,
      "memory_bytes": 0,
      "iqr_time_ns": 24536.0,
      "p75_time_ns": 1.0965069e7,
      "min_time_ns": 1.0694496e7,
      "mean_time_ns": 1.0959271846153846e7,
      "max_time_ns": 1.1273671e7,
      "p99_time_ns": 1.1174638e7,
      "samples": 455,
      "p95_time_ns": 1.102004e7
    },
    "tree_1d_dgsem/elixir_mhd_ec.jl/p3_analysis": {
      "cv": 0.1567906794202455,
      "p25_time_ns": 3135.0,
      "std_time_ns": 497.92379817863616,
      "median_time_ns": 3136.0,
      "allocs": 0,
      "gc_time_ns": 0.0,
      "memory_bytes": 0,
      "iqr_time_ns": 11.0,
      "p75_time_ns": 3146.0,
      "min_time_ns": 3106.0,
      "mean_time_ns": 3175.7232,
      "max_time_ns": 16951.0,
      "p99_time_ns": 3236.0,
      "samples": 10000,
      "p95_time_ns": 3196.0
    },
    "tree_2d_dgsem/elixir_euler_ec.jl/p3_rhs!": {
      "cv": 0.009025043694442349,
      "p25_time_ns": 1.386237e6,
      "std_time_ns": 12570.902705697024,
      "median_time_ns": 1.3912555e6,
      "allocs": 0,
      "gc_time_ns": 0.0,
      "memory_bytes": 0,
      "iqr_time_ns": 9228.0,
      "p75_time_ns": 1.395465e6,
      "min_time_ns": 1.312107e6,
      "mean_time_ns": 1.3928910630580357e6,
      "max_time_ns": 1.674471e6,
      "p99_time_ns": 1.439446e6,
      "samples": 3584,
      "p95_time_ns": 1.407133e6
    },
    "tree_1d_dgsem/elixir_mhd_ec.jl/p3_rhs!": {
      "cv": 0.11149896811852371,
      "p25_time_ns": 5370.0,
      "std_time_ns": 606.3487713176615,
      "median_time_ns": 5380.0,
      "allocs": 0,
      "gc_time_ns": 0.0,
      "memory_bytes": 0,
      "iqr_time_ns": 20.0,
      "p75_time_ns": 5390.0,
      "min_time_ns": 5329.0,
      "mean_time_ns": 5438.1559,
      "max_time_ns": 19717.0,
      "p99_time_ns": 5971.0,
      "samples": 10000,
      "p95_time_ns": 5450.0
    },
    "tree_2d_dgsem/elixir_advection_amr_nonperiodic.jl/p3_analysis": {
      "cv": 0.010433970454294676,
      "p25_time_ns": 838768.0,
      "std_time_ns": 8774.448814262465,
      "median_time_ns": 840000.0,
      "allocs": 0,
      "gc_time_ns": 0.0,
      "memory_bytes": 0,
      "iqr_time_ns": 3086.0,
      "p75_time_ns": 841854.0,
      "min_time_ns": 801749.0,
      "mean_time_ns": 840950.1304128054,
      "max_time_ns": 1.127093e6,
      "p99_time_ns": 864846.0,
      "samples": 5935,
      "p95_time_ns": 850809.0
    },
    "tree_2d_dgsem/elixir_advection_amr_nonperiodic.jl/p7_rhs!": {
      "cv": 0.020297203272584587,
      "p25_time_ns": 317620.0,
      "std_time_ns": 6538.08744003446,
      "median_time_ns": 319413.0,
      "allocs": 0,
      "gc_time_ns": 0.0,
      "memory_bytes": 0,
      "iqr_time_ns": 9207.0,
      "p75_time_ns": 326827.0,
      "min_time_ns": 315135.0,
      "mean_time_ns": 322117.651,
      "max_time_ns": 466737.0,
      "p99_time_ns": 341865.0,
      "samples": 10000,
      "p95_time_ns": 330654.0
    },
    "tree_2d_dgsem/elixir_euler_ec.jl/p7_rhs!": {
      "cv": 0.007709641107193849,
      "p25_time_ns": 9.423657e6,
      "std_time_ns": 72860.69878912669,
      "median_time_ns": 9.439476e6,
      "allocs": 0,
      "gc_time_ns": 0.0,
      "memory_bytes": 0,
      "iqr_time_ns": 32120.0,
      "p75_time_ns": 9.455777e6,
      "min_time_ns": 9.289858e6,
      "mean_time_ns": 9.450595400756143e6,
      "max_time_ns": 1.0268076e7,
      "p99_time_ns": 9.698508e6,
      "samples": 529,
      "p95_time_ns": 9.510347e6
    },
    "tree_2d_dgsem/elixir_euler_vortex_mortar.jl/p7_rhs!": {
      "cv": 0.021473872758352677,
      "p25_time_ns": 1.143673e6,
      "std_time_ns": 24722.822969438963,
      "median_time_ns": 1.14701e6,
      "allocs": 0,
      "gc_time_ns": 0.0,
      "memory_bytes": 0,
      "iqr_time_ns": 9689.0,
      "p75_time_ns": 1.153362e6,
      "min_time_ns": 1.115441e6,
      "mean_time_ns": 1.1512978235294118e6,
      "max_time_ns": 1.73349e6,
      "p99_time_ns": 1.205549e6,
      "samples": 4335,
      "p95_time_ns": 1.169683e6
    },
    "tree_1d_dgsem/elixir_mhd_ec.jl/p7_rhs!": {
      "cv": 0.06706105304917,
      "p25_time_ns": 14487.0,
      "std_time_ns": 981.6626294138933,
      "median_time_ns": 14507.0,
      "allocs": 0,
      "gc_time_ns": 0.0,
      "memory_bytes": 0,
      "iqr_time_ns": 50.0,
      "p75_time_ns": 14537.0,
      "min_time_ns": 14367.0,
      "mean_time_ns": 14638.342,
      "max_time_ns": 33342.0,
      "p99_time_ns": 21730.0,
      "samples": 10000,
      "p95_time_ns": 14588.0
    },
    "structured_1d_dgsem/elixir_euler_sedov.jl/p3_rhs!": {
      "cv": 0.12471581709833612,
      "p25_time_ns": 11842.0,
      "std_time_ns": 1513.021001838504,
      "median_time_ns": 11882.0,
      "allocs": 0,
      "gc_time_ns": 0.0,
      "memory_bytes": 0,
      "iqr_time_ns": 81.0,
      "p75_time_ns": 11923.0,
      "min_time_ns": 11732.0,
      "mean_time_ns": 12131.7491,
      "max_time_ns": 59611.0,
      "p99_time_ns": 19587.0,
      "samples": 10000,
      "p95_time_ns": 12022.0
    },
    "tree_2d_dgsem/elixir_euler_ec.jl/p3_analysis": {
      "cv": 0.00831453534228875,
      "p25_time_ns": 2.302939e6,
      "std_time_ns": 19208.872086992058,
      "median_time_ns": 2.307438e6,
      "allocs": 0,
      "gc_time_ns": 0.0,
      "memory_bytes": 0,
      "iqr_time_ns": 10180.0,
      "p75_time_ns": 2.313119e6,
      "min_time_ns": 2.137531e6,
      "mean_time_ns": 2.310276076318224e6,
      "max_time_ns": 2.674219e6,
      "p99_time_ns": 2.364261e6,
      "samples": 2162,
      "p95_time_ns": 2.333446e6
    },
    "structured_1d_dgsem/elixir_euler_sedov.jl/p7_analysis": {
      "cv": 0.1314656914301944,
      "p25_time_ns": 8095.0,
      "std_time_ns": 1099.2089803473393,
      "median_time_ns": 8185.0,
      "allocs": 128,
      "gc_time_ns": 0.0,
      "memory_bytes": 8192,
      "iqr_time_ns": 241.0,
      "p75_time_ns": 8336.0,
      "min_time_ns": 7955.0,
      "mean_time_ns": 8361.1851,
      "max_time_ns": 30577.0,
      "p99_time_ns": 13144.0,
      "samples": 10000,
      "p95_time_ns": 8656.0
    },
    "tree_2d_dgsem/elixir_euler_vortex_mortar.jl/p7_analysis": {
      "cv": 0.008600772259444955,
      "p25_time_ns": 6.318244e6,
      "std_time_ns": 54458.39388540294,
      "median_time_ns": 6.3238075e6,
      "allocs": 0,
      "gc_time_ns": 0.0,
      "memory_bytes": 0,
      "iqr_time_ns": 16230.0,
      "p75_time_ns": 6.334474e6,
      "min_time_ns": 6.181424e6,
      "mean_time_ns": 6.331802801265823e6,
      "max_time_ns": 7.635154e6,
      "p99_time_ns": 6.441759e6,
      "samples": 790,
      "p95_time_ns": 6.36712e6
    },
    "tree_2d_dgsem/elixir_euler_vortex_mortar.jl/p3_rhs!": {
      "cv": 0.02290776671066196,
      "p25_time_ns": 348678.0,
      "std_time_ns": 8099.467451716804,
      "median_time_ns": 349829.0,
      "allocs": 0,
      "gc_time_ns": 0.0,
      "memory_bytes": 0,
      "iqr_time_ns": 8906.0,
      "p75_time_ns": 357584.0,
      "min_time_ns": 345512.0,
      "mean_time_ns": 353568.6195,
      "max_time_ns": 597179.0,
      "p99_time_ns": 375968.0,
      "samples": 10000,
      "p95_time_ns": 364918.0
    },
    "tree_2d_dgsem/elixir_advection_amr_nonperiodic.jl/p7_analysis": {
      "cv": 0.007005020663588509,
      "p25_time_ns": 3.948922e6,
      "std_time_ns": 27732.771803939304,
      "median_time_ns": 3.954221e6,
      "allocs": 0,
      "gc_time_ns": 0.0,
      "memory_bytes": 0,