{
  "metadata": {
    "run_number": 51,
    "julia_version": "1.11.8",
    "commit_hash": "cf2c78b6d01d4cbbf84894c999d4527e48827c9f",
    "git_dirty": true,
    "hostname": "runnervmkj6or",
    "git_branch": "main",
    "timestamp": "2026-02-01T03:11:19.572",
    "group": "trixi",
    "system": {
      "julia_threads": 1,
      "arch": "x86_64",
      "word_size": 64,
      "os": "Linux",
      "cpu_threads": 4
    }
  },
  "benchmarks": {
    "tree_2d_dgsem/elixir_euler_ec.jl/p7_analysis": {
      "cv": 0.0069166438306028765,
      "p25_time_ns": 1.0882862e7,
      "std_time_ns": 75436.6727500813,
      "median_time_ns": 1.0896738e7,
      "allocs": 0,
      "gc_time_ns": 0.0,
      "memory_bytes": 0,
      "iqr_time_ns": 30999.0,
      "p75_time_ns": 1.0913861e7,
      "min_time_ns": 1.0858176e7,
      "mean_time_ns": 1.0906542912663756e7,
      "max_time_ns": 1.212133e7,
      "p99_time_ns": 1.1119648e7,
      "samples": 458,
      "p95_time_ns": 1.0946182e7
    },
    "tree_1d_dgsem/elixir_mhd_ec.jl/p3_analysis": {
      "cv": 0.17745309688625666,
      "p25_time_ns": 3156.0,
      "std_time_ns": 570.4773693150677,
      "median_time_ns": 3166.0,
      "allocs": 0,
      "gc_time_ns": 0.0,
      "memory_bytes": 0,
      "iqr_time_ns": 20.0,
      "p75_time_ns": 3176.0,
      "min_time_ns": 3116.0,
      "mean_time_ns": 3214.8065,
      "max_time_ns": 22272.0,
      "p99_time_ns": 4488.0,
      "samples": 10000,
      "p95_time_ns": 3226.0
    },
    "tree_2d_dgsem/elixir_euler_ec.jl/p3_rhs!": {
      "cv": 0.011830791644732648,
      "p25_time_ns": 1.387987e6,
      "std_time_ns": 16506.624538866185,
      "median_time_ns": 1.3941585e6,
      "allocs": 0,
      "gc_time_ns": 0.0,
      "memory_bytes": 0,
      "iqr_time_ns": 9208.0,
      "p75_time_ns": 1.397195e6,
      "min_time_ns": 1.382458e6,
      "mean_time_ns": 1.3952256987143655e6,
      "max_time_ns": 1.876064e6,
      "p99_time_ns": 1.443271e6,
      "samples": 3578,
      "p95_time_ns": 1.408526e6
    },
    "tree_1d_dgsem/elixir_mhd_ec.jl/p3_rhs!": {
      "cv": 0.11741838190489245,
      "p25_time_ns": 5410.0,
      "std_time_ns": 643.275407598458,
      "median_time_ns": 5420.0,
      "allocs": 0,
      "gc_time_ns": 0.0,
      "memory_bytes": 0,
      "iqr_time_ns": 21.0,
      "p75_time_ns": 5431.0,
      "min_time_ns": 5371.0,
      "mean_time_ns": 5478.4898,
      "max_time_ns": 26510.0,
      "p99_time_ns": 5861.0,
      "samples": 10000,
      "p95_time_ns": 5490.0
    },
    "tree_2d_dgsem/elixir_advection_amr_nonperiodic.jl/p3_analysis": {
      "cv": 0.019725522687223183,
      "p25_time_ns": 838515.0,
      "std_time_ns": 16603.660407124902,
      "median_time_ns": 839597.0,
      "allocs": 0,
      "gc_time_ns": 0.0,
      "memory_bytes": 0,
      "iqr_time_ns": 3737.0,
      "p75_time_ns": 842252.0,
      "min_time_ns": 828757.0,
      "mean_time_ns": 841734.8767077079,
      "max_time_ns": 1.764425e6,
      "p99_time_ns": 869844.0,
      "samples": 5929,
      "p95_time_ns": 854735.0
    },
    "tree_2d_dgsem/elixir_advection_amr_nonperiodic.jl/p7_rhs!": {
      "cv": 0.018085744649200194,
      "p25_time_ns": 318919.0,
      "std_time_ns": 5841.65414331648,
      "median_time_ns": 320181.5,
      "allocs": 0,
      "gc_time_ns": 0.0,
      "memory_bytes": 0,
      "iqr_time_ns": 8826.0,
      "p75_time_ns": 327745.0,
      "min_time_ns": 317266.0,
      "mean_time_ns": 322997.7121,
      "max_time_ns": 458501.0,
      "p99_time_ns": 339217.0,
      "samples": 10000,
      "p95_time_ns": 330571.0
    },
    "tree_2d_dgsem/elixir_euler_ec.jl/p7_rhs!": {
      "cv": 0.008755926237735343,
      "p25_time_ns": 9.430645e6,
      "std_time_ns": 82732.58430658052,
      "median_time_ns": 9.437437e6,
      "allocs": 0,
      "gc_time_ns": 0.0,
      "memory_bytes": 0,
      "iqr_time_ns": 16941.0,
      "p75_time_ns": 9.447586e6,
      "min_time_ns": 9.418592e6,
      "mean_time_ns": 9.448753e6,
      "max_time_ns": 1.0702914e7,
      "p99_time_ns": 9.596786e6,
      "samples": 529,
      "p95_time_ns": 9.472463e6
    },
    "tree_2d_dgsem/elixir_euler_vortex_mortar.jl/p7_rhs!": {
      "cv": 0.06327888653268848,
      "p25_time_ns": 1.12878e6,
      "std_time_ns": 72397.71582576263,
      "median_time_ns": 1.131565e6,
      "allocs": 0,
      "gc_time_ns": 0.0,
      "memory_bytes": 0,
      "iqr_time_ns": 9699.0,
      "p75_time_ns": 1.138479e6,
      "min_time_ns": 1.122018e6,
      "mean_time_ns": 1.1441054005961935e6,
      "max_time_ns": 2.142765e6,
      "p99_time_ns": 1.696156e6,
      "samples": 4361,
      "p95_time_ns": 1.157404e6
    },
    "tree_1d_dgsem/elixir_mhd_ec.jl/p7_rhs!": {
      "cv": 0.07767011546719407,
      "p25_time_ns": 14497.0,
      "std_time_ns": 1139.7362607870189,
      "median_time_ns": 14528.0,
      "allocs": 0,
      "gc_time_ns": 0.0,
      "memory_bytes": 0,
      "iqr_time_ns": 60.0,
      "p75_time_ns": 14557.0,
      "min_time_ns": 14417.0,
      "mean_time_ns": 14674.0642,
      "max_time_ns": 56296.0,
      "p99_time_ns": 21771.0,
      "samples": 10000,
      "p95_time_ns": 14618.0
    },
    "structured_1d_dgsem/elixir_euler_sedov.jl/p3_rhs!": {
      "cv": 0.08974929344212164,
      "p25_time_ns": 12013.0,
      "std_time_ns": 1094.545603559663,
      "median_time_ns": 12052.0,
      "allocs": 0,
      "gc_time_ns": 0.0,
      "memory_bytes": 0,
      "iqr_time_ns": 80.0,
      "p75_time_ns": 12093.0,
      "min_time_ns": 11923.0,
      "mean_time_ns": 12195.5902,
      "max_time_ns": 38542.0,
      "p99_time_ns": 19356.0,
      "samples": 10000,
      "p95_time_ns": 12173.0
    },
    "tree_2d_dgsem/elixir_euler_ec.jl/p3_analysis": {
      "cv": 0.009255743800043766,
      "p25_time_ns": 2.32114e6,
      "std_time_ns": 21553.65206116623,
      "median_time_ns": 2.324085e6,
      "allocs": 0,
      "gc_time_ns": 0.0,
      "memory_bytes": 0,
      "iqr_time_ns": 8776.0,
      "p75_time_ns": 2.329916e6,
      "min_time_ns": 2.31561e6,
      "mean_time_ns": 2.328678551048951e6,
      "max_time_ns": 2.696555e6,
      "p99_time_ns": 2.376895e6,
      "samples": 2145,
      "p95_time_ns": 2.34761e6
    },
    "structured_1d_dgsem/elixir_euler_sedov.jl/p7_analysis": {
      "cv": 0.12766090510375733,
      "p25_time_ns": 8065.0,
      "std_time_ns": 1066.9428528780352,
      "median_time_ns": 8165.0,
      "allocs": 128,
      "gc_time_ns": 0.0,
      "memory_bytes": 8192,
      "iqr_time_ns": 261.0,
      "p75_time_ns": 8326.0,
      "min_time_ns": 7945.0,
      "mean_time_ns": 8357.6319,
      "max_time_ns": 30567.0,
      "p99_time_ns": 12313.0,
      "samples": 10000,
      "p95_time_ns": 8726.0
    },
    "tree_2d_dgsem/elixir_euler_vortex_mortar.jl/p7_analysis": {
      "cv": 0.0041141959339418685,
      "p25_time_ns": 6.292921e6,
      "std_time_ns": 25940.79885337577,
      "median_time_ns": 6.301026e6,
      "allocs": 0,
      "gc_time_ns": 0.0,
      "memory_bytes": 0,
      "iqr_time_ns": 17262.0,
      "p75_time_ns": 6.310183e6,
      "min_time_ns": 6.2772e6,
      "mean_time_ns": 6.305192866330391e6,
      "max_time_ns": 6.639842e6,
      "p99_time_ns": 6.416063e6,
      "samples": 793,
      "p95_time_ns": 6.337304e6
    },
    "tree_2d_dgsem/elixir_euler_vortex_mortar.jl/p3_rhs!": {
      "cv": 0.02129712787346028,
      "p25_time_ns": 357280.0,
      "std_time_ns": 7710.579278961992,
      "median_time_ns": 358854.0,
      "allocs": 0,
      "gc_time_ns": 0.0,
      "memory_bytes": 0,
      "iqr_time_ns": 8587.0,
      "p75_time_ns": 365867.0,
      "min_time_ns": 354275.0,
      "mean_time_ns": 362047.8463,
      "max_time_ns": 601861.0,
      "p99_time_ns": 381637.0,
      "samples": 10000,
      "p95_time_ns": 371708.0
    },
    "tree_2d_dgsem/elixir_advection_amr_nonperiodic.jl/p7_analysis": {
      "cv": 0.007400822639323493,
      "p25_time_ns": 3.951751e6,
      "std_time_ns": 29387.649831249946,
      "median_time_ns": 3.959255e6,
      "allocs": 0,
      "gc_time_ns": 0.0,
      "memory_bytes": 0,