{
  "metadata": {
    "run_number": 31,
    "julia_version": "1.11.8",
    "commit_hash": "174615868e1c9324023496db7ea28166e57b3ada",
    "timestamp": "2026-01-11T02:55:28.836",
    "group": "trixi"
  },
  "benchmarks": {
    "tree_2d_dgsem/elixir_euler_ec.jl/p7_analysis": {
      "max_time_ns": 1.2666286e7,
      "allocs": 0,
      "min_time_ns": 1.0843887e7,
      "mean_time_ns": 1.0917258376367616e7,
      "samples": 457,
      "std_time_ns": 138117.25197757198,
      "median_time_ns": 1.0892568e7,
      "memory_bytes": 0
    },
    "tree_1d_dgsem/elixir_mhd_ec.jl/p3_analysis": {
      "max_time_ns": 23483.0,
      "allocs": 0,
      "min_time_ns": 3145.0,
      "mean_time_ns": 3238.6195,
      "samples": 10000,
      "std_time_ns": 598.7071380428533,
      "median_time_ns": 3196.0,
      "memory_bytes": 0
    },
    "tree_2d_dgsem/elixir_euler_ec.jl/p3_rhs!": {
      "max_time_ns": 3.272481e6,
      "allocs": 0,
      "min_time_ns": 1.370435e6,
      "mean_time_ns": 1.3964709843356644e6,
      "samples": 3575,
      "std_time_ns": 85357.4320046137,
      "median_time_ns": 1.387046e6,
      "memory_bytes": 0
    },
    "tree_1d_dgsem/elixir_mhd_ec.jl/p3_rhs!": {
      "max_time_ns": 33553.0,
      "allocs": 0,
      "min_time_ns": 5320.0,
      "mean_time_ns": 5433.2985,
      "samples": 10000,
      "std_time_ns": 650.5223841921071,
      "median_time_ns": 5380.0,
      "memory_bytes": 0
    },
    "tree_2d_dgsem/elixir_advection_amr_nonperiodic.jl/p3_analysis": {
      "max_time_ns": 1.431079e6,
      "allocs": 0,
      "min_time_ns": 831861.0,
      "mean_time_ns": 855014.5294722413,
      "samples": 5836,
      "std_time_ns": 51732.119967367165,
      "median_time_ns": 842181.0,
      "memory_bytes": 0
    },
    "tree_2d_dgsem/elixir_advection_amr_nonperiodic.jl/p7_rhs!": {
      "max_time_ns": 539897.0,
      "allocs": 0,
      "min_time_ns": 317021.0,
      "mean_time_ns": 323879.7736,
      "samples": 10000,
      "std_time_ns": 9929.265785195113,
      "median_time_ns": 320829.0,
      "memory_bytes": 0
    },
    "tree_2d_dgsem/elixir_euler_ec.jl/p7_rhs!": {
      "max_time_ns": 1.3523904e7,
      "allocs": 0,
      "min_time_ns": 9.435773e6,
      "mean_time_ns": 9.640383396917148e6,
      "samples": 519,
      "std_time_ns": 495101.2943383974,
      "median_time_ns": 9.48198e6,
      "memory_bytes": 0
    },
    "tree_2d_dgsem/elixir_euler_vortex_mortar.jl/p7_rhs!": {
      "max_time_ns": 2.029233e6,
      "allocs": 0,
      "min_time_ns": 1.118065e6,
      "mean_time_ns": 1.1603237445917656e6,
      "samples": 4299,
      "std_time_ns": 108696.25596784832,
      "median_time_ns": 1.135857e6,
      "memory_bytes": 0
    },
    "tree_1d_dgsem/elixir_mhd_ec.jl/p7_rhs!": {
      "max_time_ns": 62556.0,
      "allocs": 0,
      "min_time_ns": 14356.0,
      "mean_time_ns": 14894.0977,
      "samples": 10000,
      "std_time_ns": 1842.5607124197036,
      "median_time_ns": 14497.0,
      "memory_bytes": 0
    },
    "structured_1d_dgsem/elixir_euler_sedov.jl/p3_rhs!": {
      "max_time_ns": 46527.0,
      "allocs": 0,
      "min_time_ns": 11842.0,
      "mean_time_ns": 12274.0541,
      "samples": 10000,
      "std_time_ns": 1508.5161702404046,
      "median_time_ns": 12013.0,
      "memory_bytes": 0
    },
    "tree_2d_dgsem/elixir_euler_ec.jl/p3_analysis": {
      "max_time_ns": 3.593611e6,
      "allocs": 0,
      "min_time_ns": 2.280312e6,
      "mean_time_ns": 2.314471188137164e6,
      "samples": 2158,
      "std_time_ns": 145586.0628008987,
      "median_time_ns": 2.2907465e6,
      "memory_bytes": 0
    },
    "structured_1d_dgsem/elixir_euler_sedov.jl/p7_analysis": {
      "max_time_ns": 49423.0,
      "allocs": 128,
      "min_time_ns": 7955.0,
      "mean_time_ns": 8383.5613,
      "samples": 10000,
      "std_time_ns": 1149.0098726342828,
      "median_time_ns": 8205.0,
      "memory_bytes": 8192
    },
    "tree_2d_dgsem/elixir_euler_vortex_mortar.jl/p7_analysis": {
      "max_time_ns": 6.935782e6,
      "allocs": 0,
      "min_time_ns": 6.308883e6,
      "mean_time_ns": 6.334328493029151e6,
      "samples": 789,
      "std_time_ns": 48525.88173876267,
      "median_time_ns": 6.323531e6,
      "memory_bytes": 0
    },
    "tree_2d_dgsem/elixir_euler_vortex_mortar.jl/p3_rhs!": {
      "max_time_ns": 863550.0,
      "allocs": 0,
      "min_time_ns": 344894.0,
      "mean_time_ns": 351895.2598,
      "samples": 10000,
      "std_time_ns": 12717.170254519368,
      "median_time_ns": 348139.0,
      "memory_bytes": 0
    },
    "tree_2d_dgsem/elixir_advection_amr_nonperiodic.jl/p7_analysis": {
      "max_time_ns": 7.309108e6,
      "allocs": 0,
      "min_time_ns": 3.945757e6,
      "mean_time_ns": 3.9980525856e6,
      "samples": 1250,
      "std_time_ns": 240410.87854573046,
      "median_time_ns": 3.969627e6,
      "memory_bytes": 0
    },
    "tree_2d_dgsem/elixir_euler_vortex_mortar.jl/p3_analysis": {
      "max_time_ns": 1.945377e6,
      "allocs": 0,
      "min_time_ns": 1.299934e6,
      "mean_time_ns": 1.3084412131061598e6,
      "samples": 3815,
      "std_time_ns": 21976.626811632443,
      "median_time_ns": 1.304101e6,
      "memory_bytes": 0
    },
    "tree_2d_dgsem/elixir_advection_extended.jl/p7_analysis": {
      "max_time_ns": 1.253067e6,
      "allocs": 0,
      "min_time_ns": 813357.0,
      "mean_time_ns": 824836.8634033405,
      "samples": 6047,
      "std_time_ns": 16484.31733097266,
      "median_time_ns": 824127.0,
      "memory_bytes": 0
    },
    "tree_2d_dgsem/elixir_advection_extended.jl/p7_rhs!": {
      "max_time_ns": 270304.0,
      "allocs": 0,
      "min_time_ns": 169336.0,
      "mean_time_ns": 173232.0865,
      "samples": 10000,
      "std_time_ns": 5396.843727628195,
      "median_time_ns": 171370.0,
      "memory_bytes": 0
    },
    "structured_1d_dgsem/elixir_euler_sedov.jl/p3_analysis": {
      "max_time_ns": 189884.0,
      "allocs": 128,
      "min_time_ns": 5000.0,
      "mean_time_ns": 5789.8548,
      "samples": 10000,
      "std_time_ns": 5051.575296777715,
      "median_time_ns": 5240.0,
      "memory_bytes": 6144
    },
    "tree_2d_dgsem/elixir_advection_extended.jl/p3_analysis": {
      "max_time_ns": 253863.0,
      "allocs": 0,
      "min_time_ns": 169486.0,
      "mean_time_ns": 171843.3651,
      "samples": 10000,
      "std_time_ns": 4173.108594098146,
      "median_time_ns": 170337.0,
      "memory_bytes": 0
    },
    "structured_1d_dgsem/elixir_euler_sedov.jl/p7_rhs!": {
      "max_time_ns": 68087.0,
      "allocs": 0,
      "min_time_ns": 33072.0,
      "mean_time_ns": 33741.3369,
      "samples": 10000,
      "std_time_ns": 1890.042814854359,
      "median_time_ns": 33382.0,
      "memory_bytes": 0
    },
    "tree_2d_dgsem/elixir_advection_extended.jl/p3_rhs!": {
      "max_time_ns": 95348.0,
      "allocs": 0,
      "min_time_ns": 43952.0,
      "mean_time_ns": 45016.882,
      "samples": 10000,
      "std_time_ns": 2372.43874378988,
      "median_time_ns": 44533.0,
      "memory_bytes": 0
    },
    "tree_1d_dgsem/elixir_mhd_ec.jl/p7_analysis": {
      "max_time_ns": 34084.0,
      "allocs": 0,
      "min_time_ns": 6692.0,
      "mean_time_ns": 6862.6783,
      "samples": 10000,
      "std_time_ns": 806.4078301752575,
      "median_time_ns": 6772.0,
      "memory_bytes": 0
    },
    "tree_2d_dgsem/elixir_advection_amr_nonperiodic.jl/p3_rhs!": {
      "max_time_ns": 162783.0,
      "allocs": 0,
      "min_time_ns": 88986.0,
      "mean_time_ns": 90887.1901,
      "samples": 10000,
      "std_time_ns": 3891.2338776628494,
      "median_time_ns": 89838.0,
      "memory_bytes": 0
    }
  }
}