{
  "metadata": {
    "run_number": 8,
    "julia_version": "1.11.9",
    "commit_hash": "90b2c7dc6438cbd66b6eff029a42700de93af5d0",
    "git_dirty": true,
    "hostname": "runnervmjduv7",
    "git_branch": "main",
    "timestamp": "2026-02-18T03:18:15.379",
    "group": "trixi",
    "system": {
      "julia_threads": 1,
      "arch": "x86_64",
      "word_size": 64,
      "os": "Linux",
      "cpu_threads": 4
    }
  },
  "benchmarks": {
    "tree_2d_dgsem/elixir_euler_ec.jl/p7_analysis": {
      "cv": 0.003515567110548666,
      "p25_time_ns": 1.10159e7,
      "std_time_ns": 38779.28618333403,
      "median_time_ns": 1.1019898e7,
      "allocs": 0,
      "gc_time_ns": 0.0,
      "memory_bytes": 0,
      "iqr_time_ns": 11672.0,
      "p75_time_ns": 1.1027572e7,
      "min_time_ns": 1.1005511e7,
      "mean_time_ns": 1.1030734150110375e7,
      "max_time_ns": 1.1374082e7,
      "p99_time_ns": 1.127156e7,
      "samples": 453,
      "p95_time_ns": 1.107958e7
    },
    "tree_1d_dgsem/elixir_mhd_ec.jl/p3_analysis": {
      "cv": 0.17724602755975594,
      "p25_time_ns": 3135.0,
      "std_time_ns": 563.7045632710946,
      "median_time_ns": 3136.0,
      "allocs": 0,
      "gc_time_ns": 0.0,
      "memory_bytes": 0,
      "iqr_time_ns": 11.0,
      "p75_time_ns": 3146.0,
      "min_time_ns": 3096.0,
      "mean_time_ns": 3180.3509,
      "max_time_ns": 20348.0,
      "p99_time_ns": 3236.0,
      "samples": 10000,
      "p95_time_ns": 3196.0
    },
    "tree_2d_dgsem/elixir_euler_ec.jl/p3_rhs!": {
      "cv": 0.00829413066487286,
      "p25_time_ns": 1.382875e6,
      "std_time_ns": 11524.62899527303,
      "median_time_ns": 1.386832e6,
      "allocs": 0,
      "gc_time_ns": 0.0,
      "memory_bytes": 0,
      "iqr_time_ns": 9378.0,
      "p75_time_ns": 1.392253e6,
      "min_time_ns": 1.380199e6,
      "mean_time_ns": 1.3894920951850822e6,
      "max_time_ns": 1.588561e6,
      "p99_time_ns": 1.428681e6,
      "samples": 3593,
      "p95_time_ns": 1.40377e6
    },
    "tree_1d_dgsem/elixir_mhd_ec.jl/p3_rhs!": {
      "cv": 0.1222469370366069,
      "p25_time_ns": 5340.0,
      "std_time_ns": 661.1095162170586,
      "median_time_ns": 5350.0,
      "allocs": 0,
      "gc_time_ns": 0.0,
      "memory_bytes": 0,
      "iqr_time_ns": 20.0,
      "p75_time_ns": 5360.0,
      "min_time_ns": 5290.0,
      "mean_time_ns": 5407.9843,
      "max_time_ns": 25047.0,
      "p99_time_ns": 5571.0,
      "samples": 10000,
      "p95_time_ns": 5410.0
    },
    "tree_2d_dgsem/elixir_advection_amr_nonperiodic.jl/p3_analysis": {
      "cv": 0.010229644221065303,
      "p25_time_ns": 838674.0,
      "std_time_ns": 8597.1654137174,
      "median_time_ns": 839715.5,
      "allocs": 0,
      "gc_time_ns": 0.0,
      "memory_bytes": 0,
      "iqr_time_ns": 2744.0,
      "p75_time_ns": 841418.0,
      "min_time_ns": 829236.0,
      "mean_time_ns": 840416.8539912428,
      "max_time_ns": 1.115954e6,
      "p99_time_ns": 874390.0,
      "samples": 5938,
      "p95_time_ns": 847069.0
    },
    "tree_2d_dgsem/elixir_advection_amr_nonperiodic.jl/p7_rhs!": {
      "cv": 0.02288138187419971,
      "p25_time_ns": 318387.0,
      "std_time_ns": 7395.127518622069,
      "median_time_ns": 320431.0,
      "allocs": 0,
      "gc_time_ns": 0.0,
      "memory_bytes": 0,
      "iqr_time_ns": 9157.0,
      "p75_time_ns": 327544.0,
      "min_time_ns": 316303.0,
      "mean_time_ns": 323194.0955,
      "max_time_ns": 473609.0,
      "p99_time_ns": 347101.0,
      "samples": 10000,
      "p95_time_ns": 331813.0
    },
    "tree_2d_dgsem/elixir_euler_ec.jl/p7_rhs!": {
      "cv": 0.055822198745906416,
      "p25_time_ns": 9.430672e6,
      "std_time_ns": 530298.7712793999,
      "median_time_ns": 9.43963e6,
      "allocs": 0,
      "gc_time_ns": 0.0,
      "memory_bytes": 0,
      "iqr_time_ns": 30548.0,
      "p75_time_ns": 9.46122e6,
      "min_time_ns": 9.417148e6,
      "mean_time_ns": 9.499782939278938e6,
      "max_time_ns": 1.9392402e7,
      "p99_time_ns": 1.0472017e7,
      "samples": 527,
      "p95_time_ns": 9.526603e6
    },
    "tree_2d_dgsem/elixir_euler_vortex_mortar.jl/p7_rhs!": {
      "cv": 0.07970816047186684,
      "p25_time_ns": 1.124068e6,
      "std_time_ns": 90681.40206319587,
      "median_time_ns": 1.12739e6,
      "allocs": 0,
      "gc_time_ns": 0.0,
      "memory_bytes": 0,
      "iqr_time_ns": 10901.0,
      "p75_time_ns": 1.134969e6,
      "min_time_ns": 1.116014e6,
      "mean_time_ns": 1.1376677309621524e6,
      "max_time_ns": 3.399658e6,
      "p99_time_ns": 1.218396e6,
      "samples": 4386,
      "p95_time_ns": 1.159526e6
    },
    "tree_1d_dgsem/elixir_mhd_ec.jl/p7_rhs!": {
      "cv": 0.07904018545316535,
      "p25_time_ns": 14497.0,
      "std_time_ns": 1160.9606207792106,
      "median_time_ns": 14517.0,
      "allocs": 0,
      "gc_time_ns": 0.0,
      "memory_bytes": 0,
      "iqr_time_ns": 50.0,
      "p75_time_ns": 14547.0,
      "min_time_ns": 14397.0,
      "mean_time_ns": 14688.2325,
      "max_time_ns": 41087.0,
      "p99_time_ns": 22182.0,
      "samples": 10000,
      "p95_time_ns": 14607.0
    },
    "structured_1d_dgsem/elixir_euler_sedov.jl/p3_rhs!": {
      "cv": 0.08430407205141166,
      "p25_time_ns": 11822.0,
      "std_time_ns": 1010.0735334353657,
      "median_time_ns": 11852.0,
      "allocs": 0,
      "gc_time_ns": 0.0,
      "memory_bytes": 0,
      "iqr_time_ns": 60.0,
      "p75_time_ns": 11882.0,
      "min_time_ns": 11732.0,
      "mean_time_ns": 11981.3137,
      "max_time_ns": 38842.0,
      "p99_time_ns": 19367.0,
      "samples": 10000,
      "p95_time_ns": 11953.0
    },
    "tree_2d_dgsem/elixir_euler_ec.jl/p3_analysis": {
      "cv": 0.007481965490091392,
      "p25_time_ns": 2.298382e6,
      "std_time_ns": 17248.031671618726,
      "median_time_ns": 2.301297e6,
      "allocs": 0,
      "gc_time_ns": 0.0,
      "memory_bytes": 0,
      "iqr_time_ns": 8756.0,
      "p75_time_ns": 2.307138e6,
      "min_time_ns": 2.293112e6,
      "mean_time_ns": 2.305280837563452e6,
      "max_time_ns": 2.677403e6,
      "p99_time_ns": 2.365417e6,
      "samples": 2167,
      "p95_time_ns": 2.320894e6
    },
    "structured_1d_dgsem/elixir_euler_sedov.jl/p7_analysis": {
      "cv": 0.12037188967242951,
      "p25_time_ns": 8466.0,
      "std_time_ns": 1052.412213823334,
      "median_time_ns": 8546.0,
      "allocs": 128,
      "gc_time_ns": 0.0,
      "memory_bytes": 8192,
      "iqr_time_ns": 300.0,
      "p75_time_ns": 8766.0,
      "min_time_ns": 8346.0,
      "mean_time_ns": 8743.0065,
      "max_time_ns": 29215.0,
      "p99_time_ns": 14017.0,
      "samples": 10000,
      "p95_time_ns": 9098.0
    },
    "tree_2d_dgsem/elixir_euler_vortex_mortar.jl/p7_analysis": {
      "cv": 0.004212311014610199,
      "p25_time_ns": 6.306101e6,
      "std_time_ns": 26612.459068601085,
      "median_time_ns": 6.311211e6,
      "allocs": 0,
      "gc_time_ns": 0.0,
      "memory_bytes": 0,
      "iqr_time_ns": 12854.0,
      "p75_time_ns": 6.318955e6,
      "min_time_ns": 6.295722e6,
      "mean_time_ns": 6.317781136363637e6,
      "max_time_ns": 6.586156e6,
      "p99_time_ns": 6.452065e6,
      "samples": 792,
      "p95_time_ns": 6.348771e6
    },
    "tree_2d_dgsem/elixir_euler_vortex_mortar.jl/p3_rhs!": {
      "cv": 0.022955345634784966,
      "p25_time_ns": 350197.0,
      "std_time_ns": 8158.028200769866,
      "median_time_ns": 351344.5,
      "allocs": 0,
      "gc_time_ns": 0.0,
      "memory_bytes": 0,
      "iqr_time_ns": 9278.0,
      "p75_time_ns": 359475.0,
      "min_time_ns": 348203.0,
      "mean_time_ns": 355386.8598,
      "max_time_ns": 579187.0,
      "p99_time_ns": 382027.0,
      "samples": 10000,
      "p95_time_ns": 367690.0
    },
    "tree_2d_dgsem/elixir_advection_amr_nonperiodic.jl/p7_analysis": {
      "cv": 0.004182302253266137,
      "p25_time_ns": 3.958764e6,
      "std_time_ns": 16587.680754551624,
      "median_time_ns": 3.961315e6,
      "allocs": 0,
      "gc_time_ns": 0.0,
      "memory_bytes": 0,