{
  "metadata": {
    "run_number": 13,
    "julia_version": "1.11.9",
    "commit_hash": "90b2c7dc6438cbd66b6eff029a42700de93af5d0",
    "git_dirty": true,
    "hostname": "runnervmwffz4",
    "git_branch": "main",
    "timestamp": "2026-02-23T03:19:08.205",
    "group": "trixi",
    "system": {
      "julia_threads": 1,
      "arch": "x86_64",
      "word_size": 64,
      "os": "Linux",
      "cpu_threads": 4
    }
  },
  "benchmarks": {
    "tree_2d_dgsem/elixir_euler_ec.jl/p7_analysis": {
      "cv": 0.008511448744071982,
      "p25_time_ns": 1.0913428e7,
      "std_time_ns": 93158.21626666232,
      "median_time_ns": 1.0925285e7,
      "allocs": 0,
      "gc_time_ns": 0.0,
      "memory_bytes": 0,
      "iqr_time_ns": 44363.0,
      "p75_time_ns": 1.0957791e7,
      "min_time_ns": 1.0881609e7,
      "mean_time_ns": 1.094504814254386e7,
      "max_time_ns": 1.2483447e7,
      "p99_time_ns": 1.1289555e7,
      "samples": 456,
      "p95_time_ns": 1.101004e7
    },
    "tree_1d_dgsem/elixir_mhd_ec.jl/p3_analysis": {
      "cv": 0.14789531997518884,
      "p25_time_ns": 3156.0,
      "std_time_ns": 473.499127422593,
      "median_time_ns": 3166.0,
      "allocs": 0,
      "gc_time_ns": 0.0,
      "memory_bytes": 0,
      "iqr_time_ns": 21.0,
      "p75_time_ns": 3177.0,
      "min_time_ns": 3125.0,
      "mean_time_ns": 3201.5829,
      "max_time_ns": 17723.0,
      "p99_time_ns": 3266.0,
      "samples": 10000,
      "p95_time_ns": 3226.0
    },
    "tree_2d_dgsem/elixir_euler_ec.jl/p3_rhs!": {
      "cv": 0.01928326814991447,
      "p25_time_ns": 1.391354e6,
      "std_time_ns": 26973.11445329315,
      "median_time_ns": 1.395722e6,
      "allocs": 0,
      "gc_time_ns": 0.0,
      "memory_bytes": 0,
      "iqr_time_ns": 9478.0,
      "p75_time_ns": 1.400832e6,
      "min_time_ns": 1.381056e6,
      "mean_time_ns": 1.3987833516391146e6,
      "max_time_ns": 2.182912e6,
      "p99_time_ns": 1.45249e6,
      "samples": 3569,
      "p95_time_ns": 1.413907e6
    },
    "tree_1d_dgsem/elixir_mhd_ec.jl/p3_rhs!": {
      "cv": 0.13648022741521748,
      "p25_time_ns": 5330.0,
      "std_time_ns": 738.4723052107413,
      "median_time_ns": 5340.0,
      "allocs": 0,
      "gc_time_ns": 0.0,
      "memory_bytes": 0,
      "iqr_time_ns": 21.0,
      "p75_time_ns": 5351.0,
      "min_time_ns": 5299.0,
      "mean_time_ns": 5410.8373,
      "max_time_ns": 28804.0,
      "p99_time_ns": 6221.0,
      "samples": 10000,
      "p95_time_ns": 5410.0
    },
    "tree_2d_dgsem/elixir_advection_amr_nonperiodic.jl/p3_analysis": {
      "cv": 0.010975070659839246,
      "p25_time_ns": 836822.0,
      "std_time_ns": 9199.430624720893,
      "median_time_ns": 837714.0,
      "allocs": 0,
      "gc_time_ns": 0.0,
      "memory_bytes": 0,
      "iqr_time_ns": 2124.0,
      "p75_time_ns": 838946.0,
      "min_time_ns": 828587.0,
      "mean_time_ns": 838211.5167954316,
      "max_time_ns": 1.058719e6,
      "p99_time_ns": 865997.0,
      "samples": 5954,
      "p95_time_ns": 844787.0
    },
    "tree_2d_dgsem/elixir_advection_amr_nonperiodic.jl/p7_rhs!": {
      "cv": 0.023809529712373635,
      "p25_time_ns": 320762.0,
      "std_time_ns": 7741.607493105998,
      "median_time_ns": 322175.0,
      "allocs": 0,
      "gc_time_ns": 0.0,
      "memory_bytes": 0,
      "iqr_time_ns": 8988.0,
      "p75_time_ns": 329750.0,
      "min_time_ns": 318819.0,
      "mean_time_ns": 325147.4341,
      "max_time_ns": 728259.0,
      "p99_time_ns": 344888.0,
      "samples": 10000,
      "p95_time_ns": 333687.0
    },
    "tree_2d_dgsem/elixir_euler_ec.jl/p7_rhs!": {
      "cv": 0.009274160835988534,
      "p25_time_ns": 9.429502e6,
      "std_time_ns": 87799.77388792852,
      "median_time_ns": 9.445802e6,
      "allocs": 0,
      "gc_time_ns": 0.0,
      "memory_bytes": 0,
      "iqr_time_ns": 48831.0,
      "p75_time_ns": 9.478333e6,
      "min_time_ns": 9.402981e6,
      "mean_time_ns": 9.467139446969697e6,
      "max_time_ns": 1.0628664e7,
      "p99_time_ns": 9.72166e6,
      "samples": 528,
      "p95_time_ns": 9.569874e6
    },
    "tree_2d_dgsem/elixir_euler_vortex_mortar.jl/p7_rhs!": {
      "cv": 0.015088597146242935,
      "p25_time_ns": 1.131697e6,
      "std_time_ns": 17204.70422840475,
      "median_time_ns": 1.1367915e6,
      "allocs": 0,
      "gc_time_ns": 0.0,
      "memory_bytes": 0,
      "iqr_time_ns": 12342.0,
      "p75_time_ns": 1.144039e6,
      "min_time_ns": 1.121628e6,
      "mean_time_ns": 1.1402454490402194e6,
      "max_time_ns": 1.574559e6,
      "p99_time_ns": 1.194204e6,
      "samples": 4376,
      "p95_time_ns": 1.161362e6
    },
    "tree_1d_dgsem/elixir_mhd_ec.jl/p7_rhs!": {
      "cv": 0.07176076773768125,
      "p25_time_ns": 14657.0,
      "std_time_ns": 1064.150040724952,
      "median_time_ns": 14678.0,
      "allocs": 0,
      "gc_time_ns": 0.0,
      "memory_bytes": 0,
      "iqr_time_ns": 51.0,
      "p75_time_ns": 14708.0,
      "min_time_ns": 14527.0,
      "mean_time_ns": 14829.134,
      "max_time_ns": 36940.0,
      "p99_time_ns": 22031.0,
      "samples": 10000,
      "p95_time_ns": 14778.0
    },
    "structured_1d_dgsem/elixir_euler_sedov.jl/p3_rhs!": {
      "cv": 0.09286669568081263,
      "p25_time_ns": 11972.0,
      "std_time_ns": 1126.67098254344,
      "median_time_ns": 11993.0,
      "allocs": 0,
      "gc_time_ns": 0.0,
      "memory_bytes": 0,
      "iqr_time_ns": 51.0,
      "p75_time_ns": 12023.0,
      "min_time_ns": 11902.0,
      "mean_time_ns": 12132.1317,
      "max_time_ns": 44133.0,
      "p99_time_ns": 19336.0,
      "samples": 10000,
      "p95_time_ns": 12083.0
    },
    "tree_2d_dgsem/elixir_euler_ec.jl/p3_analysis": {
      "cv": 0.014960699131814336,
      "p25_time_ns": 2.33095e6,
      "std_time_ns": 34995.87646411213,
      "median_time_ns": 2.335674e6,
      "allocs": 0,
      "gc_time_ns": 0.0,
      "memory_bytes": 0,
      "iqr_time_ns": 9548.0,
      "p75_time_ns": 2.340498e6,
      "min_time_ns": 2.325309e6,
      "mean_time_ns": 2.3391872368913856e6,
      "max_time_ns": 3.553947e6,
      "p99_time_ns": 2.386594e6,
      "samples": 2136,
      "p95_time_ns": 2.359193e6
    },
    "structured_1d_dgsem/elixir_euler_sedov.jl/p7_analysis": {
      "cv": 0.11323329490517431,
      "p25_time_ns": 8085.0,
      "std_time_ns": 943.194632096574,
      "median_time_ns": 8185.0,
      "allocs": 128,
      "gc_time_ns": 0.0,
      "memory_bytes": 8192,
      "iqr_time_ns": 260.0,
      "p75_time_ns": 8345.0,
      "min_time_ns": 7955.0,
      "mean_time_ns": 8329.6581,
      "max_time_ns": 32712.0,
      "p99_time_ns": 11251.0,
      "samples": 10000,
      "p95_time_ns": 8656.0
    },
    "tree_2d_dgsem/elixir_euler_vortex_mortar.jl/p7_analysis": {
      "cv": 0.014436589650545494,
      "p25_time_ns": 6.287934e6,
      "std_time_ns": 91065.5212046456,
      "median_time_ns": 6.294085e6,
      "allocs": 0,
      "gc_time_ns": 0.0,
      "memory_bytes": 0,
      "iqr_time_ns": 19808.0,
      "p75_time_ns": 6.307742e6,
      "min_time_ns": 6.275962e6,
      "mean_time_ns": 6.307966313997478e6,
      "max_time_ns": 8.152497e6,
      "p99_time_ns": 6.483992e6,
      "samples": 793,
      "p95_time_ns": 6.344922e6
    },
    "tree_2d_dgsem/elixir_euler_vortex_mortar.jl/p3_rhs!": {
      "cv": 0.0218009306735698,
      "p25_time_ns": 352512.0,
      "std_time_ns": 7802.5908974246995,
      "median_time_ns": 354806.0,
      "allocs": 0,
      "gc_time_ns": 0.0,
      "memory_bytes": 0,
      "iqr_time_ns": 8997.0,
      "p75_time_ns": 361509.0,
      "min_time_ns": 350007.0,
      "mean_time_ns": 357901.7343,
      "max_time_ns": 532731.0,
      "p99_time_ns": 381617.0,
      "samples": 10000,
      "p95_time_ns": 370055.0
    },
    "tree_2d_dgsem/elixir_advection_amr_nonperiodic.jl/p7_analysis": {
      "cv": 0.025196507280430425,
      "p25_time_ns": 3.943848e6,
      "std_time_ns": 99815.41106516327,
      "median_time_ns": 3.947816e6,
      "allocs": 0,
      "gc_time_ns": 0.0,
      "memory_bytes": 0,