{
  "metadata": {
    "run_number": 62,
    "julia_version": "1.11.9",
    "commit_hash": "290e4048c80a344f261cf1caa8f960168cbb6d92",
    "git_dirty": false,
    "hostname": "runnervm0kj6c",
    "git_branch": "main",
    "timestamp": "2026-03-10T00:39:38.529",
    "group": "enzyme",
    "system": {
      "julia_threads": 1,
      "arch": "x86_64",
      "word_size": 64,
      "os": "Linux",
      "cpu_threads": 4
    }
  },
  "benchmarks": {
    "basics/make_zero/array": {
      "cv": 4.0046828840966535,
      "p25_time_ns": 50.0,
      "std_time_ns": 313.3303935346063,
      "median_time_ns": 60.0,
      "allocs": 2,
      "gc_time_ns": 0.0,
      "memory_bytes": 928,
      "iqr_time_ns": 10.0,
      "p75_time_ns": 60.0,
      "min_time_ns": 49.0,
      "mean_time_ns": 78.241,
      "max_time_ns": 25949.0,
      "p99_time_ns": 340.0,
      "samples": 10000,
      "p95_time_ns": 200.0
    },
    "basics/make_zero/namedtuple": {
      "cv": 3.979263790362414,
      "p25_time_ns": 30.0,
      "std_time_ns": 121.39380874707003,
      "median_time_ns": 30.0,
      "allocs": 0,
      "gc_time_ns": 0.0,
      "memory_bytes": 0,
      "iqr_time_ns": 0.0,
      "p75_time_ns": 30.0,
      "min_time_ns": 20.0,
      "mean_time_ns": 30.5066,
      "max_time_ns": 12163.0,
      "p99_time_ns": 31.0,
      "samples": 10000,
      "p95_time_ns": 31.0
    },
    "autodiff/reverse/complex": {
      "cv": 0.14937923039041967,
      "p25_time_ns": 28273.0,
      "std_time_ns": 4446.204959462321,
      "median_time_ns": 28444.0,
      "allocs": 3,
      "gc_time_ns": 0.0,
      "memory_bytes": 8072,
      "iqr_time_ns": 3065.0,
      "p75_time_ns": 31338.0,
      "min_time_ns": 27852.0,
      "mean_time_ns": 29764.5459,
      "max_time_ns": 377476.0,
      "p99_time_ns": 40075.0,
      "samples": 10000,
      "p95_time_ns": 34284.0
    },
    "autodiff/forward/complex": {
      "cv": 0.13049340979768514,
      "p25_time_ns": 18945.0,
      "std_time_ns": 2592.3301035156906,
      "median_time_ns": 19065.0,
      "allocs": 3,
      "gc_time_ns": 0.0,
      "memory_bytes": 8072,
      "iqr_time_ns": 431.0,
      "p75_time_ns": 19376.0,
      "min_time_ns": 18605.0,
      "mean_time_ns": 19865.6017,
      "max_time_ns": 192190.0,
      "p99_time_ns": 27993.0,
      "samples": 10000,
      "p95_time_ns": 22442.0
    },
    "basics/make_zero/struct": {
      "cv": 0.7524349332232533,
      "p25_time_ns": 190.0,
      "std_time_ns": 159.84441796120169,
      "median_time_ns": 191.0,
      "allocs": 7,
      "gc_time_ns": 0.0,
      "memory_bytes": 496,
      "iqr_time_ns": 11.0,
      "p75_time_ns": 201.0,
      "min_time_ns": 180.0,
      "mean_time_ns": 212.4362,
      "max_time_ns": 14798.0,
      "p99_time_ns": 421.0,
      "samples": 10000,
      "p95_time_ns": 300.0
    },
    "autodiff/forward/simple": {
      "cv": 1.2687793092738824,
      "p25_time_ns": 211.0,
      "std_time_ns": 2000.9612710744864,
      "median_time_ns": 2034.0,
      "allocs": 4,
      "gc_time_ns": 0.0,
      "memory_bytes": 2720,
      "iqr_time_ns": 1902.0,
      "p75_time_ns": 2113.0,
      "min_time_ns": 190.0,
      "mean_time_ns": 1577.0759,
      "max_time_ns": 114475.0,
      "p99_time_ns": 5150.0,
      "samples": 10000,
      "p95_time_ns": 2355.0
    },
    "autodiff/reverse/simple": {
      "cv": 0.41542645524223915,
      "p25_time_ns": 1733.0,
      "std_time_ns": 1324.0120530699512,
      "median_time_ns": 3707.0,
      "allocs": 4,
      "gc_time_ns": 0.0,
      "memory_bytes": 2720,
      "iqr_time_ns": 2074.0,
      "p75_time_ns": 3807.0,
      "min_time_ns": 1633.0,
      "mean_time_ns": 3187.1154,
      "max_time_ns": 21871.0,
      "p99_time_ns": 6873.0,
      "samples": 10000,
      "p95_time_ns": 4037.0
    }
  }
}