{
  "metadata": {
    "run_number": 62,
    "julia_version": "1.11.9",
    "commit_hash": "f81a51d8cc697598cc00b5e770c0f7d95f96d036",
    "git_dirty": false,
    "hostname": "runnervm0kj6c",
    "git_branch": "main",
    "timestamp": "2026-03-10T03:05:12.076",
    "group": "enzyme",
    "system": {
      "julia_threads": 1,
      "arch": "x86_64",
      "word_size": 64,
      "os": "Linux",
      "cpu_threads": 4
    }
  },
  "benchmarks": {
    "basics/make_zero/array": {
      "cv": 1.480557254889261,
      "p25_time_ns": 60.0,
      "std_time_ns": 112.3476456155069,
      "median_time_ns": 60.0,
      "allocs": 2,
      "gc_time_ns": 0.0,
      "memory_bytes": 928,
      "iqr_time_ns": 1.0,
      "p75_time_ns": 61.0,
      "min_time_ns": 49.0,
      "mean_time_ns": 75.882,
      "max_time_ns": 9598.0,
      "p99_time_ns": 341.0,
      "samples": 10000,
      "p95_time_ns": 201.0
    },
    "basics/make_zero/namedtuple": {
      "cv": 3.080170081993829,
      "p25_time_ns": 30.0,
      "std_time_ns": 93.24999311330578,
      "median_time_ns": 30.0,
      "allocs": 0,
      "gc_time_ns": 0.0,
      "memory_bytes": 0,
      "iqr_time_ns": 0.0,
      "p75_time_ns": 30.0,
      "min_time_ns": 20.0,
      "mean_time_ns": 30.2743,
      "max_time_ns": 9347.0,
      "p99_time_ns": 31.0,
      "samples": 10000,
      "p95_time_ns": 31.0
    },
    "autodiff/reverse/complex": {
      "cv": 0.16001500470005955,
      "p25_time_ns": 28163.0,
      "std_time_ns": 4742.132016477331,
      "median_time_ns": 28343.0,
      "allocs": 3,
      "gc_time_ns": 0.0,
      "memory_bytes": 8072,
      "iqr_time_ns": 3195.0,
      "p75_time_ns": 31358.0,
      "min_time_ns": 27912.0,
      "mean_time_ns": 29635.5459,
      "max_time_ns": 428069.0,
      "p99_time_ns": 40185.0,
      "samples": 10000,
      "p95_time_ns": 34364.0
    },
    "autodiff/forward/complex": {
      "cv": 0.14157258031688527,
      "p25_time_ns": 18815.0,
      "std_time_ns": 2799.6797887621838,
      "median_time_ns": 18936.0,
      "allocs": 3,
      "gc_time_ns": 0.0,
      "memory_bytes": 8072,
      "iqr_time_ns": 401.0,
      "p75_time_ns": 19216.0,
      "min_time_ns": 18574.0,
      "mean_time_ns": 19775.5793,
      "max_time_ns": 211243.0,
      "p99_time_ns": 28103.0,
      "samples": 10000,
      "p95_time_ns": 22432.0
    },
    "basics/make_zero/struct": {
      "cv": 0.6823441442625262,
      "p25_time_ns": 190.0,
      "std_time_ns": 148.57149870487524,
      "median_time_ns": 191.0,
      "allocs": 7,
      "gc_time_ns": 0.0,
      "memory_bytes": 496,
      "iqr_time_ns": 11.0,
      "p75_time_ns": 201.0,
      "min_time_ns": 180.0,
      "mean_time_ns": 217.7369,
      "max_time_ns": 9518.0,
      "p99_time_ns": 471.0,
      "samples": 10000,
      "p95_time_ns": 371.0
    },
    "autodiff/forward/simple": {
      "cv": 0.770082584119997,
      "p25_time_ns": 211.0,
      "std_time_ns": 1207.005726020811,
      "median_time_ns": 2064.0,
      "allocs": 4,
      "gc_time_ns": 0.0,
      "memory_bytes": 2720,
      "iqr_time_ns": 1923.0,
      "p75_time_ns": 2134.0,
      "min_time_ns": 191.0,
      "mean_time_ns": 1567.3718,
      "max_time_ns": 27071.0,
      "p99_time_ns": 5140.0,
      "samples": 10000,
      "p95_time_ns": 2374.0
    },
    "autodiff/reverse/simple": {
      "cv": 0.4158147746975584,
      "p25_time_ns": 1813.0,
      "std_time_ns": 1364.580468824869,
      "median_time_ns": 3798.0,
      "allocs": 4,
      "gc_time_ns": 0.0,
      "memory_bytes": 2720,
      "iqr_time_ns": 2104.0,
      "p75_time_ns": 3917.0,
      "min_time_ns": 1623.0,
      "mean_time_ns": 3281.7027,
      "max_time_ns": 22011.0,
      "p99_time_ns": 6973.0,
      "samples": 10000,
      "p95_time_ns": 4168.0
    }
  }
}