{
  "metadata": {
    "run_number": 21,
    "julia_version": "1.11.9",
    "commit_hash": "90b2c7dc6438cbd66b6eff029a42700de93af5d0",
    "git_dirty": false,
    "hostname": "runnervmnay03",
    "git_branch": "main",
    "timestamp": "2026-03-03T03:21:51.436",
    "group": "enzyme",
    "system": {
      "julia_threads": 1,
      "arch": "x86_64",
      "word_size": 64,
      "os": "Linux",
      "cpu_threads": 4
    }
  },
  "benchmarks": {
    "basics/make_zero/array": {
      "cv": 2.4631254330300427,
      "p25_time_ns": 50.0,
      "std_time_ns": 176.12701565152972,
      "median_time_ns": 60.0,
      "allocs": 2,
      "gc_time_ns": 0.0,
      "memory_bytes": 928,
      "iqr_time_ns": 10.0,
      "p75_time_ns": 60.0,
      "min_time_ns": 40.0,
      "mean_time_ns": 71.5055,
      "max_time_ns": 16882.0,
      "p99_time_ns": 261.0,
      "samples": 10000,
      "p95_time_ns": 190.0
    },
    "basics/make_zero/namedtuple": {
      "cv": 0.12609369510884058,
      "p25_time_ns": 30.0,
      "std_time_ns": 3.698378515020338,
      "median_time_ns": 30.0,
      "allocs": 0,
      "gc_time_ns": 0.0,
      "memory_bytes": 0,
      "iqr_time_ns": 0.0,
      "p75_time_ns": 30.0,
      "min_time_ns": 20.0,
      "mean_time_ns": 29.3304,
      "max_time_ns": 281.0,
      "p99_time_ns": 31.0,
      "samples": 10000,
      "p95_time_ns": 31.0
    },
    "autodiff/reverse/complex": {
      "cv": 0.09617435215044232,
      "p25_time_ns": 28373.0,
      "std_time_ns": 2947.8937522865776,
      "median_time_ns": 31349.0,
      "allocs": 3,
      "gc_time_ns": 0.0,
      "memory_bytes": 8072,
      "iqr_time_ns": 3106.0,
      "p75_time_ns": 31479.0,
      "min_time_ns": 27952.0,
      "mean_time_ns": 30651.5582,
      "max_time_ns": 107670.0,
      "p99_time_ns": 40386.0,
      "samples": 10000,
      "p95_time_ns": 34524.0
    },
    "autodiff/forward/complex": {
      "cv": 0.1314652001532997,
      "p25_time_ns": 19116.0,
      "std_time_ns": 2630.77540102567,
      "median_time_ns": 19226.0,
      "allocs": 3,
      "gc_time_ns": 0.0,
      "memory_bytes": 8072,
      "iqr_time_ns": 361.0,
      "p75_time_ns": 19477.0,
      "min_time_ns": 18835.0,
      "mean_time_ns": 20011.1923,
      "max_time_ns": 194283.0,
      "p99_time_ns": 28343.0,
      "samples": 10000,
      "p95_time_ns": 22542.0
    },
    "basics/make_zero/struct": {
      "cv": 0.9224470489004791,
      "p25_time_ns": 190.0,
      "std_time_ns": 199.5791675848294,
      "median_time_ns": 191.0,
      "allocs": 7,
      "gc_time_ns": 0.0,
      "memory_bytes": 496,
      "iqr_time_ns": 11.0,
      "p75_time_ns": 201.0,
      "min_time_ns": 180.0,
      "mean_time_ns": 216.3584,
      "max_time_ns": 10139.0,
      "p99_time_ns": 431.0,
      "samples": 10000,
      "p95_time_ns": 301.0
    },
    "autodiff/forward/simple": {
      "cv": 1.3596237931591928,
      "p25_time_ns": 211.0,
      "std_time_ns": 2162.126101397785,
      "median_time_ns": 2054.0,
      "allocs": 4,
      "gc_time_ns": 0.0,
      "memory_bytes": 2720,
      "iqr_time_ns": 1923.0,
      "p75_time_ns": 2134.0,
      "min_time_ns": 190.0,
      "mean_time_ns": 1590.2385,
      "max_time_ns": 130564.0,
      "p99_time_ns": 5139.0,
      "samples": 10000,
      "p95_time_ns": 2314.0
    },
    "autodiff/reverse/simple": {
      "cv": 0.40662178826429446,
      "p25_time_ns": 1813.0,
      "std_time_ns": 1338.2591537997837,
      "median_time_ns": 3827.0,
      "allocs": 4,
      "gc_time_ns": 0.0,
      "memory_bytes": 2720,
      "iqr_time_ns": 2094.0,
      "p75_time_ns": 3907.0,
      "min_time_ns": 1663.0,
      "mean_time_ns": 3291.1644,
      "max_time_ns": 25017.0,
      "p99_time_ns": 6933.0,
      "samples": 10000,
      "p95_time_ns": 4128.0
    }
  }
}