{
  "metadata": {
    "run_number": 21,
    "julia_version": "1.11.9",
    "commit_hash": "90b2c7dc6438cbd66b6eff029a42700de93af5d0",
    "git_dirty": true,
    "hostname": "runnervmnay03",
    "git_branch": "main",
    "timestamp": "2026-03-03T03:17:47.669",
    "group": "trixi",
    "system": {
      "julia_threads": 1,
      "arch": "x86_64",
      "word_size": 64,
      "os": "Linux",
      "cpu_threads": 4
    }
  },
  "benchmarks": {
    "tree_2d_dgsem/elixir_euler_ec.jl/p7_analysis": {
      "cv": 0.005288353830306982,
      "p25_time_ns": 1.0984762e7,
      "std_time_ns": 58293.48328381316,
      "median_time_ns": 1.1006734e7,
      "allocs": 0,
      "gc_time_ns": 0.0,
      "memory_bytes": 0,
      "iqr_time_ns": 56507.0,
      "p75_time_ns": 1.1041269e7,
      "min_time_ns": 1.0965437e7,
      "mean_time_ns": 1.1022992249448124e7,
      "max_time_ns": 1.1434304e7,
      "p99_time_ns": 1.1257764e7,
      "samples": 453,
      "p95_time_ns": 1.1116218e7
    },
    "tree_1d_dgsem/elixir_mhd_ec.jl/p3_analysis": {
      "cv": 0.18450770176608064,
      "p25_time_ns": 3156.0,
      "std_time_ns": 590.6493944829793,
      "median_time_ns": 3157.0,
      "allocs": 0,
      "gc_time_ns": 0.0,
      "memory_bytes": 0,
      "iqr_time_ns": 10.0,
      "p75_time_ns": 3166.0,
      "min_time_ns": 3125.0,
      "mean_time_ns": 3201.2181,
      "max_time_ns": 27231.0,
      "p99_time_ns": 3256.0,
      "samples": 10000,
      "p95_time_ns": 3216.0
    },
    "tree_2d_dgsem/elixir_euler_ec.jl/p3_rhs!": {
      "cv": 0.07323402781326324,
      "p25_time_ns": 1.385064e6,
      "std_time_ns": 102642.64367332465,
      "median_time_ns": 1.391055e6,
      "allocs": 0,
      "gc_time_ns": 0.0,
      "memory_bytes": 0,
      "iqr_time_ns": 11130.0,
      "p75_time_ns": 1.396194e6,
      "min_time_ns": 1.378902e6,
      "mean_time_ns": 1.4015703729289526e6,
      "max_time_ns": 3.504604e6,
      "p99_time_ns": 1.494999e6,
      "samples": 3561,
      "p95_time_ns": 1.413988e6
    },
    "tree_1d_dgsem/elixir_mhd_ec.jl/p3_rhs!": {
      "cv": 0.13688443487664226,
      "p25_time_ns": 5350.0,
      "std_time_ns": 743.1250916569463,
      "median_time_ns": 5360.0,
      "allocs": 0,
      "gc_time_ns": 0.0,
      "memory_bytes": 0,
      "iqr_time_ns": 20.0,
      "p75_time_ns": 5370.0,
      "min_time_ns": 5319.0,
      "mean_time_ns": 5428.8502,
      "max_time_ns": 29004.0,
      "p99_time_ns": 7254.0,
      "samples": 10000,
      "p95_time_ns": 5420.0
    },
    "tree_2d_dgsem/elixir_advection_amr_nonperiodic.jl/p3_analysis": {
      "cv": 0.014765566052739284,
      "p25_time_ns": 838159.0,
      "std_time_ns": 12431.744027832123,
      "median_time_ns": 839001.0,
      "allocs": 0,
      "gc_time_ns": 0.0,
      "memory_bytes": 0,
      "iqr_time_ns": 2505.0,
      "p75_time_ns": 840664.0,
      "min_time_ns": 828692.0,
      "mean_time_ns": 841941.5810696811,
      "max_time_ns": 1.155955e6,
      "p99_time_ns": 873025.0,
      "samples": 5927,
      "p95_time_ns": 864379.0
    },
    "tree_2d_dgsem/elixir_advection_amr_nonperiodic.jl/p7_rhs!": {
      "cv": 0.02790456723067316,
      "p25_time_ns": 317885.0,
      "std_time_ns": 9008.682571811922,
      "median_time_ns": 319669.0,
      "allocs": 0,
      "gc_time_ns": 0.0,
      "memory_bytes": 0,
      "iqr_time_ns": 9638.0,
      "p75_time_ns": 327523.0,
      "min_time_ns": 315712.0,
      "mean_time_ns": 322838.9997,
      "max_time_ns": 593471.0,
      "p99_time_ns": 346148.0,
      "samples": 10000,
      "p95_time_ns": 332112.0
    },
    "tree_2d_dgsem/elixir_euler_ec.jl/p7_rhs!": {
      "cv": 0.008383554862770037,
      "p25_time_ns": 9.445991e6,
      "std_time_ns": 79546.50773808929,
      "median_time_ns": 9.464184e6,
      "allocs": 0,
      "gc_time_ns": 0.0,
      "memory_bytes": 0,
      "iqr_time_ns": 60463.0,
      "p75_time_ns": 9.506454e6,
      "min_time_ns": 9.419371e6,
      "mean_time_ns": 9.488398303605312e6,
      "max_time_ns": 1.0642722e7,
      "p99_time_ns": 9.725825e6,
      "samples": 527,
      "p95_time_ns": 9.61653e6
    },
    "tree_2d_dgsem/elixir_euler_vortex_mortar.jl/p7_rhs!": {
      "cv": 0.02264179331322928,
      "p25_time_ns": 1.146136e6,
      "std_time_ns": 26175.20024686025,
      "median_time_ns": 1.151146e6,
      "allocs": 0,
      "gc_time_ns": 0.0,
      "memory_bytes": 0,
      "iqr_time_ns": 13035.0,
      "p75_time_ns": 1.159171e6,
      "min_time_ns": 1.13185e6,
      "mean_time_ns": 1.156056849594438e6,
      "max_time_ns": 2.052013e6,
      "p99_time_ns": 1.22312e6,
      "samples": 4315,
      "p95_time_ns": 1.181563e6
    },
    "tree_1d_dgsem/elixir_mhd_ec.jl/p7_rhs!": {
      "cv": 0.07842018548178012,
      "p25_time_ns": 14517.0,
      "std_time_ns": 1152.2802327038455,
      "median_time_ns": 14547.0,
      "allocs": 0,
      "gc_time_ns": 0.0,
      "memory_bytes": 0,
      "iqr_time_ns": 60.0,
      "p75_time_ns": 14577.0,
      "min_time_ns": 14407.0,
      "mean_time_ns": 14693.6688,
      "max_time_ns": 39453.0,
      "p99_time_ns": 22312.0,
      "samples": 10000,
      "p95_time_ns": 14638.0
    },
    "structured_1d_dgsem/elixir_euler_sedov.jl/p3_rhs!": {
      "cv": 0.09822671504800894,
      "p25_time_ns": 12453.0,
      "std_time_ns": 1245.626047499574,
      "median_time_ns": 12533.0,
      "allocs": 0,
      "gc_time_ns": 0.0,
      "memory_bytes": 0,
      "iqr_time_ns": 160.0,
      "p75_time_ns": 12613.0,
      "min_time_ns": 12143.0,
      "mean_time_ns": 12681.1331,
      "max_time_ns": 49453.0,
      "p99_time_ns": 20348.0,
      "samples": 10000,
      "p95_time_ns": 12744.0
    },
    "tree_2d_dgsem/elixir_euler_ec.jl/p3_analysis": {
      "cv": 0.008159070858159161,
      "p25_time_ns": 2.304917e6,
      "std_time_ns": 18876.224421730258,
      "median_time_ns": 2.308643e6,
      "allocs": 0,
      "gc_time_ns": 0.0,
      "memory_bytes": 0,
      "iqr_time_ns": 10049.0,
      "p75_time_ns": 2.314966e6,
      "min_time_ns": 2.299376e6,
      "mean_time_ns": 2.313526227420102e6,
      "max_time_ns": 2.608996e6,
      "p99_time_ns": 2.385738e6,
      "samples": 2159,
      "p95_time_ns": 2.339572e6
    },
    "structured_1d_dgsem/elixir_euler_sedov.jl/p7_analysis": {
      "cv": 0.26127659094611805,
      "p25_time_ns": 8005.0,
      "std_time_ns": 2181.7920800146726,
      "median_time_ns": 8225.0,
      "allocs": 128,
      "gc_time_ns": 0.0,
      "memory_bytes": 8192,
      "iqr_time_ns": 371.0,
      "p75_time_ns": 8376.0,
      "min_time_ns": 7814.0,
      "mean_time_ns": 8350.5073,
      "max_time_ns": 124112.0,
      "p99_time_ns": 10860.0,
      "samples": 10000,
      "p95_time_ns": 8687.0
    },
    "tree_2d_dgsem/elixir_euler_vortex_mortar.jl/p7_analysis": {
      "cv": 0.004325233600019107,
      "p25_time_ns": 6.281436e6,
      "std_time_ns": 27243.54796792349,
      "median_time_ns": 6.292802e6,
      "allocs": 0,
      "gc_time_ns": 0.0,
      "memory_bytes": 0,
      "iqr_time_ns": 25607.0,
      "p75_time_ns": 6.307043e6,
      "min_time_ns": 6.265065e6,
      "mean_time_ns": 6.2987460302267e6,
      "max_time_ns": 6.499955e6,
      "p99_time_ns": 6.430244e6,
      "samples": 794,
      "p95_time_ns": 6.345566e6
    },
    "tree_2d_dgsem/elixir_euler_vortex_mortar.jl/p3_rhs!": {
      "cv": 0.026714466548473228,
      "p25_time_ns": 358453.0,
      "std_time_ns": 9733.598603201626,
      "median_time_ns": 360201.5,
      "allocs": 0,
      "gc_time_ns": 0.0,
      "memory_bytes": 0,
      "iqr_time_ns": 9689.0,
      "p75_time_ns": 368142.0,
      "min_time_ns": 355828.0,
      "mean_time_ns": 364356.8396,
      "max_time_ns": 611669.0,
      "p99_time_ns": 399360.0,
      "samples": 10000,
      "p95_time_ns": 378230.0
    },
    "tree_2d_dgsem/elixir_advection_amr_nonperiodic.jl/p7_analysis": {
      "cv": 0.005532350204620298,
      "p25_time_ns": 3.93451e6,
      "std_time_ns": 21821.108551075693,
      "median_time_ns": 3.937656e6,
      "allocs": 0,
      "gc_time_ns": 0.0,