{
  "metadata": {
    "run_number": 10,
    "julia_version": "1.11.9",
    "commit_hash": "90b2c7dc6438cbd66b6eff029a42700de93af5d0",
    "git_dirty": false,
    "hostname": "runnervmwffz4",
    "git_branch": "main",
    "timestamp": "2026-02-20T03:19:04.961",
    "group": "enzyme",
    "system": {
      "julia_threads": 1,
      "arch": "x86_64",
      "word_size": 64,
      "os": "Linux",
      "cpu_threads": 4
    }
  },
  "benchmarks": {
    "basics/make_zero/array": {
      "cv": 2.4701134774789257,
      "p25_time_ns": 60.0,
      "std_time_ns": 182.36007965644566,
      "median_time_ns": 60.0,
      "allocs": 2,
      "gc_time_ns": 0.0,
      "memory_bytes": 928,
      "iqr_time_ns": 0.0,
      "p75_time_ns": 60.0,
      "min_time_ns": 49.0,
      "mean_time_ns": 73.8266,
      "max_time_ns": 12143.0,
      "p99_time_ns": 301.0,
      "samples": 10000,
      "p95_time_ns": 180.0
    },
    "basics/make_zero/namedtuple": {
      "cv": 0.15093733305524074,
      "p25_time_ns": 30.0,
      "std_time_ns": 4.4322295039672275,
      "median_time_ns": 30.0,
      "allocs": 0,
      "gc_time_ns": 0.0,
      "memory_bytes": 0,
      "iqr_time_ns": 0.0,
      "p75_time_ns": 30.0,
      "min_time_ns": 20.0,
      "mean_time_ns": 29.3647,
      "max_time_ns": 381.0,
      "p99_time_ns": 31.0,
      "samples": 10000,
      "p95_time_ns": 31.0
    },
    "autodiff/reverse/complex": {
      "cv": 0.09286462846695756,
      "p25_time_ns": 32340.0,
      "std_time_ns": 3178.1546646472116,
      "median_time_ns": 34554.0,
      "allocs": 3,
      "gc_time_ns": 0.0,
      "memory_bytes": 8072,
      "iqr_time_ns": 2636.0,
      "p75_time_ns": 34976.0,
      "min_time_ns": 31689.0,
      "mean_time_ns": 34223.5221,
      "max_time_ns": 123871.0,
      "p99_time_ns": 43391.0,
      "samples": 10000,
      "p95_time_ns": 38081.0
    },
    "autodiff/forward/complex": {
      "cv": 0.1390854048503213,
      "p25_time_ns": 20909.0,
      "std_time_ns": 3026.937321355078,
      "median_time_ns": 21039.0,
      "allocs": 3,
      "gc_time_ns": 0.0,
      "memory_bytes": 8072,
      "iqr_time_ns": 401.0,
      "p75_time_ns": 21310.0,
      "min_time_ns": 20579.0,
      "mean_time_ns": 21763.1557,
      "max_time_ns": 260486.0,
      "p99_time_ns": 29555.0,
      "samples": 10000,
      "p95_time_ns": 24125.0
    },
    "basics/make_zero/struct": {
      "cv": 0.4933631392675278,
      "p25_time_ns": 200.0,
      "std_time_ns": 109.0695159688598,
      "median_time_ns": 201.0,
      "allocs": 7,
      "gc_time_ns": 0.0,
      "memory_bytes": 496,
      "iqr_time_ns": 11.0,
      "p75_time_ns": 211.0,
      "min_time_ns": 180.0,
      "mean_time_ns": 221.0735,
      "max_time_ns": 9027.0,
      "p99_time_ns": 441.0,
      "samples": 10000,
      "p95_time_ns": 311.0
    },
    "autodiff/forward/simple": {
      "cv": 1.442359906352421,
      "p25_time_ns": 201.0,
      "std_time_ns": 2034.4206661279068,
      "median_time_ns": 1754.0,
      "allocs": 4,
      "gc_time_ns": 0.0,
      "memory_bytes": 2720,
      "iqr_time_ns": 1652.0,
      "p75_time_ns": 1853.0,
      "min_time_ns": 180.0,
      "mean_time_ns": 1410.4806,
      "max_time_ns": 110165.0,
      "p99_time_ns": 4919.0,
      "samples": 10000,
      "p95_time_ns": 2084.0
    },
    "autodiff/reverse/simple": {
      "cv": 0.39531383934959385,
      "p25_time_ns": 1763.0,
      "std_time_ns": 1189.518159541681,
      "median_time_ns": 3407.0,
      "allocs": 4,
      "gc_time_ns": 0.0,
      "memory_bytes": 2720,
      "iqr_time_ns": 1753.0,
      "p75_time_ns": 3516.0,
      "min_time_ns": 1653.0,
      "mean_time_ns": 3009.0476,
      "max_time_ns": 22973.0,
      "p99_time_ns": 6622.0,
      "samples": 10000,
      "p95_time_ns": 3747.0
    }
  }
}