{
  "metadata": {
    "run_number": 10,
    "julia_version": "1.11.9",
    "commit_hash": "90b2c7dc6438cbd66b6eff029a42700de93af5d0",
    "git_dirty": true,
    "hostname": "runnervmwffz4",
    "git_branch": "main",
    "timestamp": "2026-02-20T03:15:07.132",
    "group": "trixi",
    "system": {
      "julia_threads": 1,
      "arch": "x86_64",
      "word_size": 64,
      "os": "Linux",
      "cpu_threads": 4
    }
  },
  "benchmarks": {
    "tree_2d_dgsem/elixir_euler_ec.jl/p7_analysis": {
      "cv": 0.009215403005658295,
      "p25_time_ns": 1.0905526e7,
      "std_time_ns": 100685.87572486259,
      "median_time_ns": 1.0911377e7,
      "allocs": 0,
      "gc_time_ns": 0.0,
      "memory_bytes": 0,
      "iqr_time_ns": 18415.0,
      "p75_time_ns": 1.0923941e7,
      "min_time_ns": 1.0883967e7,
      "mean_time_ns": 1.092582447702407e7,
      "max_time_ns": 1.2949066e7,
      "p99_time_ns": 1.1088056e7,
      "samples": 457,
      "p95_time_ns": 1.097735e7
    },
    "tree_1d_dgsem/elixir_mhd_ec.jl/p3_analysis": {
      "cv": 0.13418661694301068,
      "p25_time_ns": 3226.0,
      "std_time_ns": 438.02549445502507,
      "median_time_ns": 3236.0,
      "allocs": 0,
      "gc_time_ns": 0.0,
      "memory_bytes": 0,
      "iqr_time_ns": 20.0,
      "p75_time_ns": 3246.0,
      "min_time_ns": 3186.0,
      "mean_time_ns": 3264.3009,
      "max_time_ns": 15058.0,
      "p99_time_ns": 3317.0,
      "samples": 10000,
      "p95_time_ns": 3286.0
    },
    "tree_2d_dgsem/elixir_euler_ec.jl/p3_rhs!": {
      "cv": 0.008247641178223535,
      "p25_time_ns": 1.385245e6,
      "std_time_ns": 11474.892575155945,
      "median_time_ns": 1.389097e6,
      "allocs": 0,
      "gc_time_ns": 0.0,
      "memory_bytes": 0,
      "iqr_time_ns": 9047.0,
      "p75_time_ns": 1.394292e6,
      "min_time_ns": 1.381779e6,
      "mean_time_ns": 1.3912938653846155e6,
      "max_time_ns": 1.643515e6,
      "p99_time_ns": 1.424839e6,
      "samples": 3588,
      "p95_time_ns": 1.403399e6
    },
    "tree_1d_dgsem/elixir_mhd_ec.jl/p3_rhs!": {
      "cv": 0.12946787467656043,
      "p25_time_ns": 5379.0,
      "std_time_ns": 705.7305630195905,
      "median_time_ns": 5390.0,
      "allocs": 0,
      "gc_time_ns": 0.0,
      "memory_bytes": 0,
      "iqr_time_ns": 31.0,
      "p75_time_ns": 5410.0,
      "min_time_ns": 5320.0,
      "mean_time_ns": 5451.0091,
      "max_time_ns": 24997.0,
      "p99_time_ns": 5570.0,
      "samples": 10000,
      "p95_time_ns": 5460.0
    },
    "tree_2d_dgsem/elixir_advection_amr_nonperiodic.jl/p3_analysis": {
      "cv": 0.007369411908291231,
      "p25_time_ns": 835583.0,
      "std_time_ns": 6162.749457784922,
      "median_time_ns": 836324.0,
      "allocs": 0,
      "gc_time_ns": 0.0,
      "memory_bytes": 0,
      "iqr_time_ns": 1563.0,
      "p75_time_ns": 837146.0,
      "min_time_ns": 827348.0,
      "mean_time_ns": 836260.6859919571,
      "max_time_ns": 980823.0,
      "p99_time_ns": 856312.0,
      "samples": 5968,
      "p95_time_ns": 842397.0
    },
    "tree_2d_dgsem/elixir_advection_amr_nonperiodic.jl/p7_rhs!": {
      "cv": 0.019861648648068976,
      "p25_time_ns": 318853.0,
      "std_time_ns": 6421.254568434113,
      "median_time_ns": 320465.5,
      "allocs": 0,
      "gc_time_ns": 0.0,
      "memory_bytes": 0,
      "iqr_time_ns": 9287.0,
      "p75_time_ns": 328140.0,
      "min_time_ns": 316949.0,
      "mean_time_ns": 323299.1723,
      "max_time_ns": 476336.0,
      "p99_time_ns": 341645.0,
      "samples": 10000,
      "p95_time_ns": 332048.0
    },
    "tree_2d_dgsem/elixir_euler_ec.jl/p7_rhs!": {
      "cv": 0.005660911947000077,
      "p25_time_ns": 9.380992e6,
      "std_time_ns": 53223.04729795886,
      "median_time_ns": 9.3902145e6,
      "allocs": 0,
      "gc_time_ns": 0.0,
      "memory_bytes": 0,
      "iqr_time_ns": 26891.0,
      "p75_time_ns": 9.407883e6,
      "min_time_ns": 9.360044e6,
      "mean_time_ns": 9.401850407894736e6,
      "max_time_ns": 1.0340306e7,
      "p99_time_ns": 9.585583e6,
      "samples": 532,
      "p95_time_ns": 9.457024e6
    },
    "tree_2d_dgsem/elixir_euler_vortex_mortar.jl/p7_rhs!": {
      "cv": 0.010557632923945924,
      "p25_time_ns": 1.130633e6,
      "std_time_ns": 12006.418429806798,
      "median_time_ns": 1.133707e6,
      "allocs": 0,
      "gc_time_ns": 0.0,
      "memory_bytes": 0,
      "iqr_time_ns": 9597.0,
      "p75_time_ns": 1.14023e6,
      "min_time_ns": 1.123568e6,
      "mean_time_ns": 1.1372263571103008e6,
      "max_time_ns": 1.374626e6,
      "p99_time_ns": 1.183811e6,
      "samples": 4388,
      "p95_time_ns": 1.155478e6
    },
    "tree_1d_dgsem/elixir_mhd_ec.jl/p7_rhs!": {
      "cv": 0.07098182400209295,
      "p25_time_ns": 14497.0,
      "std_time_ns": 1040.3206857392186,
      "median_time_ns": 14517.0,
      "allocs": 0,
      "gc_time_ns": 0.0,
      "memory_bytes": 0,
      "iqr_time_ns": 50.0,
      "p75_time_ns": 14547.0,
      "min_time_ns": 14406.0,
      "mean_time_ns": 14656.156,
      "max_time_ns": 43932.0,
      "p99_time_ns": 21871.0,
      "samples": 10000,
      "p95_time_ns": 14607.0
    },
    "structured_1d_dgsem/elixir_euler_sedov.jl/p3_rhs!": {
      "cv": 0.07887225755765526,
      "p25_time_ns": 11922.0,
      "std_time_ns": 951.258185977203,
      "median_time_ns": 11943.0,
      "allocs": 0,
      "gc_time_ns": 0.0,
      "memory_bytes": 0,
      "iqr_time_ns": 60.0,
      "p75_time_ns": 11982.0,
      "min_time_ns": 11822.0,
      "mean_time_ns": 12060.745,
      "max_time_ns": 34434.0,
      "p99_time_ns": 19116.0,
      "samples": 10000,
      "p95_time_ns": 12033.0
    },
    "tree_2d_dgsem/elixir_euler_ec.jl/p3_analysis": {
      "cv": 0.005822471346418299,
      "p25_time_ns": 2.296109e6,
      "std_time_ns": 13404.122411547121,
      "median_time_ns": 2.2996955e6,
      "allocs": 0,
      "gc_time_ns": 0.0,
      "memory_bytes": 0,
      "iqr_time_ns": 8425.0,
      "p75_time_ns": 2.304534e6,
      "min_time_ns": 2.29104e6,
      "mean_time_ns": 2.302136260368664e6,
      "max_time_ns": 2.550252e6,
      "p99_time_ns": 2.347074e6,
      "samples": 2170,
      "p95_time_ns": 2.314664e6
    },
    "structured_1d_dgsem/elixir_euler_sedov.jl/p7_analysis": {
      "cv": 0.11189393422439946,
      "p25_time_ns": 8126.0,
      "std_time_ns": 936.2679741077199,
      "median_time_ns": 8215.0,
      "allocs": 128,
      "gc_time_ns": 0.0,
      "memory_bytes": 8192,
      "iqr_time_ns": 269.0,
      "p75_time_ns": 8395.0,
      "min_time_ns": 8005.0,
      "mean_time_ns": 8367.4596,
      "max_time_ns": 27922.0,
      "p99_time_ns": 10700.0,
      "samples": 10000,
      "p95_time_ns": 8707.0
    },
    "tree_2d_dgsem/elixir_euler_vortex_mortar.jl/p7_analysis": {
      "cv": 0.00421832557569811,
      "p25_time_ns": 6.285114e6,
      "std_time_ns": 26562.552422332068,
      "median_time_ns": 6.290178e6,
      "allocs": 0,
      "gc_time_ns": 0.0,
      "memory_bytes": 0,
      "iqr_time_ns": 12714.0,
      "p75_time_ns": 6.297828e6,
      "min_time_ns": 6.275786e6,
      "mean_time_ns": 6.296942221662468e6,
      "max_time_ns": 6.544276e6,
      "p99_time_ns": 6.43919e6,
      "samples": 794,
      "p95_time_ns": 6.334385e6
    },
    "tree_2d_dgsem/elixir_euler_vortex_mortar.jl/p3_rhs!": {
      "cv": 0.019551115829717986,
      "p25_time_ns": 356563.0,
      "std_time_ns": 7059.459282745997,
      "median_time_ns": 357846.0,
      "allocs": 0,
      "gc_time_ns": 0.0,
      "memory_bytes": 0,
      "iqr_time_ns": 8737.0,
      "p75_time_ns": 365300.0,
      "min_time_ns": 354339.0,
      "mean_time_ns": 361077.0528,
      "max_time_ns": 568688.0,
      "p99_time_ns": 383032.0,
      "samples": 10000,
      "p95_time_ns": 369497.0
    },
    "tree_2d_dgsem/elixir_advection_amr_nonperiodic.jl/p7_analysis": {
      "cv": 0.004472465203212199,
      "p25_time_ns": 3.956777e6,
      "std_time_ns": 17740.71250371659,
      "median_time_ns": 3.960142e6,
      "allocs": 0,
      "gc_time_ns": 0.0,
      "memory_bytes": 0,