{
  "metadata": {
    "run_number": 57,
    "julia_version": "1.11.8",
    "commit_hash": "9ed7154b276b6f1fbb0cc5fd7bc294332d83ef3d",
    "git_dirty": true,
    "hostname": "runnervmkj6or",
    "git_branch": "main",
    "timestamp": "2026-02-04T19:12:12.783",
    "group": "trixi",
    "system": {
      "julia_threads": 1,
      "arch": "x86_64",
      "word_size": 64,
      "os": "Linux",
      "cpu_threads": 4
    }
  },
  "benchmarks": {
    "tree_2d_dgsem/elixir_euler_ec.jl/p7_analysis": {
      "cv": 0.06339018460002542,
      "p25_time_ns": 1.0993539e7,
      "std_time_ns": 701428.1508931759,
      "median_time_ns": 1.1004841e7,
      "allocs": 0,
      "gc_time_ns": 0.0,
      "memory_bytes": 0,
      "iqr_time_ns": 38262.0,
      "p75_time_ns": 1.1031801e7,
      "min_time_ns": 1.0977369e7,
      "mean_time_ns": 1.1065248592017738e7,
      "max_time_ns": 2.4503296e7,
      "p99_time_ns": 1.1381385e7,
      "samples": 451,
      "p95_time_ns": 1.1104577e7
    },
    "tree_1d_dgsem/elixir_mhd_ec.jl/p3_analysis": {
      "cv": 0.17358680889890593,
      "p25_time_ns": 3135.0,
      "std_time_ns": 551.7130898411422,
      "median_time_ns": 3145.0,
      "allocs": 0,
      "gc_time_ns": 0.0,
      "memory_bytes": 0,
      "iqr_time_ns": 21.0,
      "p75_time_ns": 3156.0,
      "min_time_ns": 3105.0,
      "mean_time_ns": 3178.3123,
      "max_time_ns": 22582.0,
      "p99_time_ns": 3236.0,
      "samples": 10000,
      "p95_time_ns": 3195.0
    },
    "tree_2d_dgsem/elixir_euler_ec.jl/p3_rhs!": {
      "cv": 0.017486964874914548,
      "p25_time_ns": 1.384337e6,
      "std_time_ns": 24366.452406390916,
      "median_time_ns": 1.3896265e6,
      "allocs": 0,
      "gc_time_ns": 0.0,
      "memory_bytes": 0,
      "iqr_time_ns": 10880.0,
      "p75_time_ns": 1.395217e6,
      "min_time_ns": 1.374649e6,
      "mean_time_ns": 1.3934066077610273e6,
      "max_time_ns": 2.18856e6,
      "p99_time_ns": 1.470509e6,
      "samples": 3582,
      "p95_time_ns": 1.415916e6
    },
    "tree_1d_dgsem/elixir_mhd_ec.jl/p3_rhs!": {
      "cv": 0.15095099018147032,
      "p25_time_ns": 5340.0,
      "std_time_ns": 821.8432919865248,
      "median_time_ns": 5350.0,
      "allocs": 0,
      "gc_time_ns": 0.0,
      "memory_bytes": 0,
      "iqr_time_ns": 30.0,
      "p75_time_ns": 5370.0,
      "min_time_ns": 5310.0,
      "mean_time_ns": 5444.4379,
      "max_time_ns": 27151.0,
      "p99_time_ns": 7664.0,
      "samples": 10000,
      "p95_time_ns": 5420.0
    },
    "tree_2d_dgsem/elixir_advection_amr_nonperiodic.jl/p3_analysis": {
      "cv": 0.01633397305865167,
      "p25_time_ns": 837024.0,
      "std_time_ns": 13701.849006351253,
      "median_time_ns": 837936.0,
      "allocs": 0,
      "gc_time_ns": 0.0,
      "memory_bytes": 0,
      "iqr_time_ns": 2515.0,
      "p75_time_ns": 839539.0,
      "min_time_ns": 828118.0,
      "mean_time_ns": 838855.8593277311,
      "max_time_ns": 1.477371e6,
      "p99_time_ns": 860498.0,
      "samples": 5950,
      "p95_time_ns": 845992.0
    },
    "tree_2d_dgsem/elixir_advection_amr_nonperiodic.jl/p7_rhs!": {
      "cv": 0.019969475335113153,
      "p25_time_ns": 318846.0,
      "std_time_ns": 6453.806845041279,
      "median_time_ns": 320248.0,
      "allocs": 0,
      "gc_time_ns": 0.0,
      "memory_bytes": 0,
      "iqr_time_ns": 9207.0,
      "p75_time_ns": 328053.0,
      "min_time_ns": 316983.0,
      "mean_time_ns": 323183.5958,
      "max_time_ns": 481280.0,
      "p99_time_ns": 341308.0,
      "samples": 10000,
      "p95_time_ns": 331219.0
    },
    "tree_2d_dgsem/elixir_euler_ec.jl/p7_rhs!": {
      "cv": 0.009173843493952272,
      "p25_time_ns": 9.44388e6,
      "std_time_ns": 86905.89112574149,
      "median_time_ns": 9.4557465e6,
      "allocs": 0,
      "gc_time_ns": 0.0,
      "memory_bytes": 0,
      "iqr_time_ns": 31869.0,
      "p75_time_ns": 9.475749e6,
      "min_time_ns": 9.400108e6,
      "mean_time_ns": 9.473225827651516e6,
      "max_time_ns": 1.0641097e7,
      "p99_time_ns": 9.768897e6,
      "samples": 528,
      "p95_time_ns": 9.54582e6
    },
    "tree_2d_dgsem/elixir_euler_vortex_mortar.jl/p7_rhs!": {
      "cv": 0.015354706346400978,
      "p25_time_ns": 1.134309e6,
      "std_time_ns": 17534.387575429027,
      "median_time_ns": 1.138488e6,
      "allocs": 0,
      "gc_time_ns": 0.0,
      "memory_bytes": 0,
      "iqr_time_ns": 11312.0,
      "p75_time_ns": 1.145621e6,
      "min_time_ns": 1.116797e6,
      "mean_time_ns": 1.141955253318078e6,
      "max_time_ns": 1.520141e6,
      "p99_time_ns": 1.190325e6,
      "samples": 4370,
      "p95_time_ns": 1.162924e6
    },
    "tree_1d_dgsem/elixir_mhd_ec.jl/p7_rhs!": {
      "cv": 0.06941803963420784,
      "p25_time_ns": 14457.0,
      "std_time_ns": 1014.9437821564325,
      "median_time_ns": 14477.0,
      "allocs": 0,
      "gc_time_ns": 0.0,
      "memory_bytes": 0,
      "iqr_time_ns": 50.0,
      "p75_time_ns": 14507.0,
      "min_time_ns": 14367.0,
      "mean_time_ns": 14620.7497,
      "max_time_ns": 34484.0,
      "p99_time_ns": 21641.0,
      "samples": 10000,
      "p95_time_ns": 14568.0
    },
    "structured_1d_dgsem/elixir_euler_sedov.jl/p3_rhs!": {
      "cv": 0.08315154997742798,
      "p25_time_ns": 11962.0,
      "std_time_ns": 1008.1613720124581,
      "median_time_ns": 11992.0,
      "allocs": 0,
      "gc_time_ns": 0.0,
      "memory_bytes": 0,
      "iqr_time_ns": 71.0,
      "p75_time_ns": 12033.0,
      "min_time_ns": 11833.0,
      "mean_time_ns": 12124.3846,
      "max_time_ns": 37249.0,
      "p99_time_ns": 19225.0,
      "samples": 10000,
      "p95_time_ns": 12132.0
    },
    "tree_2d_dgsem/elixir_euler_ec.jl/p3_analysis": {
      "cv": 0.013403801404095013,
      "p25_time_ns": 2.297402e6,
      "std_time_ns": 30911.130325952745,
      "median_time_ns": 2.301588e6,
      "allocs": 0,
      "gc_time_ns": 0.0,
      "memory_bytes": 0,
      "iqr_time_ns": 9696.0,
      "p75_time_ns": 2.307098e6,
      "min_time_ns": 2.293025e6,
      "mean_time_ns": 2.306146547091413e6,
      "max_time_ns": 3.349946e6,
      "p99_time_ns": 2.362152e6,
      "samples": 2166,
      "p95_time_ns": 2.326925e6
    },
    "structured_1d_dgsem/elixir_euler_sedov.jl/p7_analysis": {
      "cv": 0.1251721379520694,
      "p25_time_ns": 8235.0,
      "std_time_ns": 1070.8752281191585,
      "median_time_ns": 8366.0,
      "allocs": 128,
      "gc_time_ns": 0.0,
      "memory_bytes": 8192,
      "iqr_time_ns": 421.0,
      "p75_time_ns": 8656.0,
      "min_time_ns": 8115.0,
      "mean_time_ns": 8555.2204,
      "max_time_ns": 39053.0,
      "p99_time_ns": 11071.0,
      "samples": 10000,
      "p95_time_ns": 9007.0
    },
    "tree_2d_dgsem/elixir_euler_vortex_mortar.jl/p7_analysis": {
      "cv": 0.00314395131423316,
      "p25_time_ns": 6.27592e6,
      "std_time_ns": 19763.798814722944,
      "median_time_ns": 6.28209e6,
      "allocs": 0,
      "gc_time_ns": 0.0,
      "memory_bytes": 0,
      "iqr_time_ns": 14176.0,
      "p75_time_ns": 6.290096e6,
      "min_time_ns": 6.262385e6,
      "mean_time_ns": 6.286292896855346e6,
      "max_time_ns": 6.477551e6,
      "p99_time_ns": 6.38262e6,
      "samples": 795,
      "p95_time_ns": 6.314387e6
    },
    "tree_2d_dgsem/elixir_euler_vortex_mortar.jl/p3_rhs!": {
      "cv": 0.02436163993619987,
      "p25_time_ns": 357678.0,
      "std_time_ns": 8836.56182329815,
      "median_time_ns": 359292.0,
      "allocs": 0,
      "gc_time_ns": 0.0,
      "memory_bytes": 0,
      "iqr_time_ns": 9117.0,
      "p75_time_ns": 366795.0,
      "min_time_ns": 354171.0,
      "mean_time_ns": 362724.4244,
      "max_time_ns": 609108.0,
      "p99_time_ns": 387494.0,
      "samples": 10000,
      "p95_time_ns": 372977.0
    },
    "tree_2d_dgsem/elixir_advection_amr_nonperiodic.jl/p7_analysis": {
      "cv": 0.007692697014933875,
      "p25_time_ns": 3.95486e6,
      "std_time_ns": 30590.178478587077,
      "median_time_ns": 3.965919e6,
      "allocs": 0,
      "gc_time_ns": 0.0,