{
  "metadata": {
    "run_number": 62,
    "julia_version": "1.11.9",
    "commit_hash": "f0e6dabe6533ff79829287ba416a6a38e84f435c",
    "git_dirty": false,
    "hostname": "runnervm0kj6c",
    "git_branch": "main",
    "timestamp": "2026-03-08T00:01:39.534",
    "group": "enzyme",
    "system": {
      "julia_threads": 1,
      "arch": "x86_64",
      "word_size": 64,
      "os": "Linux",
      "cpu_threads": 4
    }
  },
  "benchmarks": {
    "basics/make_zero/array": {
      "cv": 0.8027386084930994,
      "p25_time_ns": 50.0,
      "std_time_ns": 59.75024284596687,
      "median_time_ns": 60.0,
      "allocs": 2,
      "gc_time_ns": 0.0,
      "memory_bytes": 928,
      "iqr_time_ns": 10.0,
      "p75_time_ns": 60.0,
      "min_time_ns": 40.0,
      "mean_time_ns": 74.433,
      "max_time_ns": 1091.0,
      "p99_time_ns": 341.0,
      "samples": 10000,
      "p95_time_ns": 200.0
    },
    "basics/make_zero/namedtuple": {
      "cv": 0.11086230034731193,
      "p25_time_ns": 30.0,
      "std_time_ns": 3.2480658480356146,
      "median_time_ns": 30.0,
      "allocs": 0,
      "gc_time_ns": 0.0,
      "memory_bytes": 0,
      "iqr_time_ns": 0.0,
      "p75_time_ns": 30.0,
      "min_time_ns": 20.0,
      "mean_time_ns": 29.2982,
      "max_time_ns": 200.0,
      "p99_time_ns": 31.0,
      "samples": 10000,
      "p95_time_ns": 31.0
    },
    "autodiff/reverse/complex": {
      "cv": 0.1530983166890512,
      "p25_time_ns": 28343.0,
      "std_time_ns": 4566.298941813553,
      "median_time_ns": 28513.0,
      "allocs": 3,
      "gc_time_ns": 0.0,
      "memory_bytes": 8072,
      "iqr_time_ns": 3146.0,
      "p75_time_ns": 31489.0,
      "min_time_ns": 27992.0,
      "mean_time_ns": 29825.9252,
      "max_time_ns": 413420.0,
      "p99_time_ns": 40025.0,
      "samples": 10000,
      "p95_time_ns": 34505.0
    },
    "autodiff/forward/complex": {
      "cv": 0.13557047735211203,
      "p25_time_ns": 19076.0,
      "std_time_ns": 2711.0902243398855,
      "median_time_ns": 19185.0,
      "allocs": 3,
      "gc_time_ns": 0.0,
      "memory_bytes": 8072,
      "iqr_time_ns": 390.0,
      "p75_time_ns": 19466.0,
      "min_time_ns": 18805.0,
      "mean_time_ns": 19997.6446,
      "max_time_ns": 206384.0,
      "p99_time_ns": 27782.0,
      "samples": 10000,
      "p95_time_ns": 22602.0
    },
    "basics/make_zero/struct": {
      "cv": 0.7341737023876036,
      "p25_time_ns": 190.0,
      "std_time_ns": 155.67411843689723,
      "median_time_ns": 191.0,
      "allocs": 7,
      "gc_time_ns": 0.0,
      "memory_bytes": 496,
      "iqr_time_ns": 10.0,
      "p75_time_ns": 200.0,
      "min_time_ns": 170.0,
      "mean_time_ns": 212.0399,
      "max_time_ns": 14346.0,
      "p99_time_ns": 421.0,
      "samples": 10000,
      "p95_time_ns": 310.0
    },
    "autodiff/forward/simple": {
      "cv": 0.7752726236635844,
      "p25_time_ns": 210.0,
      "std_time_ns": 1203.6052438020868,
      "median_time_ns": 2064.0,
      "allocs": 4,
      "gc_time_ns": 0.0,
      "memory_bytes": 2720,
      "iqr_time_ns": 1914.0,
      "p75_time_ns": 2124.0,
      "min_time_ns": 190.0,
      "mean_time_ns": 1552.4929,
      "max_time_ns": 43280.0,
      "p99_time_ns": 5149.0,
      "samples": 10000,
      "p95_time_ns": 2325.0
    },
    "autodiff/reverse/simple": {
      "cv": 0.4376239741402376,
      "p25_time_ns": 1783.0,
      "std_time_ns": 1404.1451853992587,
      "median_time_ns": 3677.0,
      "allocs": 4,
      "gc_time_ns": 0.0,
      "memory_bytes": 2720,
      "iqr_time_ns": 2014.0,
      "p75_time_ns": 3797.0,
      "min_time_ns": 1613.0,
      "mean_time_ns": 3208.5655,
      "max_time_ns": 45064.0,
      "p99_time_ns": 6883.0,
      "samples": 10000,
      "p95_time_ns": 4077.0
    }
  }
}