{
  "metadata": {
    "run_number": 62,
    "julia_version": "1.11.9",
    "commit_hash": "f0e6dabe6533ff79829287ba416a6a38e84f435c",
    "git_dirty": false,
    "hostname": "runnervm0kj6c",
    "git_branch": "main",
    "timestamp": "2026-03-09T03:19:21.415",
    "group": "enzyme",
    "system": {
      "julia_threads": 1,
      "arch": "x86_64",
      "word_size": 64,
      "os": "Linux",
      "cpu_threads": 4
    }
  },
  "benchmarks": {
    "basics/make_zero/array": {
      "cv": 0.7166016707771407,
      "p25_time_ns": 50.0,
      "std_time_ns": 50.191784263570014,
      "median_time_ns": 60.0,
      "allocs": 2,
      "gc_time_ns": 0.0,
      "memory_bytes": 928,
      "iqr_time_ns": 10.0,
      "p75_time_ns": 60.0,
      "min_time_ns": 40.0,
      "mean_time_ns": 70.0414,
      "max_time_ns": 1192.0,
      "p99_time_ns": 300.0,
      "samples": 10000,
      "p95_time_ns": 190.0
    },
    "basics/make_zero/namedtuple": {
      "cv": 2.7946177867828714,
      "p25_time_ns": 30.0,
      "std_time_ns": 84.25772627150357,
      "median_time_ns": 30.0,
      "allocs": 0,
      "gc_time_ns": 0.0,
      "memory_bytes": 0,
      "iqr_time_ns": 0.0,
      "p75_time_ns": 30.0,
      "min_time_ns": 20.0,
      "mean_time_ns": 30.15,
      "max_time_ns": 8446.0,
      "p99_time_ns": 31.0,
      "samples": 10000,
      "p95_time_ns": 31.0
    },
    "autodiff/reverse/complex": {
      "cv": 0.17476786334800443,
      "p25_time_ns": 28704.0,
      "std_time_ns": 5460.213370427822,
      "median_time_ns": 31740.0,
      "allocs": 3,
      "gc_time_ns": 0.0,
      "memory_bytes": 8072,
      "iqr_time_ns": 3196.0,
      "p75_time_ns": 31900.0,
      "min_time_ns": 28262.0,
      "mean_time_ns": 31242.6625,
      "max_time_ns": 432204.0,
      "p99_time_ns": 41216.0,
      "samples": 10000,
      "p95_time_ns": 34965.0
    },
    "autodiff/forward/complex": {
      "cv": 0.14695936103960555,
      "p25_time_ns": 19426.0,
      "std_time_ns": 2995.7184896894273,
      "median_time_ns": 19546.0,
      "allocs": 3,
      "gc_time_ns": 0.0,
      "memory_bytes": 8072,
      "iqr_time_ns": 361.0,
      "p75_time_ns": 19787.0,
      "min_time_ns": 19145.0,
      "mean_time_ns": 20384.6728,
      "max_time_ns": 208629.0,
      "p99_time_ns": 30065.0,
      "samples": 10000,
      "p95_time_ns": 23043.0
    },
    "basics/make_zero/struct": {
      "cv": 1.027441360504732,
      "p25_time_ns": 190.0,
      "std_time_ns": 223.29157050750027,
      "median_time_ns": 191.0,
      "allocs": 7,
      "gc_time_ns": 0.0,
      "memory_bytes": 496,
      "iqr_time_ns": 11.0,
      "p75_time_ns": 201.0,
      "min_time_ns": 180.0,
      "mean_time_ns": 217.3278,
      "max_time_ns": 18805.0,
      "p99_time_ns": 431.0,
      "samples": 10000,
      "p95_time_ns": 321.0
    },
    "autodiff/forward/simple": {
      "cv": 0.9635273831081373,
      "p25_time_ns": 211.0,
      "std_time_ns": 1508.6655466423308,
      "median_time_ns": 2064.0,
      "allocs": 4,
      "gc_time_ns": 0.0,
      "memory_bytes": 2720,
      "iqr_time_ns": 1904.0,
      "p75_time_ns": 2115.0,
      "min_time_ns": 190.0,
      "mean_time_ns": 1565.7734,
      "max_time_ns": 86982.0,
      "p99_time_ns": 5130.0,
      "samples": 10000,
      "p95_time_ns": 2284.0
    },
    "autodiff/reverse/simple": {
      "cv": 0.5057834602760496,
      "p25_time_ns": 1803.0,
      "std_time_ns": 1651.8639978720244,
      "median_time_ns": 3707.0,
      "allocs": 4,
      "gc_time_ns": 0.0,
      "memory_bytes": 2720,
      "iqr_time_ns": 2064.0,
      "p75_time_ns": 3867.0,
      "min_time_ns": 1643.0,
      "mean_time_ns": 3265.951,
      "max_time_ns": 58940.0,
      "p99_time_ns": 6933.0,
      "samples": 10000,
      "p95_time_ns": 4148.0
    }
  }
}