{
  "metadata": {
    "run_number": 64,
    "julia_version": "1.11.9",
    "commit_hash": "f0e6dabe6533ff79829287ba416a6a38e84f435c",
    "git_dirty": true,
    "hostname": "runnervm0kj6c",
    "git_branch": "main",
    "timestamp": "2026-03-09T03:08:38.181",
    "group": "trixi",
    "system": {
      "julia_threads": 1,
      "arch": "x86_64",
      "word_size": 64,
      "os": "Linux",
      "cpu_threads": 4
    }
  },
  "benchmarks": {
    "tree_2d_dgsem/elixir_euler_ec.jl/p7_analysis": {
      "cv": 0.007810629203351671,
      "p25_time_ns": 1.1016941e7,
      "std_time_ns": 86231.09795588146,
      "median_time_ns": 1.10262125e7,
      "allocs": 0,
      "gc_time_ns": 0.0,
      "memory_bytes": 0,
      "iqr_time_ns": 22050.0,
      "p75_time_ns": 1.1038991e7,
      "min_time_ns": 1.0980102e7,
      "mean_time_ns": 1.104022425221239e7,
      "max_time_ns": 1.216342e7,
      "p99_time_ns": 1.1340445e7,
      "samples": 452,
      "p95_time_ns": 1.1093021e7
    },
    "tree_1d_dgsem/elixir_mhd_ec.jl/p3_analysis": {
      "cv": 0.17373985356198668,
      "p25_time_ns": 3206.0,
      "std_time_ns": 565.3060659012996,
      "median_time_ns": 3216.0,
      "allocs": 0,
      "gc_time_ns": 0.0,
      "memory_bytes": 0,
      "iqr_time_ns": 20.0,
      "p75_time_ns": 3226.0,
      "min_time_ns": 3175.0,
      "mean_time_ns": 3253.7501,
      "max_time_ns": 24836.0,
      "p99_time_ns": 3306.0,
      "samples": 10000,
      "p95_time_ns": 3266.0
    },
    "tree_2d_dgsem/elixir_euler_ec.jl/p3_rhs!": {
      "cv": 0.018259852082504448,
      "p25_time_ns": 1.391437e6,
      "std_time_ns": 25577.31867928644,
      "median_time_ns": 1.397257e6,
      "allocs": 0,
      "gc_time_ns": 0.0,
      "memory_bytes": 0,
      "iqr_time_ns": 11922.0,
      "p75_time_ns": 1.403359e6,
      "min_time_ns": 1.383692e6,
      "mean_time_ns": 1.4007407378613527e6,
      "max_time_ns": 2.133121e6,
      "p99_time_ns": 1.461839e6,
      "samples": 3563,
      "p95_time_ns": 1.421813e6
    },
    "tree_1d_dgsem/elixir_mhd_ec.jl/p3_rhs!": {
      "cv": 0.13170973150827392,
      "p25_time_ns": 5350.0,
      "std_time_ns": 714.8340605559608,
      "median_time_ns": 5360.0,
      "allocs": 0,
      "gc_time_ns": 0.0,
      "memory_bytes": 0,
      "iqr_time_ns": 20.0,
      "p75_time_ns": 5370.0,
      "min_time_ns": 5319.0,
      "mean_time_ns": 5427.3443,
      "max_time_ns": 25989.0,
      "p99_time_ns": 6392.0,
      "samples": 10000,
      "p95_time_ns": 5430.0
    },
    "tree_2d_dgsem/elixir_advection_amr_nonperiodic.jl/p3_analysis": {
      "cv": 0.009061421577240294,
      "p25_time_ns": 836661.0,
      "std_time_ns": 7595.879314181038,
      "median_time_ns": 837653.0,
      "allocs": 0,
      "gc_time_ns": 0.0,
      "memory_bytes": 0,
      "iqr_time_ns": 2345.0,
      "p75_time_ns": 839006.0,
      "min_time_ns": 827776.0,
      "mean_time_ns": 838265.7455492106,
      "max_time_ns": 973096.0,
      "p99_time_ns": 871706.0,
      "samples": 5954,
      "p95_time_ns": 845979.0
    },
    "tree_2d_dgsem/elixir_advection_amr_nonperiodic.jl/p7_rhs!": {
      "cv": 0.0556895424708257,
      "p25_time_ns": 318264.0,
      "std_time_ns": 18132.845958038026,
      "median_time_ns": 320939.0,
      "allocs": 0,
      "gc_time_ns": 0.0,
      "memory_bytes": 0,
      "iqr_time_ns": 10169.0,
      "p75_time_ns": 328433.0,
      "min_time_ns": 315239.0,
      "mean_time_ns": 325605.9424,
      "max_time_ns": 568742.0,
      "p99_time_ns": 386432.0,
      "samples": 10000,
      "p95_time_ns": 339995.0
    },
    "tree_2d_dgsem/elixir_euler_ec.jl/p7_rhs!": {
      "cv": 0.011195838240242907,
      "p25_time_ns": 9.597733e6,
      "std_time_ns": 108222.50496618975,
      "median_time_ns": 9.658456e6,
      "allocs": 0,
      "gc_time_ns": 0.0,
      "memory_bytes": 0,
      "iqr_time_ns": 126144.0,
      "p75_time_ns": 9.723877e6,
      "min_time_ns": 9.450117e6,
      "mean_time_ns": 9.666315522243714e6,
      "max_time_ns": 1.0636341e7,
      "p99_time_ns": 9.926686e6,
      "samples": 517,
      "p95_time_ns": 9.833342e6
    },
    "tree_2d_dgsem/elixir_euler_vortex_mortar.jl/p7_rhs!": {
      "cv": 0.019049261410034584,
      "p25_time_ns": 1.112346e6,
      "std_time_ns": 21375.59429627592,
      "median_time_ns": 1.117896e6,
      "allocs": 0,
      "gc_time_ns": 0.0,
      "memory_bytes": 0,
      "iqr_time_ns": 13855.0,
      "p75_time_ns": 1.126201e6,
      "min_time_ns": 1.100954e6,
      "mean_time_ns": 1.1221219466816648e6,
      "max_time_ns": 1.584406e6,
      "p99_time_ns": 1.193808e6,
      "samples": 4445,
      "p95_time_ns": 1.145779e6
    },
    "tree_1d_dgsem/elixir_mhd_ec.jl/p7_rhs!": {
      "cv": 0.07901781076068357,
      "p25_time_ns": 14267.0,
      "std_time_ns": 1140.9181148531388,
      "median_time_ns": 14287.0,
      "allocs": 0,
      "gc_time_ns": 0.0,
      "memory_bytes": 0,
      "iqr_time_ns": 50.0,
      "p75_time_ns": 14317.0,
      "min_time_ns": 14156.0,
      "mean_time_ns": 14438.7462,
      "max_time_ns": 49612.0,
      "p99_time_ns": 22071.0,
      "samples": 10000,
      "p95_time_ns": 14367.0
    },
    "structured_1d_dgsem/elixir_euler_sedov.jl/p3_rhs!": {
      "cv": 0.09279847057894966,
      "p25_time_ns": 11762.0,
      "std_time_ns": 1106.0706686565945,
      "median_time_ns": 11782.0,
      "allocs": 0,
      "gc_time_ns": 0.0,
      "memory_bytes": 0,
      "iqr_time_ns": 50.0,
      "p75_time_ns": 11812.0,
      "min_time_ns": 11681.0,
      "mean_time_ns": 11919.0614,
      "max_time_ns": 46888.0,
      "p99_time_ns": 19526.0,
      "samples": 10000,
      "p95_time_ns": 11872.0
    },
    "tree_2d_dgsem/elixir_euler_ec.jl/p3_analysis": {
      "cv": 0.009554113202164639,
      "p25_time_ns": 2.286878e6,
      "std_time_ns": 21929.459209718785,
      "median_time_ns": 2.2908205e6,
      "allocs": 0,
      "gc_time_ns": 0.0,
      "memory_bytes": 0,
      "iqr_time_ns": 9678.0,
      "p75_time_ns": 2.296556e6,
      "min_time_ns": 2.281338e6,
      "mean_time_ns": 2.2952898658088236e6,
      "max_time_ns": 2.699589e6,
      "p99_time_ns": 2.364924e6,
      "samples": 2176,
      "p95_time_ns": 2.317305e6
    },
    "structured_1d_dgsem/elixir_euler_sedov.jl/p7_analysis": {
      "cv": 0.1338757601518469,
      "p25_time_ns": 8005.0,
      "std_time_ns": 1116.024616956797,
      "median_time_ns": 8115.0,
      "allocs": 128,
      "gc_time_ns": 0.0,
      "memory_bytes": 8192,
      "iqr_time_ns": 440.0,
      "p75_time_ns": 8445.0,
      "min_time_ns": 7875.0,
      "mean_time_ns": 8336.271,
      "max_time_ns": 44123.0,
      "p99_time_ns": 11772.0,
      "samples": 10000,
      "p95_time_ns": 8787.0
    },
    "tree_2d_dgsem/elixir_euler_vortex_mortar.jl/p7_analysis": {
      "cv": 0.017594488925555932,
      "p25_time_ns": 6.330515e6,
      "std_time_ns": 111775.76379414869,
      "median_time_ns": 6.340504e6,
      "allocs": 0,
      "gc_time_ns": 0.0,
      "memory_bytes": 0,
      "iqr_time_ns": 23344.0,
      "p75_time_ns": 6.353859e6,
      "min_time_ns": 6.298605e6,
      "mean_time_ns": 6.352884944091487e6,
      "max_time_ns": 8.93761e6,
      "p99_time_ns": 6.566095e6,
      "samples": 787,
      "p95_time_ns": 6.401017e6
    },
    "tree_2d_dgsem/elixir_euler_vortex_mortar.jl/p3_rhs!": {
      "cv": 0.024649671448803406,
      "p25_time_ns": 359020.0,
      "std_time_ns": 8994.644908797643,
      "median_time_ns": 361805.5,
      "allocs": 0,
      "gc_time_ns": 0.0,
      "memory_bytes": 0,
      "iqr_time_ns": 9718.0,
      "p75_time_ns": 368738.0,
      "min_time_ns": 355443.0,
      "mean_time_ns": 364899.1804,
      "max_time_ns": 600150.0,
      "p99_time_ns": 396409.0,
      "samples": 10000,
      "p95_time_ns": 376944.0
    },
    "tree_2d_dgsem/elixir_advection_amr_nonperiodic.jl/p7_analysis": {
      "cv": 0.010349820091613721,
      "p25_time_ns": 3.938041e6,
      "std_time_ns": 40995.77579327314,
      "median_time_ns": 3.9414115e6,
      "allocs": 0,
      "gc_time_ns": 0.0,