{
  "metadata": {
    "run_number": 64,
    "julia_version": "1.11.9",
    "commit_hash": "f0e6dabe6533ff79829287ba416a6a38e84f435c",
    "git_dirty": true,
    "hostname": "runnervm0kj6c",
    "git_branch": "main",
    "timestamp": "2026-03-07T23:59:37.451",
    "group": "trixi",
    "system": {
      "julia_threads": 1,
      "arch": "x86_64",
      "word_size": 64,
      "os": "Linux",
      "cpu_threads": 4
    }
  },
  "benchmarks": {
    "tree_2d_dgsem/elixir_euler_ec.jl/p7_analysis": {
      "cv": 0.011633995646878425,
      "p25_time_ns": 1.0868034e7,
      "std_time_ns": 126918.90965167347,
      "median_time_ns": 1.0884174e7,
      "allocs": 0,
      "gc_time_ns": 0.0,
      "memory_bytes": 0,
      "iqr_time_ns": 60372.0,
      "p75_time_ns": 1.0928406e7,
      "min_time_ns": 1.0848949e7,
      "mean_time_ns": 1.090931383369803e7,
      "max_time_ns": 1.2827841e7,
      "p99_time_ns": 1.1146835e7,
      "samples": 457,
      "p95_time_ns": 1.0990703e7
    },
    "tree_1d_dgsem/elixir_mhd_ec.jl/p3_analysis": {
      "cv": 0.16278282242414172,
      "p25_time_ns": 3156.0,
      "std_time_ns": 520.1436313836468,
      "median_time_ns": 3156.0,
      "allocs": 0,
      "gc_time_ns": 0.0,
      "memory_bytes": 0,
      "iqr_time_ns": 10.0,
      "p75_time_ns": 3166.0,
      "min_time_ns": 3125.0,
      "mean_time_ns": 3195.3226,
      "max_time_ns": 16721.0,
      "p99_time_ns": 3246.0,
      "samples": 10000,
      "p95_time_ns": 3216.0
    },
    "tree_2d_dgsem/elixir_euler_ec.jl/p3_rhs!": {
      "cv": 0.014962669904430171,
      "p25_time_ns": 1.38864e6,
      "std_time_ns": 20917.753497193677,
      "median_time_ns": 1.394782e6,
      "allocs": 0,
      "gc_time_ns": 0.0,
      "memory_bytes": 0,
      "iqr_time_ns": 11873.0,
      "p75_time_ns": 1.400513e6,
      "min_time_ns": 1.381878e6,
      "mean_time_ns": 1.3979960549019608e6,
      "max_time_ns": 1.782084e6,
      "p99_time_ns": 1.467938e6,
      "samples": 3570,
      "p95_time_ns": 1.417814e6
    },
    "tree_1d_dgsem/elixir_mhd_ec.jl/p3_rhs!": {
      "cv": 0.13179960506015156,
      "p25_time_ns": 5400.0,
      "std_time_ns": 721.8913997596486,
      "median_time_ns": 5420.0,
      "allocs": 0,
      "gc_time_ns": 0.0,
      "memory_bytes": 0,
      "iqr_time_ns": 31.0,
      "p75_time_ns": 5431.0,
      "min_time_ns": 5350.0,
      "mean_time_ns": 5477.1894,
      "max_time_ns": 27861.0,
      "p99_time_ns": 5630.0,
      "samples": 10000,
      "p95_time_ns": 5480.0
    },
    "tree_2d_dgsem/elixir_advection_amr_nonperiodic.jl/p3_analysis": {
      "cv": 0.013131801567660842,
      "p25_time_ns": 838724.0,
      "std_time_ns": 11055.243652861254,
      "median_time_ns": 840005.0,
      "allocs": 0,
      "gc_time_ns": 0.0,
      "memory_bytes": 0,
      "iqr_time_ns": 4709.0,
      "p75_time_ns": 843433.0,
      "min_time_ns": 828836.0,
      "mean_time_ns": 841868.0099527666,
      "max_time_ns": 1.10437e6,
      "p99_time_ns": 875974.0,
      "samples": 5928,
      "p95_time_ns": 853672.0
    },
    "tree_2d_dgsem/elixir_advection_amr_nonperiodic.jl/p7_rhs!": {
      "cv": 0.030361674258811703,
      "p25_time_ns": 321208.0,
      "std_time_ns": 9935.892689602495,
      "median_time_ns": 323833.0,
      "allocs": 0,
      "gc_time_ns": 0.0,
      "memory_bytes": 0,
      "iqr_time_ns": 9869.0,
      "p75_time_ns": 331077.0,
      "min_time_ns": 318945.0,
      "mean_time_ns": 327251.1458,
      "max_time_ns": 506043.0,
      "p99_time_ns": 356524.0,
      "samples": 10000,
      "p95_time_ns": 340645.0
    },
    "tree_2d_dgsem/elixir_euler_ec.jl/p7_rhs!": {
      "cv": 0.014426399582827607,
      "p25_time_ns": 9.455356e6,
      "std_time_ns": 137152.48687729656,
      "median_time_ns": 9.480704e6,
      "allocs": 0,
      "gc_time_ns": 0.0,
      "memory_bytes": 0,
      "iqr_time_ns": 56506.0,
      "p75_time_ns": 9.511862e6,
      "min_time_ns": 9.426002e6,
      "mean_time_ns": 9.507048941064639e6,
      "max_time_ns": 1.1399212e7,
      "p99_time_ns": 9.92829e6,
      "samples": 526,
      "p95_time_ns": 9.650491e6
    },
    "tree_2d_dgsem/elixir_euler_vortex_mortar.jl/p7_rhs!": {
      "cv": 0.015401362061886434,
      "p25_time_ns": 1.126411e6,
      "std_time_ns": 17503.115043582347,
      "median_time_ns": 1.1325175e6,
      "allocs": 0,
      "gc_time_ns": 0.0,
      "memory_bytes": 0,
      "iqr_time_ns": 15579.0,
      "p75_time_ns": 1.14199e6,
      "min_time_ns": 1.113767e6,
      "mean_time_ns": 1.1364653965831436e6,
      "max_time_ns": 1.618028e6,
      "p99_time_ns": 1.191623e6,
      "samples": 4390,
      "p95_time_ns": 1.162509e6
    },
    "tree_1d_dgsem/elixir_mhd_ec.jl/p7_rhs!": {
      "cv": 0.07797105679882954,
      "p25_time_ns": 14487.0,
      "std_time_ns": 1143.8112088199048,
      "median_time_ns": 14527.0,
      "allocs": 0,
      "gc_time_ns": 0.0,
      "memory_bytes": 0,
      "iqr_time_ns": 70.0,
      "p75_time_ns": 14557.0,
      "min_time_ns": 14387.0,
      "mean_time_ns": 14669.6897,
      "max_time_ns": 38993.0,
      "p99_time_ns": 22051.0,
      "samples": 10000,
      "p95_time_ns": 14627.0
    },
    "structured_1d_dgsem/elixir_euler_sedov.jl/p3_rhs!": {
      "cv": 0.0946621160318166,
      "p25_time_ns": 12363.0,
      "std_time_ns": 1192.0634897169957,
      "median_time_ns": 12433.0,
      "allocs": 0,
      "gc_time_ns": 0.0,
      "memory_bytes": 0,
      "iqr_time_ns": 170.0,
      "p75_time_ns": 12533.0,
      "min_time_ns": 12143.0,
      "mean_time_ns": 12592.8253,
      "max_time_ns": 47960.0,
      "p99_time_ns": 19978.0,
      "samples": 10000,
      "p95_time_ns": 12724.0
    },
    "tree_2d_dgsem/elixir_euler_ec.jl/p3_analysis": {
      "cv": 0.007727868536006628,
      "p25_time_ns": 2.288098e6,
      "std_time_ns": 17742.074691586487,
      "median_time_ns": 2.29168e6,
      "allocs": 0,
      "gc_time_ns": 0.0,
      "memory_bytes": 0,
      "iqr_time_ns": 9037.0,
      "p75_time_ns": 2.297135e6,
      "min_time_ns": 2.283859e6,
      "mean_time_ns": 2.295856174172794e6,
      "max_time_ns": 2.597134e6,
      "p99_time_ns": 2.359751e6,
      "samples": 2176,
      "p95_time_ns": 2.318144e6
    },
    "structured_1d_dgsem/elixir_euler_sedov.jl/p7_analysis": {
      "cv": 0.12694128798131232,
      "p25_time_ns": 8536.0,
      "std_time_ns": 1118.014854795013,
      "median_time_ns": 8626.0,
      "allocs": 128,
      "gc_time_ns": 0.0,
      "memory_bytes": 8192,
      "iqr_time_ns": 311.0,
      "p75_time_ns": 8847.0,
      "min_time_ns": 8245.0,
      "mean_time_ns": 8807.3382,
      "max_time_ns": 30867.0,
      "p99_time_ns": 11862.0,
      "samples": 10000,
      "p95_time_ns": 9137.0
    },
    "tree_2d_dgsem/elixir_euler_vortex_mortar.jl/p7_analysis": {
      "cv": 0.004369898265279451,
      "p25_time_ns": 6.306001e6,
      "std_time_ns": 27616.643270485376,
      "median_time_ns": 6.312123e6,
      "allocs": 0,
      "gc_time_ns": 0.0,
      "memory_bytes": 0,
      "iqr_time_ns": 14968.0,
      "p75_time_ns": 6.320969e6,
      "min_time_ns": 6.2948e6,
      "mean_time_ns": 6.319745127686473e6,
      "max_time_ns": 6.544947e6,
      "p99_time_ns": 6.481509e6,
      "samples": 791,
      "p95_time_ns": 6.36975e6
    },
    "tree_2d_dgsem/elixir_euler_vortex_mortar.jl/p3_rhs!": {
      "cv": 0.0262794348146729,
      "p25_time_ns": 357217.0,
      "std_time_ns": 9545.531175177835,
      "median_time_ns": 360386.0,
      "allocs": 0,
      "gc_time_ns": 0.0,
      "memory_bytes": 0,
      "iqr_time_ns": 9367.0,
      "p75_time_ns": 366584.0,
      "min_time_ns": 354742.0,
      "mean_time_ns": 363231.9813,
      "max_time_ns": 551439.0,
      "p99_time_ns": 392483.0,
      "samples": 10000,
      "p95_time_ns": 376681.0
    },
    "tree_2d_dgsem/elixir_advection_amr_nonperiodic.jl/p7_analysis": {
      "cv": 0.008642202249104931,
      "p25_time_ns": 3.958287e6,
      "std_time_ns": 34337.80024421126,
      "median_time_ns": 3.967093e6,
      "allocs": 0,
      "gc_time_ns": 0.0,