{
  "metadata": {
    "run_number": 62,
    "julia_version": "1.11.9",
    "commit_hash": "7aaaacefcaebe3a63c3656d4a2545eec23fd0893",
    "git_dirty": false,
    "hostname": "runnervm46oaq",
    "git_branch": "main",
    "timestamp": "2026-03-21T03:13:29.930",
    "group": "enzyme",
    "system": {
      "julia_threads": 1,
      "arch": "x86_64",
      "word_size": 64,
      "os": "Linux",
      "cpu_threads": 4
    }
  },
  "benchmarks": {
    "basics/make_zero/array": {
      "cv": 3.0630160213718494,
      "p25_time_ns": 50.0,
      "std_time_ns": 233.55282751838857,
      "median_time_ns": 60.0,
      "allocs": 2,
      "gc_time_ns": 0.0,
      "memory_bytes": 928,
      "iqr_time_ns": 10.0,
      "p75_time_ns": 60.0,
      "min_time_ns": 40.0,
      "mean_time_ns": 76.2493,
      "max_time_ns": 14808.0,
      "p99_time_ns": 341.0,
      "samples": 10000,
      "p95_time_ns": 210.0
    },
    "basics/make_zero/namedtuple": {
      "cv": 0.1325997130728037,
      "p25_time_ns": 30.0,
      "std_time_ns": 3.887969446978984,
      "median_time_ns": 30.0,
      "allocs": 0,
      "gc_time_ns": 0.0,
      "memory_bytes": 0,
      "iqr_time_ns": 0.0,
      "p75_time_ns": 30.0,
      "min_time_ns": 20.0,
      "mean_time_ns": 29.3211,
      "max_time_ns": 300.0,
      "p99_time_ns": 31.0,
      "samples": 10000,
      "p95_time_ns": 31.0
    },
    "autodiff/reverse/complex": {
      "cv": 0.16008003730577108,
      "p25_time_ns": 29164.0,
      "std_time_ns": 5040.444040599724,
      "median_time_ns": 32150.0,
      "allocs": 3,
      "gc_time_ns": 0.0,
      "memory_bytes": 8072,
      "iqr_time_ns": 3197.0,
      "p75_time_ns": 32361.0,
      "min_time_ns": 28714.0,
      "mean_time_ns": 31487.0244,
      "max_time_ns": 440624.0,
      "p99_time_ns": 41127.0,
      "samples": 10000,
      "p95_time_ns": 35386.0
    },
    "autodiff/forward/complex": {
      "cv": 0.13265881925012563,
      "p25_time_ns": 19517.0,
      "std_time_ns": 2704.6271927028206,
      "median_time_ns": 19637.0,
      "allocs": 3,
      "gc_time_ns": 0.0,
      "memory_bytes": 8072,
      "iqr_time_ns": 360.0,
      "p75_time_ns": 19877.0,
      "min_time_ns": 19236.0,
      "mean_time_ns": 20387.8431,
      "max_time_ns": 197910.0,
      "p99_time_ns": 28774.0,
      "samples": 10000,
      "p95_time_ns": 23063.0
    },
    "basics/make_zero/struct": {
      "cv": 0.9190904600111911,
      "p25_time_ns": 191.0,
      "std_time_ns": 201.73199224927035,
      "median_time_ns": 200.0,
      "allocs": 7,
      "gc_time_ns": 0.0,
      "memory_bytes": 496,
      "iqr_time_ns": 19.0,
      "p75_time_ns": 210.0,
      "min_time_ns": 180.0,
      "mean_time_ns": 219.4909,
      "max_time_ns": 19266.0,
      "p99_time_ns": 430.0,
      "samples": 10000,
      "p95_time_ns": 311.0
    },
    "autodiff/forward/simple": {
      "cv": 1.1560766994349205,
      "p25_time_ns": 221.0,
      "std_time_ns": 1829.3134566517185,
      "median_time_ns": 2063.0,
      "allocs": 4,
      "gc_time_ns": 0.0,
      "memory_bytes": 2720,
      "iqr_time_ns": 1893.0,
      "p75_time_ns": 2114.0,
      "min_time_ns": 200.0,
      "mean_time_ns": 1582.3461,
      "max_time_ns": 97823.0,
      "p99_time_ns": 5139.0,
      "samples": 10000,
      "p95_time_ns": 2295.0
    },
    "autodiff/reverse/simple": {
      "cv": 0.6657922086638153,
      "p25_time_ns": 1813.0,
      "std_time_ns": 2204.3807447559475,
      "median_time_ns": 3798.0,
      "allocs": 4,
      "gc_time_ns": 0.0,
      "memory_bytes": 2720,
      "iqr_time_ns": 2055.0,
      "p75_time_ns": 3868.0,
      "min_time_ns": 1673.0,
      "mean_time_ns": 3310.914,
      "max_time_ns": 102773.0,
      "p99_time_ns": 6943.0,
      "samples": 10000,
      "p95_time_ns": 4118.0
    }
  }
}