{
  "metadata": {
    "run_number": 64,
    "julia_version": "1.11.9",
    "commit_hash": "7aaaacefcaebe3a63c3656d4a2545eec23fd0893",
    "git_dirty": true,
    "hostname": "runnervm46oaq",
    "git_branch": "main",
    "timestamp": "2026-03-20T03:05:58.258",
    "group": "trixi",
    "system": {
      "julia_threads": 1,
      "arch": "x86_64",
      "word_size": 64,
      "os": "Linux",
      "cpu_threads": 4
    }
  },
  "benchmarks": {
    "tree_2d_dgsem/elixir_euler_ec.jl/p7_analysis": {
      "cv": 0.034625344721626594,
      "p25_time_ns": 1.1159732e7,
      "std_time_ns": 389523.7971110209,
      "median_time_ns": 1.1195419e7,
      "allocs": 0,
      "gc_time_ns": 0.0,
      "memory_bytes": 0,
      "iqr_time_ns": 92003.0,
      "p75_time_ns": 1.1251735e7,
      "min_time_ns": 1.1053453e7,
      "mean_time_ns": 1.1249672753950339e7,
      "max_time_ns": 1.7167195e7,
      "p99_time_ns": 1.2411838e7,
      "samples": 443,
      "p95_time_ns": 1.1371853e7
    },
    "tree_1d_dgsem/elixir_mhd_ec.jl/p3_analysis": {
      "cv": 0.19402529262956292,
      "p25_time_ns": 3136.0,
      "std_time_ns": 617.2937774019367,
      "median_time_ns": 3145.0,
      "allocs": 0,
      "gc_time_ns": 0.0,
      "memory_bytes": 0,
      "iqr_time_ns": 10.0,
      "p75_time_ns": 3146.0,
      "min_time_ns": 3106.0,
      "mean_time_ns": 3181.5119,
      "max_time_ns": 35607.0,
      "p99_time_ns": 3226.0,
      "samples": 10000,
      "p95_time_ns": 3196.0
    },
    "tree_2d_dgsem/elixir_euler_ec.jl/p3_rhs!": {
      "cv": 0.014660404551946732,
      "p25_time_ns": 1.406165e6,
      "std_time_ns": 20801.898721262467,
      "median_time_ns": 1.414921e6,
      "allocs": 0,
      "gc_time_ns": 0.0,
      "memory_bytes": 0,
      "iqr_time_ns": 21159.0,
      "p75_time_ns": 1.427324e6,
      "min_time_ns": 1.388782e6,
      "mean_time_ns": 1.4189171006539664e6,
      "max_time_ns": 1.770256e6,
      "p99_time_ns": 1.482617e6,
      "samples": 3517,
      "p95_time_ns": 1.450106e6
    },
    "tree_1d_dgsem/elixir_mhd_ec.jl/p3_rhs!": {
      "cv": 0.12960795444865608,
      "p25_time_ns": 5360.0,
      "std_time_ns": 705.0052029513037,
      "median_time_ns": 5370.0,
      "allocs": 0,
      "gc_time_ns": 0.0,
      "memory_bytes": 0,
      "iqr_time_ns": 21.0,
      "p75_time_ns": 5381.0,
      "min_time_ns": 5320.0,
      "mean_time_ns": 5439.5211,
      "max_time_ns": 26379.0,
      "p99_time_ns": 6152.0,
      "samples": 10000,
      "p95_time_ns": 5450.0
    },
    "tree_2d_dgsem/elixir_advection_amr_nonperiodic.jl/p3_analysis": {
      "cv": 0.01578543819245095,
      "p25_time_ns": 839012.0,
      "std_time_ns": 13301.143762310237,
      "median_time_ns": 840254.0,
      "allocs": 0,
      "gc_time_ns": 0.0,
      "memory_bytes": 0,
      "iqr_time_ns": 4648.0,
      "p75_time_ns": 843660.0,
      "min_time_ns": 828532.0,
      "mean_time_ns": 842621.1296859169,
      "max_time_ns": 1.196341e6,
      "p99_time_ns": 885849.0,
      "samples": 5922,
      "p95_time_ns": 855292.0
    },
    "tree_2d_dgsem/elixir_advection_amr_nonperiodic.jl/p7_rhs!": {
      "cv": 0.026239044826813336,
      "p25_time_ns": 319669.0,
      "std_time_ns": 8530.813174814506,
      "median_time_ns": 322128.5,
      "allocs": 0,
      "gc_time_ns": 0.0,
      "memory_bytes": 0,
      "iqr_time_ns": 9878.0,
      "p75_time_ns": 329547.0,
      "min_time_ns": 315861.0,
      "mean_time_ns": 325119.0442,
      "max_time_ns": 598622.0,
      "p99_time_ns": 353142.0,
      "samples": 10000,
      "p95_time_ns": 337843.0
    },
    "tree_2d_dgsem/elixir_euler_ec.jl/p7_rhs!": {
      "cv": 0.015574007499638188,
      "p25_time_ns": 9.518321e6,
      "std_time_ns": 149754.25544007012,
      "median_time_ns": 9.5497095e6,
      "allocs": 0,
      "gc_time_ns": 0.0,
      "memory_bytes": 0,
      "iqr_time_ns": 154979.0,
      "p75_time_ns": 9.6733e6,
      "min_time_ns": 9.466173e6,
      "mean_time_ns": 9.615653225e6,
      "max_time_ns": 1.093271e7,
      "p99_time_ns": 1.0015532e7,
      "samples": 520,
      "p95_time_ns": 9.914909e6
    },
    "tree_2d_dgsem/elixir_euler_vortex_mortar.jl/p7_rhs!": {
      "cv": 0.03277143739799688,
      "p25_time_ns": 1.124685e6,
      "std_time_ns": 37253.15595548124,
      "median_time_ns": 1.131013e6,
      "allocs": 0,
      "gc_time_ns": 0.0,
      "memory_bytes": 0,
      "iqr_time_ns": 14950.0,
      "p75_time_ns": 1.139635e6,
      "min_time_ns": 1.110879e6,
      "mean_time_ns": 1.1367568502734732e6,
      "max_time_ns": 1.906218e6,
      "p99_time_ns": 1.209696e6,
      "samples": 4388,
      "p95_time_ns": 1.165551e6
    },
    "tree_1d_dgsem/elixir_mhd_ec.jl/p7_rhs!": {
      "cv": 0.08218018075753564,
      "p25_time_ns": 14497.0,
      "std_time_ns": 1206.874770779779,
      "median_time_ns": 14527.0,
      "allocs": 0,
      "gc_time_ns": 0.0,
      "memory_bytes": 0,
      "iqr_time_ns": 70.0,
      "p75_time_ns": 14567.0,
      "min_time_ns": 14396.0,
      "mean_time_ns": 14685.7157,
      "max_time_ns": 52047.0,
      "p99_time_ns": 22242.0,
      "samples": 10000,
      "p95_time_ns": 14637.0
    },
    "structured_1d_dgsem/elixir_euler_sedov.jl/p3_rhs!": {
      "cv": 0.08879533217982376,
      "p25_time_ns": 13295.0,
      "std_time_ns": 1201.010260365356,
      "median_time_ns": 13385.0,
      "allocs": 0,
      "gc_time_ns": 0.0,
      "memory_bytes": 0,
      "iqr_time_ns": 180.0,
      "p75_time_ns": 13475.0,
      "min_time_ns": 12784.0,
      "mean_time_ns": 13525.6013,
      "max_time_ns": 70613.0,
      "p99_time_ns": 20899.0,
      "samples": 10000,
      "p95_time_ns": 13635.0
    },
    "tree_2d_dgsem/elixir_euler_ec.jl/p3_analysis": {
      "cv": 0.018727707129656525,
      "p25_time_ns": 2.313143e6,
      "std_time_ns": 43499.41967221223,
      "median_time_ns": 2.31723e6,
      "allocs": 0,
      "gc_time_ns": 0.0,
      "memory_bytes": 0,
      "iqr_time_ns": 10182.0,
      "p75_time_ns": 2.323325e6,
      "min_time_ns": 2.299743e6,
      "mean_time_ns": 2.3227306669767443e6,
      "max_time_ns": 3.617686e6,
      "p99_time_ns": 2.390949e6,
      "samples": 2150,
      "p95_time_ns": 2.345112e6
    },
    "structured_1d_dgsem/elixir_euler_sedov.jl/p7_analysis": {
      "cv": 0.1329070415823932,
      "p25_time_ns": 8135.0,
      "std_time_ns": 1127.3049138236129,
      "median_time_ns": 8276.0,
      "allocs": 128,
      "gc_time_ns": 0.0,
      "memory_bytes": 8192,
      "iqr_time_ns": 381.0,
      "p75_time_ns": 8516.0,
      "min_time_ns": 7975.0,
      "mean_time_ns": 8481.9051,
      "max_time_ns": 29666.0,
      "p99_time_ns": 12463.0,
      "samples": 10000,
      "p95_time_ns": 8947.0
    },
    "tree_2d_dgsem/elixir_euler_vortex_mortar.jl/p7_analysis": {
      "cv": 0.008645360224035432,
      "p25_time_ns": 6.445602e6,
      "std_time_ns": 55969.26124112339,
      "median_time_ns": 6.468145e6,
      "allocs": 0,
      "gc_time_ns": 0.0,
      "memory_bytes": 0,
      "iqr_time_ns": 50344.0,
      "p75_time_ns": 6.495946e6,
      "min_time_ns": 6.357096e6,
      "mean_time_ns": 6.473907366580311e6,
      "max_time_ns": 7.273513e6,
      "p99_time_ns": 6.632784e6,
      "samples": 772,
      "p95_time_ns": 6.545289e6
    },
    "tree_2d_dgsem/elixir_euler_vortex_mortar.jl/p3_rhs!": {
      "cv": 0.0672572594486847,
      "p25_time_ns": 354964.0,
      "std_time_ns": 24350.419826987578,
      "median_time_ns": 357097.0,
      "allocs": 0,
      "gc_time_ns": 0.0,
      "memory_bytes": 0,
      "iqr_time_ns": 9457.0,
      "p75_time_ns": 364421.0,
      "min_time_ns": 352360.0,
      "mean_time_ns": 362048.945,
      "max_time_ns": 985643.0,
      "p99_time_ns": 410237.0,
      "samples": 10000,
      "p95_time_ns": 373028.0
    },
    "tree_2d_dgsem/elixir_advection_amr_nonperiodic.jl/p7_analysis": {
      "cv": 0.009764752123235408,
      "p25_time_ns": 3.965415e6,
      "std_time_ns": 39026.406631686055,
      "median_time_ns": 3.991369e6,
      "allocs": 0,
      "gc_time_ns": 0.0,
      "memory_bytes": 0,