{
  "metadata": {
    "run_number": 64,
    "julia_version": "1.11.9",
    "commit_hash": "7aaaacefcaebe3a63c3656d4a2545eec23fd0893",
    "git_dirty": true,
    "hostname": "runnervm46oaq",
    "git_branch": "main",
    "timestamp": "2026-03-21T03:02:38.972",
    "group": "trixi",
    "system": {
      "julia_threads": 1,
      "arch": "x86_64",
      "word_size": 64,
      "os": "Linux",
      "cpu_threads": 4
    }
  },
  "benchmarks": {
    "tree_2d_dgsem/elixir_euler_ec.jl/p7_analysis": {
      "cv": 0.007146813079880931,
      "p25_time_ns": 1.1005531e7,
      "std_time_ns": 78897.62408492265,
      "median_time_ns": 1.1030062e7,
      "allocs": 0,
      "gc_time_ns": 0.0,
      "memory_bytes": 0,
      "iqr_time_ns": 51266.0,
      "p75_time_ns": 1.1056797e7,
      "min_time_ns": 1.0954837e7,
      "mean_time_ns": 1.103955332300885e7,
      "max_time_ns": 1.2277133e7,
      "p99_time_ns": 1.128814e7,
      "samples": 452,
      "p95_time_ns": 1.1130385e7
    },
    "tree_1d_dgsem/elixir_mhd_ec.jl/p3_analysis": {
      "cv": 0.18217994746210936,
      "p25_time_ns": 3166.0,
      "std_time_ns": 585.4711324011437,
      "median_time_ns": 3175.0,
      "allocs": 0,
      "gc_time_ns": 0.0,
      "memory_bytes": 0,
      "iqr_time_ns": 20.0,
      "p75_time_ns": 3186.0,
      "min_time_ns": 3135.0,
      "mean_time_ns": 3213.6969,
      "max_time_ns": 25368.0,
      "p99_time_ns": 3496.0,
      "samples": 10000,
      "p95_time_ns": 3226.0
    },
    "tree_2d_dgsem/elixir_euler_ec.jl/p3_rhs!": {
      "cv": 0.016648282604111022,
      "p25_time_ns": 1.3933e6,
      "std_time_ns": 23434.348392335043,
      "median_time_ns": 1.401059e6,
      "allocs": 0,
      "gc_time_ns": 0.0,
      "memory_bytes": 0,
      "iqr_time_ns": 24565.0,
      "p75_time_ns": 1.417865e6,
      "min_time_ns": 1.386126e6,
      "mean_time_ns": 1.4076135628877608e6,
      "max_time_ns": 1.944632e6,
      "p99_time_ns": 1.471245e6,
      "samples": 3546,
      "p95_time_ns": 1.437062e6
    },
    "tree_1d_dgsem/elixir_mhd_ec.jl/p3_rhs!": {
      "cv": 0.12380318883195343,
      "p25_time_ns": 5350.0,
      "std_time_ns": 671.6899050371109,
      "median_time_ns": 5360.0,
      "allocs": 0,
      "gc_time_ns": 0.0,
      "memory_bytes": 0,
      "iqr_time_ns": 20.0,
      "p75_time_ns": 5370.0,
      "min_time_ns": 5319.0,
      "mean_time_ns": 5425.4653,
      "max_time_ns": 19277.0,
      "p99_time_ns": 6262.0,
      "samples": 10000,
      "p95_time_ns": 5430.0
    },
    "tree_2d_dgsem/elixir_advection_amr_nonperiodic.jl/p3_analysis": {
      "cv": 0.008994170144179768,
      "p25_time_ns": 839612.0,
      "std_time_ns": 7566.333202947613,
      "median_time_ns": 840504.0,
      "allocs": 0,
      "gc_time_ns": 0.0,
      "memory_bytes": 0,
      "iqr_time_ns": 2545.0,
      "p75_time_ns": 842157.0,
      "min_time_ns": 830415.0,
      "mean_time_ns": 841248.617899882,
      "max_time_ns": 1.045908e6,
      "p99_time_ns": 871312.0,
      "samples": 5933,
      "p95_time_ns": 850272.0
    },
    "tree_2d_dgsem/elixir_advection_amr_nonperiodic.jl/p7_rhs!": {
      "cv": 0.033176879291710114,
      "p25_time_ns": 318166.0,
      "std_time_ns": 10732.369923867753,
      "median_time_ns": 320310.0,
      "allocs": 0,
      "gc_time_ns": 0.0,
      "memory_bytes": 0,
      "iqr_time_ns": 9848.0,
      "p75_time_ns": 328014.0,
      "min_time_ns": 316132.0,
      "mean_time_ns": 323489.4346,
      "max_time_ns": 729406.0,
      "p99_time_ns": 347220.0,
      "samples": 10000,
      "p95_time_ns": 333114.0
    },
    "tree_2d_dgsem/elixir_euler_ec.jl/p7_rhs!": {
      "cv": 0.012575365466207675,
      "p25_time_ns": 9.504138e6,
      "std_time_ns": 120338.35720314003,
      "median_time_ns": 9.54258e6,
      "allocs": 0,
      "gc_time_ns": 0.0,
      "memory_bytes": 0,
      "iqr_time_ns": 91081.0,
      "p75_time_ns": 9.595219e6,
      "min_time_ns": 9.44639e6,
      "mean_time_ns": 9.5693725583174e6,
      "max_time_ns": 1.0923636e7,
      "p99_time_ns": 9.918834e6,
      "samples": 523,
      "p95_time_ns": 9.772641e6
    },
    "tree_2d_dgsem/elixir_euler_vortex_mortar.jl/p7_rhs!": {
      "cv": 0.025549859755674052,
      "p25_time_ns": 1.130266e6,
      "std_time_ns": 29159.481206881464,
      "median_time_ns": 1.135842e6,
      "allocs": 0,
      "gc_time_ns": 0.0,
      "memory_bytes": 0,
      "iqr_time_ns": 13856.0,
      "p75_time_ns": 1.144122e6,
      "min_time_ns": 1.118194e6,
      "mean_time_ns": 1.1412775446020127e6,
      "max_time_ns": 1.959399e6,
      "p99_time_ns": 1.212561e6,
      "samples": 4372,
      "p95_time_ns": 1.173187e6
    },
    "tree_1d_dgsem/elixir_mhd_ec.jl/p7_rhs!": {
      "cv": 0.08015923585153199,
      "p25_time_ns": 14497.0,
      "std_time_ns": 1176.481954497359,
      "median_time_ns": 14517.0,
      "allocs": 0,
      "gc_time_ns": 0.0,
      "memory_bytes": 0,
      "iqr_time_ns": 51.0,
      "p75_time_ns": 14548.0,
      "min_time_ns": 14377.0,
      "mean_time_ns": 14676.811,
      "max_time_ns": 49523.0,
      "p99_time_ns": 22372.0,
      "samples": 10000,
      "p95_time_ns": 14608.0
    },
    "structured_1d_dgsem/elixir_euler_sedov.jl/p3_rhs!": {
      "cv": 0.15513112904775272,
      "p25_time_ns": 12444.0,
      "std_time_ns": 1985.249141924708,
      "median_time_ns": 12483.0,
      "allocs": 0,
      "gc_time_ns": 0.0,
      "memory_bytes": 0,
      "iqr_time_ns": 90.0,
      "p75_time_ns": 12534.0,
      "min_time_ns": 12333.0,
      "mean_time_ns": 12797.2326,
      "max_time_ns": 76443.0,
      "p99_time_ns": 20328.0,
      "samples": 10000,
      "p95_time_ns": 12704.0
    },
    "tree_2d_dgsem/elixir_euler_ec.jl/p3_analysis": {
      "cv": 0.019568241481980497,
      "p25_time_ns": 2.300607e6,
      "std_time_ns": 45213.00571490184,
      "median_time_ns": 2.3051615e6,
      "allocs": 0,
      "gc_time_ns": 0.0,
      "memory_bytes": 0,
      "iqr_time_ns": 10401.0,
      "p75_time_ns": 2.311008e6,
      "min_time_ns": 2.295989e6,
      "mean_time_ns": 2.3105298325624424e6,
      "max_time_ns": 4.05796e6,
      "p99_time_ns": 2.382981e6,
      "samples": 2162,
      "p95_time_ns": 2.332749e6
    },
    "structured_1d_dgsem/elixir_euler_sedov.jl/p7_analysis": {
      "cv": 0.1291540272360983,
      "p25_time_ns": 8005.0,
      "std_time_ns": 1072.7969526226275,
      "median_time_ns": 8115.0,
      "allocs": 128,
      "gc_time_ns": 0.0,
      "memory_bytes": 8192,
      "iqr_time_ns": 340.0,
      "p75_time_ns": 8345.0,
      "min_time_ns": 7864.0,
      "mean_time_ns": 8306.3376,
      "max_time_ns": 34033.0,
      "p99_time_ns": 11501.0,
      "samples": 10000,
      "p95_time_ns": 8716.0
    },
    "tree_2d_dgsem/elixir_euler_vortex_mortar.jl/p7_analysis": {
      "cv": 0.007004489612912605,
      "p25_time_ns": 6.299016e6,
      "std_time_ns": 44254.84741786676,
      "median_time_ns": 6.308533e6,
      "allocs": 0,
      "gc_time_ns": 0.0,
      "memory_bytes": 0,
      "iqr_time_ns": 23403.0,
      "p75_time_ns": 6.322419e6,
      "min_time_ns": 6.274951e6,
      "mean_time_ns": 6.318068819216182e6,
      "max_time_ns": 6.94236e6,
      "p99_time_ns": 6.457553e6,
      "samples": 791,
      "p95_time_ns": 6.37565e6
    },
    "tree_2d_dgsem/elixir_euler_vortex_mortar.jl/p3_rhs!": {
      "cv": 0.028899667213661207,
      "p25_time_ns": 352039.0,
      "std_time_ns": 10333.497930046084,
      "median_time_ns": 353602.5,
      "allocs": 0,
      "gc_time_ns": 0.0,
      "memory_bytes": 0,
      "iqr_time_ns": 9518.0,
      "p75_time_ns": 361557.0,
      "min_time_ns": 349565.0,
      "mean_time_ns": 357564.5994,
      "max_time_ns": 608419.0,
      "p99_time_ns": 392274.0,
      "samples": 10000,
      "p95_time_ns": 368480.0
    },
    "tree_2d_dgsem/elixir_advection_amr_nonperiodic.jl/p7_analysis": {
      "cv": 0.007889166886822108,
      "p25_time_ns": 3.93896e6,
      "std_time_ns": 31267.5611813479,
      "median_time_ns": 3.953403e6,
      "allocs": 0,
      "gc_time_ns": 0.0,
      "memory_bytes": 0,