{
  "metadata": {
    "run_number": 64,
    "julia_version": "1.11.9",
    "commit_hash": "7aaaacefcaebe3a63c3656d4a2545eec23fd0893",
    "git_dirty": true,
    "hostname": "runnervm46oaq",
    "git_branch": "main",
    "timestamp": "2026-03-22T03:10:25.867",
    "group": "trixi",
    "system": {
      "julia_threads": 1,
      "arch": "x86_64",
      "word_size": 64,
      "os": "Linux",
      "cpu_threads": 4
    }
  },
  "benchmarks": {
    "tree_2d_dgsem/elixir_euler_ec.jl/p7_analysis": {
      "cv": 0.011571385942015728,
      "p25_time_ns": 1.0958064e7,
      "std_time_ns": 127385.68552857157,
      "median_time_ns": 1.0985756e7,
      "allocs": 0,
      "gc_time_ns": 0.0,
      "memory_bytes": 0,
      "iqr_time_ns": 60413.0,
      "p75_time_ns": 1.1018477e7,
      "min_time_ns": 1.0924694e7,
      "mean_time_ns": 1.1008680046357617e7,
      "max_time_ns": 1.247099e7,
      "p99_time_ns": 1.1550491e7,
      "samples": 453,
      "p95_time_ns": 1.1111032e7
    },
    "tree_1d_dgsem/elixir_mhd_ec.jl/p3_analysis": {
      "cv": 0.18882968171609138,
      "p25_time_ns": 3246.0,
      "std_time_ns": 623.5649124564299,
      "median_time_ns": 3256.0,
      "allocs": 0,
      "gc_time_ns": 0.0,
      "memory_bytes": 0,
      "iqr_time_ns": 20.0,
      "p75_time_ns": 3266.0,
      "min_time_ns": 3226.0,
      "mean_time_ns": 3302.2611,
      "max_time_ns": 24375.0,
      "p99_time_ns": 3357.0,
      "samples": 10000,
      "p95_time_ns": 3316.0
    },
    "tree_2d_dgsem/elixir_euler_ec.jl/p3_rhs!": {
      "cv": 0.017348727830166277,
      "p25_time_ns": 1.377714e6,
      "std_time_ns": 24048.719793808355,
      "median_time_ns": 1.382653e6,
      "allocs": 0,
      "gc_time_ns": 0.0,
      "memory_bytes": 0,
      "iqr_time_ns": 10119.0,
      "p75_time_ns": 1.387833e6,
      "min_time_ns": 1.373455e6,
      "mean_time_ns": 1.3861950011108026e6,
      "max_time_ns": 2.218937e6,
      "p99_time_ns": 1.454548e6,
      "samples": 3601,
      "p95_time_ns": 1.404033e6
    },
    "tree_1d_dgsem/elixir_mhd_ec.jl/p3_rhs!": {
      "cv": 0.13985571739792463,
      "p25_time_ns": 5290.0,
      "std_time_ns": 750.8436976768162,
      "median_time_ns": 5310.0,
      "allocs": 0,
      "gc_time_ns": 0.0,
      "memory_bytes": 0,
      "iqr_time_ns": 30.0,
      "p75_time_ns": 5320.0,
      "min_time_ns": 5240.0,
      "mean_time_ns": 5368.7022,
      "max_time_ns": 32110.0,
      "p99_time_ns": 5440.0,
      "samples": 10000,
      "p95_time_ns": 5370.0
    },
    "tree_2d_dgsem/elixir_advection_amr_nonperiodic.jl/p3_analysis": {
      "cv": 0.012299571792457144,
      "p25_time_ns": 839240.0,
      "std_time_ns": 10369.058303976137,
      "median_time_ns": 840180.0,
      "allocs": 0,
      "gc_time_ns": 0.0,
      "memory_bytes": 0,
      "iqr_time_ns": 4008.0,
      "p75_time_ns": 843248.0,
      "min_time_ns": 829831.0,
      "mean_time_ns": 843042.2195945946,
      "max_time_ns": 1.061624e6,
      "p99_time_ns": 874565.0,
      "samples": 5920,
      "p95_time_ns": 862003.0
    },
    "tree_2d_dgsem/elixir_advection_amr_nonperiodic.jl/p7_rhs!": {
      "cv": 0.05875056641382285,
      "p25_time_ns": 318836.0,
      "std_time_ns": 19461.63522049665,
      "median_time_ns": 323094.5,
      "allocs": 0,
      "gc_time_ns": 0.0,
      "memory_bytes": 0,
      "iqr_time_ns": 11381.0,
      "p75_time_ns": 330217.0,
      "min_time_ns": 316432.0,
      "mean_time_ns": 331258.6824,
      "max_time_ns": 696513.0,
      "p99_time_ns": 377476.0,
      "samples": 10000,
      "p95_time_ns": 373618.0
    },
    "tree_2d_dgsem/elixir_euler_ec.jl/p7_rhs!": {
      "cv": 0.07932147993792951,
      "p25_time_ns": 9.449342e6,
      "std_time_ns": 756325.9672617394,
      "median_time_ns": 9.465151e6,
      "allocs": 0,
      "gc_time_ns": 0.0,
      "memory_bytes": 0,
      "iqr_time_ns": 48249.0,
      "p75_time_ns": 9.497591e6,
      "min_time_ns": 9.419145e6,
      "mean_time_ns": 9.534945236190476e6,
      "max_time_ns": 2.5144769e7,
      "p99_time_ns": 1.0291396e7,
      "samples": 525,
      "p95_time_ns": 9.597348e6
    },
    "tree_2d_dgsem/elixir_euler_vortex_mortar.jl/p7_rhs!": {
      "cv": 0.02414536380350973,
      "p25_time_ns": 1.135703e6,
      "std_time_ns": 27660.16156489761,
      "median_time_ns": 1.140657e6,
      "allocs": 0,
      "gc_time_ns": 0.0,
      "memory_bytes": 0,
      "iqr_time_ns": 12984.0,
      "p75_time_ns": 1.148687e6,
      "min_time_ns": 1.126524e6,
      "mean_time_ns": 1.14556822543618e6,
      "max_time_ns": 1.868784e6,
      "p99_time_ns": 1.211355e6,
      "samples": 4356,
      "p95_time_ns": 1.168983e6
    },
    "tree_1d_dgsem/elixir_mhd_ec.jl/p7_rhs!": {
      "cv": 0.07971154753301316,
      "p25_time_ns": 14487.0,
      "std_time_ns": 1168.8966454575384,
      "median_time_ns": 14517.0,
      "allocs": 0,
      "gc_time_ns": 0.0,
      "memory_bytes": 0,
      "iqr_time_ns": 60.0,
      "p75_time_ns": 14547.0,
      "min_time_ns": 14377.0,
      "mean_time_ns": 14664.0817,
      "max_time_ns": 40916.0,
      "p99_time_ns": 22342.0,
      "samples": 10000,
      "p95_time_ns": 14607.0
    },
    "structured_1d_dgsem/elixir_euler_sedov.jl/p3_rhs!": {
      "cv": 0.08416079170808986,
      "p25_time_ns": 12393.0,
      "std_time_ns": 1057.097399377719,
      "median_time_ns": 12423.0,
      "allocs": 0,
      "gc_time_ns": 0.0,
      "memory_bytes": 0,
      "iqr_time_ns": 70.0,
      "p75_time_ns": 12463.0,
      "min_time_ns": 12303.0,
      "mean_time_ns": 12560.4498,
      "max_time_ns": 32270.0,
      "p99_time_ns": 20228.0,
      "samples": 10000,
      "p95_time_ns": 12533.0
    },
    "tree_2d_dgsem/elixir_euler_ec.jl/p3_analysis": {
      "cv": 0.01594319066894339,
      "p25_time_ns": 2.302934e6,
      "std_time_ns": 36853.574206163,
      "median_time_ns": 2.306602e6,
      "allocs": 0,
      "gc_time_ns": 0.0,
      "memory_bytes": 0,
      "iqr_time_ns": 9190.0,
      "p75_time_ns": 2.312124e6,
      "min_time_ns": 2.298052e6,
      "mean_time_ns": 2.311555758907913e6,
      "max_time_ns": 3.47806e6,
      "p99_time_ns": 2.379246e6,
      "samples": 2161,
      "p95_time_ns": 2.329145e6
    },
    "structured_1d_dgsem/elixir_euler_sedov.jl/p7_analysis": {
      "cv": 0.12467850663268146,
      "p25_time_ns": 8255.0,
      "std_time_ns": 1064.4687333773002,
      "median_time_ns": 8366.0,
      "allocs": 128,
      "gc_time_ns": 0.0,
      "memory_bytes": 8192,
      "iqr_time_ns": 312.0,
      "p75_time_ns": 8567.0,
      "min_time_ns": 8115.0,
      "mean_time_ns": 8537.7084,
      "max_time_ns": 33422.0,
      "p99_time_ns": 11942.0,
      "samples": 10000,
      "p95_time_ns": 8907.0
    },
    "tree_2d_dgsem/elixir_euler_vortex_mortar.jl/p7_analysis": {
      "cv": 0.00391230945475706,
      "p25_time_ns": 6.3204e6,
      "std_time_ns": 24772.350196232564,
      "median_time_ns": 6.3257605e6,
      "allocs": 0,
      "gc_time_ns": 0.0,
      "memory_bytes": 0,
      "iqr_time_ns": 12785.0,
      "p75_time_ns": 6.333185e6,
      "min_time_ns": 6.307377e6,
      "mean_time_ns": 6.331899478481012e6,
      "max_time_ns": 6.605153e6,
      "p99_time_ns": 6.425393e6,
      "samples": 790,
      "p95_time_ns": 6.375483e6
    },
    "tree_2d_dgsem/elixir_euler_vortex_mortar.jl/p3_rhs!": {
      "cv": 0.05555043272787761,
      "p25_time_ns": 350775.0,
      "std_time_ns": 19866.517499417398,
      "median_time_ns": 352008.0,
      "allocs": 0,
      "gc_time_ns": 0.0,
      "memory_bytes": 0,
      "iqr_time_ns": 9638.0,
      "p75_time_ns": 360413.0,
      "min_time_ns": 347098.0,
      "mean_time_ns": 357630.2924,
      "max_time_ns": 630593.0,
      "p99_time_ns": 428311.0,
      "samples": 10000,
      "p95_time_ns": 369370.0
    },
    "tree_2d_dgsem/elixir_advection_amr_nonperiodic.jl/p7_analysis": {
      "cv": 0.007071515322643977,
      "p25_time_ns": 3.94985e6,
      "std_time_ns": 28074.649375638146,
      "median_time_ns": 3.958444e6,
      "allocs": 0,
      "gc_time_ns": 0.0,
      "memory_bytes": 0,