{
  "metadata": {
    "run_number": 62,
    "julia_version": "1.11.9",
    "commit_hash": "9766093722e77be51196907ea0e3e7d260a55f61",
    "git_dirty": false,
    "hostname": "runnervm0kj6c",
    "git_branch": "main",
    "timestamp": "2026-03-12T10:30:27.329",
    "group": "enzyme",
    "system": {
      "julia_threads": 1,
      "arch": "x86_64",
      "word_size": 64,
      "os": "Linux",
      "cpu_threads": 4
    }
  },
  "benchmarks": {
    "basics/make_zero/array": {
      "cv": 0.8489160411160753,
      "p25_time_ns": 51.0,
      "std_time_ns": 63.20315752675759,
      "median_time_ns": 60.0,
      "allocs": 2,
      "gc_time_ns": 0.0,
      "memory_bytes": 928,
      "iqr_time_ns": 9.0,
      "p75_time_ns": 60.0,
      "min_time_ns": 49.0,
      "mean_time_ns": 74.4516,
      "max_time_ns": 2415.0,
      "p99_time_ns": 341.0,
      "samples": 10000,
      "p95_time_ns": 200.0
    },
    "basics/make_zero/namedtuple": {
      "cv": 0.8383539894000374,
      "p25_time_ns": 30.0,
      "std_time_ns": 24.850656624593785,
      "median_time_ns": 30.0,
      "allocs": 0,
      "gc_time_ns": 0.0,
      "memory_bytes": 0,
      "iqr_time_ns": 0.0,
      "p75_time_ns": 30.0,
      "min_time_ns": 20.0,
      "mean_time_ns": 29.6422,
      "max_time_ns": 2254.0,
      "p99_time_ns": 31.0,
      "samples": 10000,
      "p95_time_ns": 31.0
    },
    "autodiff/reverse/complex": {
      "cv": 0.1572939506123517,
      "p25_time_ns": 28053.0,
      "std_time_ns": 4674.8488033573,
      "median_time_ns": 28263.0,
      "allocs": 3,
      "gc_time_ns": 0.0,
      "memory_bytes": 8072,
      "iqr_time_ns": 3256.0,
      "p75_time_ns": 31309.0,
      "min_time_ns": 27762.0,
      "mean_time_ns": 29720.4615,
      "max_time_ns": 419720.0,
      "p99_time_ns": 39945.0,
      "samples": 10000,
      "p95_time_ns": 34334.0
    },
    "autodiff/forward/complex": {
      "cv": 0.15135268612646527,
      "p25_time_ns": 18945.0,
      "std_time_ns": 3021.121756701951,
      "median_time_ns": 19075.0,
      "allocs": 3,
      "gc_time_ns": 0.0,
      "memory_bytes": 8072,
      "iqr_time_ns": 461.0,
      "p75_time_ns": 19406.0,
      "min_time_ns": 18686.0,
      "mean_time_ns": 19960.807,
      "max_time_ns": 236585.0,
      "p99_time_ns": 28444.0,
      "samples": 10000,
      "p95_time_ns": 22563.0
    },
    "basics/make_zero/struct": {
      "cv": 0.8287935990545954,
      "p25_time_ns": 190.0,
      "std_time_ns": 183.24460716377294,
      "median_time_ns": 191.0,
      "allocs": 7,
      "gc_time_ns": 0.0,
      "memory_bytes": 496,
      "iqr_time_ns": 11.0,
      "p75_time_ns": 201.0,
      "min_time_ns": 180.0,
      "mean_time_ns": 221.098,
      "max_time_ns": 10400.0,
      "p99_time_ns": 481.0,
      "samples": 10000,
      "p95_time_ns": 371.0
    },
    "autodiff/forward/simple": {
      "cv": 0.9979136739232745,
      "p25_time_ns": 211.0,
      "std_time_ns": 1576.8319364972401,
      "median_time_ns": 2034.0,
      "allocs": 4,
      "gc_time_ns": 0.0,
      "memory_bytes": 2720,
      "iqr_time_ns": 1913.0,
      "p75_time_ns": 2124.0,
      "min_time_ns": 200.0,
      "mean_time_ns": 1580.1286,
      "max_time_ns": 62097.0,
      "p99_time_ns": 5160.0,
      "samples": 10000,
      "p95_time_ns": 2365.0
    },
    "autodiff/reverse/simple": {
      "cv": 0.4129806649443643,
      "p25_time_ns": 1773.0,
      "std_time_ns": 1328.843797082898,
      "median_time_ns": 3687.0,
      "allocs": 4,
      "gc_time_ns": 0.0,
      "memory_bytes": 2720,
      "iqr_time_ns": 2064.0,
      "p75_time_ns": 3837.0,
      "min_time_ns": 1673.0,
      "mean_time_ns": 3217.6901,
      "max_time_ns": 24626.0,
      "p99_time_ns": 6923.0,
      "samples": 10000,
      "p95_time_ns": 4138.0
    }
  }
}