{
  "metadata": {
    "run_number": 3,
    "julia_version": "1.11.9",
    "commit_hash": "90b2c7dc6438cbd66b6eff029a42700de93af5d0",
    "git_dirty": true,
    "hostname": "runnervmjduv7",
    "git_branch": "main",
    "timestamp": "2026-02-13T03:19:58.920",
    "group": "trixi",
    "system": {
      "julia_threads": 1,
      "arch": "x86_64",
      "word_size": 64,
      "os": "Linux",
      "cpu_threads": 4
    }
  },
  "benchmarks": {
    "tree_2d_dgsem/elixir_euler_ec.jl/p7_analysis": {
      "cv": 0.0028069508656857153,
      "p25_time_ns": 1.0894521e7,
      "std_time_ns": 30622.27514715566,
      "median_time_ns": 1.0901053e7,
      "allocs": 0,
      "gc_time_ns": 0.0,
      "memory_bytes": 0,
      "iqr_time_ns": 20387.0,
      "p75_time_ns": 1.0914908e7,
      "min_time_ns": 1.0875094e7,
      "mean_time_ns": 1.0909444665207878e7,
      "max_time_ns": 1.1145188e7,
      "p99_time_ns": 1.1082962e7,
      "samples": 457,
      "p95_time_ns": 1.0952358e7
    },
    "tree_1d_dgsem/elixir_mhd_ec.jl/p3_analysis": {
      "cv": 0.17530178765525678,
      "p25_time_ns": 3137.0,
      "std_time_ns": 557.7960538138694,
      "median_time_ns": 3146.0,
      "allocs": 0,
      "gc_time_ns": 0.0,
      "memory_bytes": 0,
      "iqr_time_ns": 19.0,
      "p75_time_ns": 3156.0,
      "min_time_ns": 3105.0,
      "mean_time_ns": 3181.9188,
      "max_time_ns": 31559.0,
      "p99_time_ns": 3236.0,
      "samples": 10000,
      "p95_time_ns": 3206.0
    },
    "tree_2d_dgsem/elixir_euler_ec.jl/p3_rhs!": {
      "cv": 0.011718602090070555,
      "p25_time_ns": 1.383201e6,
      "std_time_ns": 16284.437671298941,
      "median_time_ns": 1.385525e6,
      "allocs": 0,
      "gc_time_ns": 0.0,
      "memory_bytes": 0,
      "iqr_time_ns": 8837.0,
      "p75_time_ns": 1.392038e6,
      "min_time_ns": 1.380566e6,
      "mean_time_ns": 1.389622887280824e6,
      "max_time_ns": 1.745257e6,
      "p99_time_ns": 1.431972e6,
      "samples": 3593,
      "p95_time_ns": 1.403019e6
    },
    "tree_1d_dgsem/elixir_mhd_ec.jl/p3_rhs!": {
      "cv": 0.12650096856870643,
      "p25_time_ns": 5350.0,
      "std_time_ns": 685.5003363594104,
      "median_time_ns": 5360.0,
      "allocs": 0,
      "gc_time_ns": 0.0,
      "memory_bytes": 0,
      "iqr_time_ns": 20.0,
      "p75_time_ns": 5370.0,
      "min_time_ns": 5319.0,
      "mean_time_ns": 5418.9335,
      "max_time_ns": 25468.0,
      "p99_time_ns": 5490.0,
      "samples": 10000,
      "p95_time_ns": 5420.0
    },
    "tree_2d_dgsem/elixir_advection_amr_nonperiodic.jl/p3_analysis": {
      "cv": 0.0070678114305859595,
      "p25_time_ns": 837694.0,
      "std_time_ns": 5924.888484458455,
      "median_time_ns": 838474.0,
      "allocs": 0,
      "gc_time_ns": 0.0,
      "memory_bytes": 0,
      "iqr_time_ns": 1543.0,
      "p75_time_ns": 839237.0,
      "min_time_ns": 828576.0,
      "mean_time_ns": 838291.8167310599,
      "max_time_ns": 958218.0,
      "p99_time_ns": 859965.0,
      "samples": 5953,
      "p95_time_ns": 845077.0
    },
    "tree_2d_dgsem/elixir_advection_amr_nonperiodic.jl/p7_rhs!": {
      "cv": 0.024574980017590547,
      "p25_time_ns": 322301.0,
      "std_time_ns": 8030.38655368653,
      "median_time_ns": 323865.0,
      "allocs": 0,
      "gc_time_ns": 0.0,
      "memory_bytes": 0,
      "iqr_time_ns": 9619.0,
      "p75_time_ns": 331920.0,
      "min_time_ns": 320347.0,
      "mean_time_ns": 326770.8274,
      "max_time_ns": 753826.0,
      "p99_time_ns": 344443.0,
      "samples": 10000,
      "p95_time_ns": 334524.0
    },
    "tree_2d_dgsem/elixir_euler_ec.jl/p7_rhs!": {
      "cv": 0.006008963377265964,
      "p25_time_ns": 9.414336e6,
      "std_time_ns": 56675.68720410466,
      "median_time_ns": 9.421052e6,
      "allocs": 0,
      "gc_time_ns": 0.0,
      "memory_bytes": 0,
      "iqr_time_ns": 16019.0,
      "p75_time_ns": 9.430355e6,
      "min_time_ns": 9.399378e6,
      "mean_time_ns": 9.431857650943397e6,
      "max_time_ns": 1.0358607e7,
      "p99_time_ns": 9.598599e6,
      "samples": 530,
      "p95_time_ns": 9.478175e6
    },
    "tree_2d_dgsem/elixir_euler_vortex_mortar.jl/p7_rhs!": {
      "cv": 0.011051341480313353,
      "p25_time_ns": 1.123827e6,
      "std_time_ns": 12467.424950357288,
      "median_time_ns": 1.12573e6,
      "allocs": 0,
      "gc_time_ns": 0.0,
      "memory_bytes": 0,
      "iqr_time_ns": 4698.0,
      "p75_time_ns": 1.128525e6,
      "min_time_ns": 1.115161e6,
      "mean_time_ns": 1.1281367943037974e6,
      "max_time_ns": 1.413597e6,
      "p99_time_ns": 1.178408e6,
      "samples": 4424,
      "p95_time_ns": 1.138404e6
    },
    "tree_1d_dgsem/elixir_mhd_ec.jl/p7_rhs!": {
      "cv": 0.07985021515090429,
      "p25_time_ns": 14567.0,
      "std_time_ns": 1176.482024269773,
      "median_time_ns": 14587.0,
      "allocs": 0,
      "gc_time_ns": 0.0,
      "memory_bytes": 0,
      "iqr_time_ns": 50.0,
      "p75_time_ns": 14617.0,
      "min_time_ns": 14437.0,
      "mean_time_ns": 14733.6112,
      "max_time_ns": 52689.0,
      "p99_time_ns": 22422.0,
      "samples": 10000,
      "p95_time_ns": 14677.0
    },
    "structured_1d_dgsem/elixir_euler_sedov.jl/p3_rhs!": {
      "cv": 0.08946495325085739,
      "p25_time_ns": 11822.0,
      "std_time_ns": 1071.7968050842887,
      "median_time_ns": 11843.0,
      "allocs": 0,
      "gc_time_ns": 0.0,
      "memory_bytes": 0,
      "iqr_time_ns": 60.0,
      "p75_time_ns": 11882.0,
      "min_time_ns": 11742.0,
      "mean_time_ns": 11980.0745,
      "max_time_ns": 37861.0,
      "p99_time_ns": 19527.0,
      "samples": 10000,
      "p95_time_ns": 11943.0
    },
    "tree_2d_dgsem/elixir_euler_ec.jl/p3_analysis": {
      "cv": 0.009425059563045273,
      "p25_time_ns": 2.302506e6,
      "std_time_ns": 21783.423754554322,
      "median_time_ns": 2.308056e6,
      "allocs": 0,
      "gc_time_ns": 0.0,
      "memory_bytes": 0,
      "iqr_time_ns": 11812.0,
      "p75_time_ns": 2.314318e6,
      "min_time_ns": 2.294821e6,
      "mean_time_ns": 2.311223988436633e6,
      "max_time_ns": 2.908416e6,
      "p99_time_ns": 2.372467e6,
      "samples": 2162,
      "p95_time_ns": 2.328154e6
    },
    "structured_1d_dgsem/elixir_euler_sedov.jl/p7_analysis": {
      "cv": 0.11852079000971484,
      "p25_time_ns": 8095.0,
      "std_time_ns": 990.3755438466435,
      "median_time_ns": 8205.0,
      "allocs": 128,
      "gc_time_ns": 0.0,
      "memory_bytes": 8192,
      "iqr_time_ns": 301.0,
      "p75_time_ns": 8396.0,
      "min_time_ns": 7954.0,
      "mean_time_ns": 8356.1335,
      "max_time_ns": 32000.0,
      "p99_time_ns": 11421.0,
      "samples": 10000,
      "p95_time_ns": 8696.0
    },
    "tree_2d_dgsem/elixir_euler_vortex_mortar.jl/p7_analysis": {
      "cv": 0.006599435809521579,
      "p25_time_ns": 6.27039e6,
      "std_time_ns": 41473.075237694524,
      "median_time_ns": 6.2756995e6,
      "allocs": 0,
      "gc_time_ns": 0.0,
      "memory_bytes": 0,
      "iqr_time_ns": 12182.0,
      "p75_time_ns": 6.282572e6,
      "min_time_ns": 6.25983e6,
      "mean_time_ns": 6.284336484924623e6,
      "max_time_ns": 6.944667e6,
      "p99_time_ns": 6.460755e6,
      "samples": 796,
      "p95_time_ns": 6.320283e6
    },
    "tree_2d_dgsem/elixir_euler_vortex_mortar.jl/p3_rhs!": {
      "cv": 0.021820489436990522,
      "p25_time_ns": 349812.0,
      "std_time_ns": 7733.9109394338575,
      "median_time_ns": 350624.0,
      "allocs": 0,
      "gc_time_ns": 0.0,
      "memory_bytes": 0,
      "iqr_time_ns": 9238.0,
      "p75_time_ns": 359050.0,
      "min_time_ns": 347819.0,
      "mean_time_ns": 354433.4311,
      "max_time_ns": 539246.0,
      "p99_time_ns": 380169.0,
      "samples": 10000,
      "p95_time_ns": 363528.0
    },
    "tree_2d_dgsem/elixir_advection_amr_nonperiodic.jl/p7_analysis": {
      "cv": 0.005563442877505313,
      "p25_time_ns": 3.94515e6,
      "std_time_ns": 21991.43005269537,
      "median_time_ns": 3.947783e6,
      "allocs": 0,
      "gc_time_ns": 0.0,