{
  "metadata": {
    "run_number": 62,
    "julia_version": "1.11.9",
    "commit_hash": "7aaaacefcaebe3a63c3656d4a2545eec23fd0893",
    "git_dirty": false,
    "hostname": "runnervm46oaq",
    "git_branch": "main",
    "timestamp": "2026-03-22T03:12:38.762",
    "group": "enzyme",
    "system": {
      "julia_threads": 1,
      "arch": "x86_64",
      "word_size": 64,
      "os": "Linux",
      "cpu_threads": 4
    }
  },
  "benchmarks": {
    "basics/make_zero/array": {
      "cv": 1.924073533486442,
      "p25_time_ns": 60.0,
      "std_time_ns": 149.98749656322198,
      "median_time_ns": 60.0,
      "allocs": 2,
      "gc_time_ns": 0.0,
      "memory_bytes": 928,
      "iqr_time_ns": 0.0,
      "p75_time_ns": 60.0,
      "min_time_ns": 49.0,
      "mean_time_ns": 77.9531,
      "max_time_ns": 13395.0,
      "p99_time_ns": 381.0,
      "samples": 10000,
      "p95_time_ns": 220.0
    },
    "basics/make_zero/namedtuple": {
      "cv": 0.1718746869761924,
      "p25_time_ns": 30.0,
      "std_time_ns": 5.041565818135257,
      "median_time_ns": 30.0,
      "allocs": 0,
      "gc_time_ns": 0.0,
      "memory_bytes": 0,
      "iqr_time_ns": 0.0,
      "p75_time_ns": 30.0,
      "min_time_ns": 20.0,
      "mean_time_ns": 29.3328,
      "max_time_ns": 451.0,
      "p99_time_ns": 31.0,
      "samples": 10000,
      "p95_time_ns": 31.0
    },
    "autodiff/reverse/complex": {
      "cv": 0.1714030277941904,
      "p25_time_ns": 28694.0,
      "std_time_ns": 5212.668070216001,
      "median_time_ns": 28854.0,
      "allocs": 3,
      "gc_time_ns": 0.0,
      "memory_bytes": 8072,
      "iqr_time_ns": 3236.0,
      "p75_time_ns": 31930.0,
      "min_time_ns": 28383.0,
      "mean_time_ns": 30411.7619,
      "max_time_ns": 434955.0,
      "p99_time_ns": 45996.0,
      "samples": 10000,
      "p95_time_ns": 35136.0
    },
    "autodiff/forward/complex": {
      "cv": 0.14132459410385856,
      "p25_time_ns": 19507.0,
      "std_time_ns": 2891.8104842391426,
      "median_time_ns": 19627.0,
      "allocs": 3,
      "gc_time_ns": 0.0,
      "memory_bytes": 8072,
      "iqr_time_ns": 390.0,
      "p75_time_ns": 19897.0,
      "min_time_ns": 19256.0,
      "mean_time_ns": 20462.1885,
      "max_time_ns": 229720.0,
      "p99_time_ns": 28423.0,
      "samples": 10000,
      "p95_time_ns": 23134.0
    },
    "basics/make_zero/struct": {
      "cv": 0.8218434343663196,
      "p25_time_ns": 190.0,
      "std_time_ns": 178.1283183887986,
      "median_time_ns": 191.0,
      "allocs": 7,
      "gc_time_ns": 0.0,
      "memory_bytes": 496,
      "iqr_time_ns": 11.0,
      "p75_time_ns": 201.0,
      "min_time_ns": 180.0,
      "mean_time_ns": 216.7424,
      "max_time_ns": 9478.0,
      "p99_time_ns": 471.0,
      "samples": 10000,
      "p95_time_ns": 361.0
    },
    "autodiff/forward/simple": {
      "cv": 0.7292502987906463,
      "p25_time_ns": 211.0,
      "std_time_ns": 1131.9932883787267,
      "median_time_ns": 2064.0,
      "allocs": 4,
      "gc_time_ns": 0.0,
      "memory_bytes": 2720,
      "iqr_time_ns": 1904.0,
      "p75_time_ns": 2115.0,
      "min_time_ns": 190.0,
      "mean_time_ns": 1552.2699,
      "max_time_ns": 17893.0,
      "p99_time_ns": 5159.0,
      "samples": 10000,
      "p95_time_ns": 2325.0
    },
    "autodiff/reverse/simple": {
      "cv": 0.41872447528140344,
      "p25_time_ns": 1773.0,
      "std_time_ns": 1374.3845792720915,
      "median_time_ns": 3817.0,
      "allocs": 4,
      "gc_time_ns": 0.0,
      "memory_bytes": 2720,
      "iqr_time_ns": 2134.0,
      "p75_time_ns": 3907.0,
      "min_time_ns": 1613.0,
      "mean_time_ns": 3282.3125,
      "max_time_ns": 24345.0,
      "p99_time_ns": 6973.0,
      "samples": 10000,
      "p95_time_ns": 4168.0
    }
  }
}