{
  "metadata": {
    "run_number": 62,
    "julia_version": "1.11.9",
    "commit_hash": "3f824eb2b02a3ef42586fdc5bd3f211da47b4937",
    "git_dirty": false,
    "hostname": "runnervm0kj6c",
    "git_branch": "main",
    "timestamp": "2026-03-07T05:05:21.775",
    "group": "enzyme",
    "system": {
      "julia_threads": 1,
      "arch": "x86_64",
      "word_size": 64,
      "os": "Linux",
      "cpu_threads": 4
    }
  },
  "benchmarks": {
    "basics/make_zero/array": {
      "cv": 0.7635968301845167,
      "p25_time_ns": 50.0,
      "std_time_ns": 55.31625249317771,
      "median_time_ns": 60.0,
      "allocs": 2,
      "gc_time_ns": 0.0,
      "memory_bytes": 928,
      "iqr_time_ns": 10.0,
      "p75_time_ns": 60.0,
      "min_time_ns": 49.0,
      "mean_time_ns": 72.4417,
      "max_time_ns": 872.0,
      "p99_time_ns": 321.0,
      "samples": 10000,
      "p95_time_ns": 190.0
    },
    "basics/make_zero/namedtuple": {
      "cv": 0.1044916518284364,
      "p25_time_ns": 30.0,
      "std_time_ns": 3.0661403362625403,
      "median_time_ns": 30.0,
      "allocs": 0,
      "gc_time_ns": 0.0,
      "memory_bytes": 0,
      "iqr_time_ns": 0.0,
      "p75_time_ns": 30.0,
      "min_time_ns": 20.0,
      "mean_time_ns": 29.3434,
      "max_time_ns": 151.0,
      "p99_time_ns": 31.0,
      "samples": 10000,
      "p95_time_ns": 31.0
    },
    "autodiff/reverse/complex": {
      "cv": 0.14551840705073182,
      "p25_time_ns": 28233.0,
      "std_time_ns": 4348.072394948614,
      "median_time_ns": 28433.0,
      "allocs": 3,
      "gc_time_ns": 0.0,
      "memory_bytes": 8072,
      "iqr_time_ns": 3215.0,
      "p75_time_ns": 31448.0,
      "min_time_ns": 27962.0,
      "mean_time_ns": 29879.879,
      "max_time_ns": 389826.0,
      "p99_time_ns": 39824.0,
      "samples": 10000,
      "p95_time_ns": 34434.0
    },
    "autodiff/forward/complex": {
      "cv": 0.13331207066406822,
      "p25_time_ns": 19126.0,
      "std_time_ns": 2678.149020738771,
      "median_time_ns": 19246.0,
      "allocs": 3,
      "gc_time_ns": 0.0,
      "memory_bytes": 8072,
      "iqr_time_ns": 420.0,
      "p75_time_ns": 19546.0,
      "min_time_ns": 18785.0,
      "mean_time_ns": 20089.3213,
      "max_time_ns": 195054.0,
      "p99_time_ns": 28653.0,
      "samples": 10000,
      "p95_time_ns": 22722.0
    },
    "basics/make_zero/struct": {
      "cv": 0.5381896684427412,
      "p25_time_ns": 190.0,
      "std_time_ns": 112.93711062093601,
      "median_time_ns": 191.0,
      "allocs": 7,
      "gc_time_ns": 0.0,
      "memory_bytes": 496,
      "iqr_time_ns": 10.0,
      "p75_time_ns": 200.0,
      "min_time_ns": 180.0,
      "mean_time_ns": 209.8463,
      "max_time_ns": 9548.0,
      "p99_time_ns": 421.0,
      "samples": 10000,
      "p95_time_ns": 300.0
    },
    "autodiff/forward/simple": {
      "cv": 0.9120586176015596,
      "p25_time_ns": 211.0,
      "std_time_ns": 1426.973531753996,
      "median_time_ns": 2054.0,
      "allocs": 4,
      "gc_time_ns": 0.0,
      "memory_bytes": 2720,
      "iqr_time_ns": 1913.0,
      "p75_time_ns": 2124.0,
      "min_time_ns": 190.0,
      "mean_time_ns": 1564.5634,
      "max_time_ns": 67545.0,
      "p99_time_ns": 5150.0,
      "samples": 10000,
      "p95_time_ns": 2295.0
    },
    "autodiff/reverse/simple": {
      "cv": 0.39833663185361307,
      "p25_time_ns": 1834.0,
      "std_time_ns": 1296.3600391479022,
      "median_time_ns": 3747.0,
      "allocs": 4,
      "gc_time_ns": 0.0,
      "memory_bytes": 2720,
      "iqr_time_ns": 2043.0,
      "p75_time_ns": 3877.0,
      "min_time_ns": 1633.0,
      "mean_time_ns": 3254.4334,
      "max_time_ns": 24626.0,
      "p99_time_ns": 6933.0,
      "samples": 10000,
      "p95_time_ns": 4148.0
    }
  }
}