{
  "metadata": {
    "run_number": 26,
    "julia_version": "1.11.9",
    "commit_hash": "9d1b26a8ba6b00ee327b2be37ea99d88e62c6048",
    "git_dirty": false,
    "hostname": "runnervm0kj6c",
    "git_branch": "main",
    "timestamp": "2026-03-07T02:51:34.792",
    "group": "enzyme",
    "system": {
      "julia_threads": 1,
      "arch": "x86_64",
      "word_size": 64,
      "os": "Linux",
      "cpu_threads": 4
    }
  },
  "benchmarks": {
    "basics/make_zero/array": {
      "cv": 1.3946665009376809,
      "p25_time_ns": 51.0,
      "std_time_ns": 102.62011900559493,
      "median_time_ns": 60.0,
      "allocs": 2,
      "gc_time_ns": 0.0,
      "memory_bytes": 928,
      "iqr_time_ns": 9.0,
      "p75_time_ns": 60.0,
      "min_time_ns": 40.0,
      "mean_time_ns": 73.5804,
      "max_time_ns": 8667.0,
      "p99_time_ns": 331.0,
      "samples": 10000,
      "p95_time_ns": 201.0
    },
    "basics/make_zero/namedtuple": {
      "cv": 0.20861978339863607,
      "p25_time_ns": 30.0,
      "std_time_ns": 6.123825121883563,
      "median_time_ns": 30.0,
      "allocs": 0,
      "gc_time_ns": 0.0,
      "memory_bytes": 0,
      "iqr_time_ns": 0.0,
      "p75_time_ns": 30.0,
      "min_time_ns": 20.0,
      "mean_time_ns": 29.354,
      "max_time_ns": 570.0,
      "p99_time_ns": 31.0,
      "samples": 10000,
      "p95_time_ns": 31.0
    },
    "autodiff/reverse/complex": {
      "cv": 0.1490748907756308,
      "p25_time_ns": 28373.0,
      "std_time_ns": 4557.745809357852,
      "median_time_ns": 31198.0,
      "allocs": 3,
      "gc_time_ns": 0.0,
      "memory_bytes": 8072,
      "iqr_time_ns": 2996.0,
      "p75_time_ns": 31369.0,
      "min_time_ns": 28023.0,
      "mean_time_ns": 30573.5311,
      "max_time_ns": 390068.0,
      "p99_time_ns": 39995.0,
      "samples": 10000,
      "p95_time_ns": 34394.0
    },
    "autodiff/forward/complex": {
      "cv": 0.13490264132653304,
      "p25_time_ns": 19075.0,
      "std_time_ns": 2697.746840359604,
      "median_time_ns": 19196.0,
      "allocs": 3,
      "gc_time_ns": 0.0,
      "memory_bytes": 8072,
      "iqr_time_ns": 392.0,
      "p75_time_ns": 19467.0,
      "min_time_ns": 18815.0,
      "mean_time_ns": 19997.7318,
      "max_time_ns": 204482.0,
      "p99_time_ns": 27902.0,
      "samples": 10000,
      "p95_time_ns": 22422.0
    },
    "basics/make_zero/struct": {
      "cv": 0.8325290454481943,
      "p25_time_ns": 181.0,
      "std_time_ns": 172.65603415998285,
      "median_time_ns": 190.0,
      "allocs": 7,
      "gc_time_ns": 0.0,
      "memory_bytes": 496,
      "iqr_time_ns": 10.0,
      "p75_time_ns": 191.0,
      "min_time_ns": 170.0,
      "mean_time_ns": 207.3874,
      "max_time_ns": 9749.0,
      "p99_time_ns": 411.0,
      "samples": 10000,
      "p95_time_ns": 291.0
    },
    "autodiff/forward/simple": {
      "cv": 0.8317610001379769,
      "p25_time_ns": 211.0,
      "std_time_ns": 1253.178699537084,
      "median_time_ns": 1963.0,
      "allocs": 4,
      "gc_time_ns": 0.0,
      "memory_bytes": 2720,
      "iqr_time_ns": 1833.0,
      "p75_time_ns": 2044.0,
      "min_time_ns": 190.0,
      "mean_time_ns": 1506.6572,
      "max_time_ns": 50325.0,
      "p99_time_ns": 5040.0,
      "samples": 10000,
      "p95_time_ns": 2304.0
    },
    "autodiff/reverse/simple": {
      "cv": 0.3930459123546746,
      "p25_time_ns": 1783.0,
      "std_time_ns": 1233.8530689540496,
      "median_time_ns": 3597.0,
      "allocs": 4,
      "gc_time_ns": 0.0,
      "memory_bytes": 2720,
      "iqr_time_ns": 1953.0,
      "p75_time_ns": 3736.0,
      "min_time_ns": 1623.0,
      "mean_time_ns": 3139.2085,
      "max_time_ns": 23303.0,
      "p99_time_ns": 6773.0,
      "samples": 10000,
      "p95_time_ns": 3967.0
    }
  }
}