{
  "metadata": {
    "run_number": 26,
    "julia_version": "1.11.9",
    "commit_hash": "e597c46656ac9231f7f161c963cdb720f0e000bc",
    "git_dirty": false,
    "hostname": "runnervm0kj6c",
    "git_branch": "main",
    "timestamp": "2026-03-07T02:37:16.897",
    "group": "enzyme",
    "system": {
      "julia_threads": 1,
      "arch": "x86_64",
      "word_size": 64,
      "os": "Linux",
      "cpu_threads": 4
    }
  },
  "benchmarks": {
    "basics/make_zero/array": {
      "cv": 0.9216653019343811,
      "p25_time_ns": 51.0,
      "std_time_ns": 70.36370797740858,
      "median_time_ns": 60.0,
      "allocs": 2,
      "gc_time_ns": 0.0,
      "memory_bytes": 928,
      "iqr_time_ns": 9.0,
      "p75_time_ns": 60.0,
      "min_time_ns": 49.0,
      "mean_time_ns": 76.3441,
      "max_time_ns": 1303.0,
      "p99_time_ns": 391.0,
      "samples": 10000,
      "p95_time_ns": 220.0
    },
    "basics/make_zero/namedtuple": {
      "cv": 4.012910726588603,
      "p25_time_ns": 30.0,
      "std_time_ns": 122.49610638448041,
      "median_time_ns": 30.0,
      "allocs": 0,
      "gc_time_ns": 0.0,
      "memory_bytes": 0,
      "iqr_time_ns": 0.0,
      "p75_time_ns": 30.0,
      "min_time_ns": 20.0,
      "mean_time_ns": 30.5255,
      "max_time_ns": 12273.0,
      "p99_time_ns": 31.0,
      "samples": 10000,
      "p95_time_ns": 31.0
    },
    "autodiff/reverse/complex": {
      "cv": 0.17501427228401903,
      "p25_time_ns": 28393.0,
      "std_time_ns": 5338.346080661058,
      "median_time_ns": 29315.0,
      "allocs": 3,
      "gc_time_ns": 0.0,
      "memory_bytes": 8072,
      "iqr_time_ns": 3226.0,
      "p75_time_ns": 31619.0,
      "min_time_ns": 28052.0,
      "mean_time_ns": 30502.3471,
      "max_time_ns": 391162.0,
      "p99_time_ns": 40496.0,
      "samples": 10000,
      "p95_time_ns": 34645.0
    },
    "autodiff/forward/complex": {
      "cv": 0.145532517196287,
      "p25_time_ns": 19186.0,
      "std_time_ns": 2923.8037911287156,
      "median_time_ns": 19306.0,
      "allocs": 3,
      "gc_time_ns": 0.0,
      "memory_bytes": 8072,
      "iqr_time_ns": 371.0,
      "p75_time_ns": 19557.0,
      "min_time_ns": 18935.0,
      "mean_time_ns": 20090.3815,
      "max_time_ns": 234478.0,
      "p99_time_ns": 28283.0,
      "samples": 10000,
      "p95_time_ns": 22742.0
    },
    "basics/make_zero/struct": {
      "cv": 0.9577955716482932,
      "p25_time_ns": 190.0,
      "std_time_ns": 206.48271869062503,
      "median_time_ns": 191.0,
      "allocs": 7,
      "gc_time_ns": 0.0,
      "memory_bytes": 496,
      "iqr_time_ns": 11.0,
      "p75_time_ns": 201.0,
      "min_time_ns": 180.0,
      "mean_time_ns": 215.5812,
      "max_time_ns": 17002.0,
      "p99_time_ns": 451.0,
      "samples": 10000,
      "p95_time_ns": 321.0
    },
    "autodiff/forward/simple": {
      "cv": 0.7280819292384826,
      "p25_time_ns": 211.0,
      "std_time_ns": 1138.3783756714022,
      "median_time_ns": 2074.0,
      "allocs": 4,
      "gc_time_ns": 0.0,
      "memory_bytes": 2720,
      "iqr_time_ns": 1933.0,
      "p75_time_ns": 2144.0,
      "min_time_ns": 190.0,
      "mean_time_ns": 1563.5306,
      "max_time_ns": 17472.0,
      "p99_time_ns": 5149.0,
      "samples": 10000,
      "p95_time_ns": 2335.0
    },
    "autodiff/reverse/simple": {
      "cv": 0.39732831498107046,
      "p25_time_ns": 1804.0,
      "std_time_ns": 1291.4138525988399,
      "median_time_ns": 3717.0,
      "allocs": 4,
      "gc_time_ns": 0.0,
      "memory_bytes": 2720,
      "iqr_time_ns": 2093.0,
      "p75_time_ns": 3897.0,
      "min_time_ns": 1683.0,
      "mean_time_ns": 3250.2437,
      "max_time_ns": 21590.0,
      "p99_time_ns": 6943.0,
      "samples": 10000,
      "p95_time_ns": 4148.0
    }
  }
}