{
  "metadata": {
    "run_number": 25,
    "julia_version": "1.11.9",
    "commit_hash": "d1b459a6f925ddf57cc32e075f07a9dca01bd7a0",
    "git_dirty": false,
    "hostname": "runnervm0kj6c",
    "git_branch": "main",
    "timestamp": "2026-03-07T02:30:23.009",
    "group": "enzyme",
    "system": {
      "julia_threads": 1,
      "arch": "x86_64",
      "word_size": 64,
      "os": "Linux",
      "cpu_threads": 4
    }
  },
  "benchmarks": {
    "basics/make_zero/array": {
      "cv": 2.7304180061726853,
      "p25_time_ns": 51.0,
      "std_time_ns": 210.52724211514118,
      "median_time_ns": 60.0,
      "allocs": 2,
      "gc_time_ns": 0.0,
      "memory_bytes": 928,
      "iqr_time_ns": 9.0,
      "p75_time_ns": 60.0,
      "min_time_ns": 49.0,
      "mean_time_ns": 77.1044,
      "max_time_ns": 14947.0,
      "p99_time_ns": 330.0,
      "samples": 10000,
      "p95_time_ns": 210.0
    },
    "basics/make_zero/namedtuple": {
      "cv": 0.19708144426016003,
      "p25_time_ns": 30.0,
      "std_time_ns": 5.788636764520568,
      "median_time_ns": 30.0,
      "allocs": 0,
      "gc_time_ns": 0.0,
      "memory_bytes": 0,
      "iqr_time_ns": 0.0,
      "p75_time_ns": 30.0,
      "min_time_ns": 20.0,
      "mean_time_ns": 29.3718,
      "max_time_ns": 531.0,
      "p99_time_ns": 31.0,
      "samples": 10000,
      "p95_time_ns": 31.0
    },
    "autodiff/reverse/complex": {
      "cv": 0.16171865491987963,
      "p25_time_ns": 28122.0,
      "std_time_ns": 4922.285101951891,
      "median_time_ns": 31148.0,
      "allocs": 3,
      "gc_time_ns": 0.0,
      "memory_bytes": 8072,
      "iqr_time_ns": 3196.0,
      "p75_time_ns": 31318.0,
      "min_time_ns": 27712.0,
      "mean_time_ns": 30437.3364,
      "max_time_ns": 415701.0,
      "p99_time_ns": 40345.0,
      "samples": 10000,
      "p95_time_ns": 34354.0
    },
    "autodiff/forward/complex": {
      "cv": 0.13794490460008285,
      "p25_time_ns": 19035.0,
      "std_time_ns": 2748.471457415007,
      "median_time_ns": 19166.0,
      "allocs": 3,
      "gc_time_ns": 0.0,
      "memory_bytes": 8072,
      "iqr_time_ns": 381.0,
      "p75_time_ns": 19416.0,
      "min_time_ns": 18765.0,
      "mean_time_ns": 19924.4145,
      "max_time_ns": 206414.0,
      "p99_time_ns": 28293.0,
      "samples": 10000,
      "p95_time_ns": 22541.0
    },
    "basics/make_zero/struct": {
      "cv": 0.5367691942831009,
      "p25_time_ns": 190.0,
      "std_time_ns": 115.68224232127793,
      "median_time_ns": 200.0,
      "allocs": 7,
      "gc_time_ns": 0.0,
      "memory_bytes": 496,
      "iqr_time_ns": 11.0,
      "p75_time_ns": 201.0,
      "min_time_ns": 180.0,
      "mean_time_ns": 215.5158,
      "max_time_ns": 9367.0,
      "p99_time_ns": 451.0,
      "samples": 10000,
      "p95_time_ns": 310.0
    },
    "autodiff/forward/simple": {
      "cv": 0.758812957842711,
      "p25_time_ns": 220.0,
      "std_time_ns": 1187.3253343991953,
      "median_time_ns": 2054.0,
      "allocs": 4,
      "gc_time_ns": 0.0,
      "memory_bytes": 2720,
      "iqr_time_ns": 1904.0,
      "p75_time_ns": 2124.0,
      "min_time_ns": 190.0,
      "mean_time_ns": 1564.7141,
      "max_time_ns": 19496.0,
      "p99_time_ns": 5170.0,
      "samples": 10000,
      "p95_time_ns": 2354.0
    },
    "autodiff/reverse/simple": {
      "cv": 0.41759463697314747,
      "p25_time_ns": 1763.0,
      "std_time_ns": 1342.9241353589907,
      "median_time_ns": 3727.0,
      "allocs": 4,
      "gc_time_ns": 0.0,
      "memory_bytes": 2720,
      "iqr_time_ns": 2074.0,
      "p75_time_ns": 3837.0,
      "min_time_ns": 1603.0,
      "mean_time_ns": 3215.8558,
      "max_time_ns": 31399.0,
      "p99_time_ns": 6863.0,
      "samples": 10000,
      "p95_time_ns": 4108.0
    }
  }
}