{
  "metadata": {
    "run_number": 62,
    "julia_version": "1.11.9",
    "commit_hash": "cfb42866f3f8409f2c9ae461ffe1971e1d7cceba",
    "git_dirty": false,
    "hostname": "runnervm0kj6c",
    "git_branch": "main",
    "timestamp": "2026-03-07T03:13:52.454",
    "group": "enzyme",
    "system": {
      "julia_threads": 1,
      "arch": "x86_64",
      "word_size": 64,
      "os": "Linux",
      "cpu_threads": 4
    }
  },
  "benchmarks": {
    "basics/make_zero/array": {
      "cv": 0.8101786443949488,
      "p25_time_ns": 50.0,
      "std_time_ns": 58.980438186901196,
      "median_time_ns": 60.0,
      "allocs": 2,
      "gc_time_ns": 0.0,
      "memory_bytes": 928,
      "iqr_time_ns": 10.0,
      "p75_time_ns": 60.0,
      "min_time_ns": 49.0,
      "mean_time_ns": 72.7993,
      "max_time_ns": 1593.0,
      "p99_time_ns": 321.0,
      "samples": 10000,
      "p95_time_ns": 200.0
    },
    "basics/make_zero/namedtuple": {
      "cv": 0.1034357145924232,
      "p25_time_ns": 30.0,
      "std_time_ns": 3.032197286133968,
      "median_time_ns": 30.0,
      "allocs": 0,
      "gc_time_ns": 0.0,
      "memory_bytes": 0,
      "iqr_time_ns": 0.0,
      "p75_time_ns": 30.0,
      "min_time_ns": 20.0,
      "mean_time_ns": 29.3148,
      "max_time_ns": 160.0,
      "p99_time_ns": 31.0,
      "samples": 10000,
      "p95_time_ns": 31.0
    },
    "autodiff/reverse/complex": {
      "cv": 0.16087718190925335,
      "p25_time_ns": 28463.0,
      "std_time_ns": 4861.892931249849,
      "median_time_ns": 28683.0,
      "allocs": 3,
      "gc_time_ns": 0.0,
      "memory_bytes": 8072,
      "iqr_time_ns": 3226.0,
      "p75_time_ns": 31689.0,
      "min_time_ns": 28143.0,
      "mean_time_ns": 30221.1468,
      "max_time_ns": 406623.0,
      "p99_time_ns": 41147.0,
      "samples": 10000,
      "p95_time_ns": 34765.0
    },
    "autodiff/forward/complex": {
      "cv": 0.14085747670466214,
      "p25_time_ns": 19126.0,
      "std_time_ns": 2826.3300328234504,
      "median_time_ns": 19246.0,
      "allocs": 3,
      "gc_time_ns": 0.0,
      "memory_bytes": 8072,
      "iqr_time_ns": 361.0,
      "p75_time_ns": 19487.0,
      "min_time_ns": 18875.0,
      "mean_time_ns": 20065.1758,
      "max_time_ns": 210114.0,
      "p99_time_ns": 29265.0,
      "samples": 10000,
      "p95_time_ns": 22702.0
    },
    "basics/make_zero/struct": {
      "cv": 0.8000140263630648,
      "p25_time_ns": 181.0,
      "std_time_ns": 167.52069708115195,
      "median_time_ns": 190.0,
      "allocs": 7,
      "gc_time_ns": 0.0,
      "memory_bytes": 496,
      "iqr_time_ns": 10.0,
      "p75_time_ns": 191.0,
      "min_time_ns": 170.0,
      "mean_time_ns": 209.3972,
      "max_time_ns": 12183.0,
      "p99_time_ns": 420.0,
      "samples": 10000,
      "p95_time_ns": 301.0
    },
    "autodiff/forward/simple": {
      "cv": 0.7327215394251175,
      "p25_time_ns": 211.0,
      "std_time_ns": 1150.763430750102,
      "median_time_ns": 2074.0,
      "allocs": 4,
      "gc_time_ns": 0.0,
      "memory_bytes": 2720,
      "iqr_time_ns": 1943.0,
      "p75_time_ns": 2154.0,
      "min_time_ns": 190.0,
      "mean_time_ns": 1570.5331,
      "max_time_ns": 17994.0,
      "p99_time_ns": 5179.0,
      "samples": 10000,
      "p95_time_ns": 2385.0
    },
    "autodiff/reverse/simple": {
      "cv": 0.41632160257074685,
      "p25_time_ns": 1783.0,
      "std_time_ns": 1342.4119383036677,
      "median_time_ns": 3678.0,
      "allocs": 4,
      "gc_time_ns": 0.0,
      "memory_bytes": 2720,
      "iqr_time_ns": 2054.0,
      "p75_time_ns": 3837.0,
      "min_time_ns": 1603.0,
      "mean_time_ns": 3224.459,
      "max_time_ns": 23814.0,
      "p99_time_ns": 6913.0,
      "samples": 10000,
      "p95_time_ns": 4107.0
    }
  }
}