{
  "metadata": {
    "run_number": 62,
    "julia_version": "1.11.9",
    "commit_hash": "4a16459ef2032119b947f6e0dfb350842e97dce2",
    "git_dirty": false,
    "hostname": "runnervm0kj6c",
    "git_branch": "main",
    "timestamp": "2026-03-07T23:46:21.941",
    "group": "enzyme",
    "system": {
      "julia_threads": 1,
      "arch": "x86_64",
      "word_size": 64,
      "os": "Linux",
      "cpu_threads": 4
    }
  },
  "benchmarks": {
    "basics/make_zero/array": {
      "cv": 1.5278755300407343,
      "p25_time_ns": 60.0,
      "std_time_ns": 119.05267245098604,
      "median_time_ns": 60.0,
      "allocs": 2,
      "gc_time_ns": 0.0,
      "memory_bytes": 928,
      "iqr_time_ns": 0.0,
      "p75_time_ns": 60.0,
      "min_time_ns": 49.0,
      "mean_time_ns": 77.9204,
      "max_time_ns": 9949.0,
      "p99_time_ns": 361.0,
      "samples": 10000,
      "p95_time_ns": 201.0
    },
    "basics/make_zero/namedtuple": {
      "cv": 0.12418755665324945,
      "p25_time_ns": 30.0,
      "std_time_ns": 3.6425079679294634,
      "median_time_ns": 30.0,
      "allocs": 0,
      "gc_time_ns": 0.0,
      "memory_bytes": 0,
      "iqr_time_ns": 0.0,
      "p75_time_ns": 30.0,
      "min_time_ns": 20.0,
      "mean_time_ns": 29.3307,
      "max_time_ns": 270.0,
      "p99_time_ns": 31.0,
      "samples": 10000,
      "p95_time_ns": 31.0
    },
    "autodiff/reverse/complex": {
      "cv": 0.1580566336439971,
      "p25_time_ns": 28092.0,
      "std_time_ns": 4763.16080834758,
      "median_time_ns": 28643.0,
      "allocs": 3,
      "gc_time_ns": 0.0,
      "memory_bytes": 8072,
      "iqr_time_ns": 3236.0,
      "p75_time_ns": 31328.0,
      "min_time_ns": 27742.0,
      "mean_time_ns": 30135.7855,
      "max_time_ns": 404172.0,
      "p99_time_ns": 40466.0,
      "samples": 10000,
      "p95_time_ns": 34364.0
    },
    "autodiff/forward/complex": {
      "cv": 0.1423812425038524,
      "p25_time_ns": 19076.0,
      "std_time_ns": 2855.710310647611,
      "median_time_ns": 19215.0,
      "allocs": 3,
      "gc_time_ns": 0.0,
      "memory_bytes": 8072,
      "iqr_time_ns": 440.0,
      "p75_time_ns": 19516.0,
      "min_time_ns": 18724.0,
      "mean_time_ns": 20056.7874,
      "max_time_ns": 210221.0,
      "p99_time_ns": 28403.0,
      "samples": 10000,
      "p95_time_ns": 22602.0
    },
    "basics/make_zero/struct": {
      "cv": 1.752829662656732,
      "p25_time_ns": 181.0,
      "std_time_ns": 387.1120804318067,
      "median_time_ns": 190.0,
      "allocs": 7,
      "gc_time_ns": 0.0,
      "memory_bytes": 496,
      "iqr_time_ns": 19.0,
      "p75_time_ns": 200.0,
      "min_time_ns": 170.0,
      "mean_time_ns": 220.8498,
      "max_time_ns": 29354.0,
      "p99_time_ns": 471.0,
      "samples": 10000,
      "p95_time_ns": 330.0
    },
    "autodiff/forward/simple": {
      "cv": 1.266802447356736,
      "p25_time_ns": 211.0,
      "std_time_ns": 2044.4628266117682,
      "median_time_ns": 2103.0,
      "allocs": 4,
      "gc_time_ns": 0.0,
      "memory_bytes": 2720,
      "iqr_time_ns": 1953.0,
      "p75_time_ns": 2164.0,
      "min_time_ns": 190.0,
      "mean_time_ns": 1613.8766,
      "max_time_ns": 117779.0,
      "p99_time_ns": 5219.0,
      "samples": 10000,
      "p95_time_ns": 2394.0
    },
    "autodiff/reverse/simple": {
      "cv": 0.4114162913152354,
      "p25_time_ns": 1964.0,
      "std_time_ns": 1403.2652279370368,
      "median_time_ns": 3877.0,
      "allocs": 4,
      "gc_time_ns": 0.0,
      "memory_bytes": 2720,
      "iqr_time_ns": 2054.0,
      "p75_time_ns": 4018.0,
      "min_time_ns": 1734.0,
      "mean_time_ns": 3410.8159,
      "max_time_ns": 34454.0,
      "p99_time_ns": 7133.0,
      "samples": 10000,
      "p95_time_ns": 4348.0
    }
  }
}