{
  "metadata": {
    "run_number": 64,
    "julia_version": "1.11.9",
    "commit_hash": "dd56c9395f881ee697fbda1d7626b66ff4417896",
    "git_dirty": true,
    "hostname": "runnervm0kj6c",
    "git_branch": "main",
    "timestamp": "2026-03-07T06:59:13.393",
    "group": "trixi",
    "system": {
      "julia_threads": 1,
      "arch": "x86_64",
      "word_size": 64,
      "os": "Linux",
      "cpu_threads": 4
    }
  },
  "benchmarks": {
    "tree_2d_dgsem/elixir_euler_ec.jl/p7_analysis": {
      "cv": 0.005146300761291307,
      "p25_time_ns": 1.1011618e7,
      "std_time_ns": 56834.68915868562,
      "median_time_ns": 1.1030851e7,
      "allocs": 0,
      "gc_time_ns": 0.0,
      "memory_bytes": 0,
      "iqr_time_ns": 42173.0,
      "p75_time_ns": 1.1053791e7,
      "min_time_ns": 1.0989877e7,
      "mean_time_ns": 1.1043794716814158e7,
      "max_time_ns": 1.1578286e7,
      "p99_time_ns": 1.1335513e7,
      "samples": 452,
      "p95_time_ns": 1.1133645e7
    },
    "tree_1d_dgsem/elixir_mhd_ec.jl/p3_analysis": {
      "cv": 0.17304787652143963,
      "p25_time_ns": 3156.0,
      "std_time_ns": 554.3167871928619,
      "median_time_ns": 3166.0,
      "allocs": 0,
      "gc_time_ns": 0.0,
      "memory_bytes": 0,
      "iqr_time_ns": 20.0,
      "p75_time_ns": 3176.0,
      "min_time_ns": 3125.0,
      "mean_time_ns": 3203.2568,
      "max_time_ns": 24325.0,
      "p99_time_ns": 3257.0,
      "samples": 10000,
      "p95_time_ns": 3226.0
    },
    "tree_2d_dgsem/elixir_euler_ec.jl/p3_rhs!": {
      "cv": 0.009736486429224625,
      "p25_time_ns": 1.396298e6,
      "std_time_ns": 13662.491782063089,
      "median_time_ns": 1.399555e6,
      "allocs": 0,
      "gc_time_ns": 0.0,
      "memory_bytes": 0,
      "iqr_time_ns": 9578.0,
      "p75_time_ns": 1.405876e6,
      "min_time_ns": 1.391369e6,
      "mean_time_ns": 1.4032260899634524e6,
      "max_time_ns": 1.702341e6,
      "p99_time_ns": 1.460548e6,
      "samples": 3557,
      "p95_time_ns": 1.418991e6
    },
    "tree_1d_dgsem/elixir_mhd_ec.jl/p3_rhs!": {
      "cv": 0.14976061803506271,
      "p25_time_ns": 5340.0,
      "std_time_ns": 810.9714932931017,
      "median_time_ns": 5350.0,
      "allocs": 0,
      "gc_time_ns": 0.0,
      "memory_bytes": 0,
      "iqr_time_ns": 20.0,
      "p75_time_ns": 5360.0,
      "min_time_ns": 5309.0,
      "mean_time_ns": 5415.1185,
      "max_time_ns": 46336.0,
      "p99_time_ns": 5590.0,
      "samples": 10000,
      "p95_time_ns": 5420.0
    },
    "tree_2d_dgsem/elixir_advection_amr_nonperiodic.jl/p3_analysis": {
      "cv": 0.009693196121531788,
      "p25_time_ns": 842654.0,
      "std_time_ns": 8179.959323838623,
      "median_time_ns": 843476.0,
      "allocs": 0,
      "gc_time_ns": 0.0,
      "memory_bytes": 0,
      "iqr_time_ns": 2385.0,
      "p75_time_ns": 845039.0,
      "min_time_ns": 833186.0,
      "mean_time_ns": 843886.7037538046,
      "max_time_ns": 1.055232e6,
      "p99_time_ns": 871007.0,
      "samples": 5914,
      "p95_time_ns": 851792.0
    },
    "tree_2d_dgsem/elixir_advection_amr_nonperiodic.jl/p7_rhs!": {
      "cv": 0.020918791195038436,
      "p25_time_ns": 323144.0,
      "std_time_ns": 6850.834793592946,
      "median_time_ns": 324456.0,
      "allocs": 0,
      "gc_time_ns": 0.0,
      "memory_bytes": 0,
      "iqr_time_ns": 9577.0,
      "p75_time_ns": 332721.0,
      "min_time_ns": 321069.0,
      "mean_time_ns": 327496.6861,
      "max_time_ns": 467624.0,
      "p99_time_ns": 346347.0,
      "samples": 10000,
      "p95_time_ns": 335798.0
    },
    "tree_2d_dgsem/elixir_euler_ec.jl/p7_rhs!": {
      "cv": 0.008882557044082126,
      "p25_time_ns": 9.46413e6,
      "std_time_ns": 84321.20290845915,
      "median_time_ns": 9.475041e6,
      "allocs": 0,
      "gc_time_ns": 0.0,
      "memory_bytes": 0,
      "iqr_time_ns": 26209.0,
      "p75_time_ns": 9.490339e6,
      "min_time_ns": 9.439645e6,
      "mean_time_ns": 9.492897426944971e6,
      "max_time_ns": 1.0758589e7,
      "p99_time_ns": 9.909894e6,
      "samples": 527,
      "p95_time_ns": 9.572543e6
    },
    "tree_2d_dgsem/elixir_euler_vortex_mortar.jl/p7_rhs!": {
      "cv": 0.09235208862165604,
      "p25_time_ns": 1.126314e6,
      "std_time_ns": 105185.07466436665,
      "median_time_ns": 1.129911e6,
      "allocs": 0,
      "gc_time_ns": 0.0,
      "memory_bytes": 0,
      "iqr_time_ns": 8376.0,
      "p75_time_ns": 1.13469e6,
      "min_time_ns": 1.115925e6,
      "mean_time_ns": 1.1389571826067108e6,
      "max_time_ns": 4.612447e6,
      "p99_time_ns": 1.20428e6,
      "samples": 4381,
      "p95_time_ns": 1.146302e6
    },
    "tree_1d_dgsem/elixir_mhd_ec.jl/p7_rhs!": {
      "cv": 0.07771797870690596,
      "p25_time_ns": 14487.0,
      "std_time_ns": 1138.894523782018,
      "median_time_ns": 14507.0,
      "allocs": 0,
      "gc_time_ns": 0.0,
      "memory_bytes": 0,
      "iqr_time_ns": 50.0,
      "p75_time_ns": 14537.0,
      "min_time_ns": 14397.0,
      "mean_time_ns": 14654.1964,
      "max_time_ns": 42269.0,
      "p99_time_ns": 22452.0,
      "samples": 10000,
      "p95_time_ns": 14597.0
    },
    "structured_1d_dgsem/elixir_euler_sedov.jl/p3_rhs!": {
      "cv": 0.08859934764122189,
      "p25_time_ns": 11813.0,
      "std_time_ns": 1061.3878991395577,
      "median_time_ns": 11842.0,
      "allocs": 0,
      "gc_time_ns": 0.0,
      "memory_bytes": 0,
      "iqr_time_ns": 69.0,
      "p75_time_ns": 11882.0,
      "min_time_ns": 11732.0,
      "mean_time_ns": 11979.6356,
      "max_time_ns": 34604.0,
      "p99_time_ns": 19878.0,
      "samples": 10000,
      "p95_time_ns": 11952.0
    },
    "tree_2d_dgsem/elixir_euler_ec.jl/p3_analysis": {
      "cv": 0.008366276222165132,
      "p25_time_ns": 2.298694e6,
      "std_time_ns": 19303.78903634012,
      "median_time_ns": 2.302782e6,
      "allocs": 0,
      "gc_time_ns": 0.0,
      "memory_bytes": 0,
      "iqr_time_ns": 10490.0,
      "p75_time_ns": 2.309184e6,
      "min_time_ns": 2.294005e6,
      "mean_time_ns": 2.307333456812933e6,
      "max_time_ns": 2.727204e6,
      "p99_time_ns": 2.369537e6,
      "samples": 2165,
      "p95_time_ns": 2.332397e6
    },
    "structured_1d_dgsem/elixir_euler_sedov.jl/p7_analysis": {
      "cv": 0.12441180253023085,
      "p25_time_ns": 8156.0,
      "std_time_ns": 1051.5354598405515,
      "median_time_ns": 8266.0,
      "allocs": 128,
      "gc_time_ns": 0.0,
      "memory_bytes": 8192,
      "iqr_time_ns": 360.0,
      "p75_time_ns": 8516.0,
      "min_time_ns": 8025.0,
      "mean_time_ns": 8452.0555,
      "max_time_ns": 39364.0,
      "p99_time_ns": 11251.0,
      "samples": 10000,
      "p95_time_ns": 8847.0
    },
    "tree_2d_dgsem/elixir_euler_vortex_mortar.jl/p7_analysis": {
      "cv": 0.003891450903660424,
      "p25_time_ns": 6.284889e6,
      "std_time_ns": 24510.202147839893,
      "median_time_ns": 6.291562e6,
      "allocs": 0,
      "gc_time_ns": 0.0,
      "memory_bytes": 0,
      "iqr_time_ns": 16872.0,
      "p75_time_ns": 6.301761e6,
      "min_time_ns": 6.27451e6,
      "mean_time_ns": 6.2984739508816125e6,
      "max_time_ns": 6.487267e6,
      "p99_time_ns": 6.422586e6,
      "samples": 794,
      "p95_time_ns": 6.343439e6
    },
    "tree_2d_dgsem/elixir_euler_vortex_mortar.jl/p3_rhs!": {
      "cv": 0.03592673663833165,
      "p25_time_ns": 353079.0,
      "std_time_ns": 12871.35782491417,
      "median_time_ns": 354141.0,
      "allocs": 0,
      "gc_time_ns": 0.0,
      "memory_bytes": 0,
      "iqr_time_ns": 9538.0,
      "p75_time_ns": 362617.0,
      "min_time_ns": 350094.0,
      "mean_time_ns": 358266.8238,
      "max_time_ns": 809161.0,
      "p99_time_ns": 392844.0,
      "samples": 10000,
      "p95_time_ns": 365513.0
    },
    "tree_2d_dgsem/elixir_advection_amr_nonperiodic.jl/p7_analysis": {
      "cv": 0.0045663339214288366,
      "p25_time_ns": 3.968272e6,
      "std_time_ns": 18160.267931314465,
      "median_time_ns": 3.972841e6,
      "allocs": 0,
      "gc_time_ns": 0.0,