{
  "metadata": {
    "run_number": 27,
    "julia_version": "1.11.9",
    "commit_hash": "9d1b26a8ba6b00ee327b2be37ea99d88e62c6048",
    "git_dirty": true,
    "hostname": "runnervm0kj6c",
    "git_branch": "main",
    "timestamp": "2026-03-07T02:49:34.356",
    "group": "trixi",
    "system": {
      "julia_threads": 1,
      "arch": "x86_64",
      "word_size": 64,
      "os": "Linux",
      "cpu_threads": 4
    }
  },
  "benchmarks": {
    "tree_2d_dgsem/elixir_euler_ec.jl/p7_analysis": {
      "cv": 0.004792302336890805,
      "p25_time_ns": 1.1076115e7,
      "std_time_ns": 53216.39230523476,
      "median_time_ns": 1.1090712e7,
      "allocs": 0,
      "gc_time_ns": 0.0,
      "memory_bytes": 0,
      "iqr_time_ns": 36698.0,
      "p75_time_ns": 1.1112813e7,
      "min_time_ns": 1.103616e7,
      "mean_time_ns": 1.1104556550111359e7,
      "max_time_ns": 1.1657311e7,
      "p99_time_ns": 1.1284013e7,
      "samples": 449,
      "p95_time_ns": 1.120192e7
    },
    "tree_1d_dgsem/elixir_mhd_ec.jl/p3_analysis": {
      "cv": 0.18384766035332803,
      "p25_time_ns": 3136.0,
      "std_time_ns": 584.7709085711352,
      "median_time_ns": 3145.0,
      "allocs": 0,
      "gc_time_ns": 0.0,
      "memory_bytes": 0,
      "iqr_time_ns": 10.0,
      "p75_time_ns": 3146.0,
      "min_time_ns": 3105.0,
      "mean_time_ns": 3180.7362,
      "max_time_ns": 23815.0,
      "p99_time_ns": 3236.0,
      "samples": 10000,
      "p95_time_ns": 3196.0
    },
    "tree_2d_dgsem/elixir_euler_ec.jl/p3_rhs!": {
      "cv": 0.013329380866070497,
      "p25_time_ns": 1.387714e6,
      "std_time_ns": 18602.852519967506,
      "median_time_ns": 1.393706e6,
      "allocs": 0,
      "gc_time_ns": 0.0,
      "memory_bytes": 0,
      "iqr_time_ns": 10179.0,
      "p75_time_ns": 1.397893e6,
      "min_time_ns": 1.384137e6,
      "mean_time_ns": 1.395627651942969e6,
      "max_time_ns": 1.789045e6,
      "p99_time_ns": 1.455972e6,
      "samples": 3577,
      "p95_time_ns": 1.410637e6
    },
    "tree_1d_dgsem/elixir_mhd_ec.jl/p3_rhs!": {
      "cv": 0.13211048884411178,
      "p25_time_ns": 5340.0,
      "std_time_ns": 715.3563403276194,
      "median_time_ns": 5350.0,
      "allocs": 0,
      "gc_time_ns": 0.0,
      "memory_bytes": 0,
      "iqr_time_ns": 20.0,
      "p75_time_ns": 5360.0,
      "min_time_ns": 5310.0,
      "mean_time_ns": 5414.8338,
      "max_time_ns": 24035.0,
      "p99_time_ns": 5570.0,
      "samples": 10000,
      "p95_time_ns": 5420.0
    },
    "tree_2d_dgsem/elixir_advection_amr_nonperiodic.jl/p3_analysis": {
      "cv": 0.008340505691341236,
      "p25_time_ns": 836714.0,
      "std_time_ns": 6989.872261880571,
      "median_time_ns": 837706.0,
      "allocs": 0,
      "gc_time_ns": 0.0,
      "memory_bytes": 0,
      "iqr_time_ns": 2535.0,
      "p75_time_ns": 839249.0,
      "min_time_ns": 827487.0,
      "mean_time_ns": 838063.3645675903,
      "max_time_ns": 992626.0,
      "p99_time_ns": 863755.0,
      "samples": 5955,
      "p95_time_ns": 845500.0
    },
    "tree_2d_dgsem/elixir_advection_amr_nonperiodic.jl/p7_rhs!": {
      "cv": 0.021522772398456517,
      "p25_time_ns": 315680.0,
      "std_time_ns": 6894.268479057091,
      "median_time_ns": 317443.0,
      "allocs": 0,
      "gc_time_ns": 0.0,
      "memory_bytes": 0,
      "iqr_time_ns": 9749.0,
      "p75_time_ns": 325429.0,
      "min_time_ns": 313877.0,
      "mean_time_ns": 320324.3686,
      "max_time_ns": 466462.0,
      "p99_time_ns": 338123.0,
      "samples": 10000,
      "p95_time_ns": 328705.0
    },
    "tree_2d_dgsem/elixir_euler_ec.jl/p7_rhs!": {
      "cv": 0.0056131365024092005,
      "p25_time_ns": 9.46136e6,
      "std_time_ns": 53221.759402775984,
      "median_time_ns": 9.470912e6,
      "allocs": 0,
      "gc_time_ns": 0.0,
      "memory_bytes": 0,
      "iqr_time_ns": 24785.0,
      "p75_time_ns": 9.486145e6,
      "min_time_ns": 9.444137e6,
      "mean_time_ns": 9.481643530303031e6,
      "max_time_ns": 1.043513e7,
      "p99_time_ns": 9.622861e6,
      "samples": 528,
      "p95_time_ns": 9.542581e6
    },
    "tree_2d_dgsem/elixir_euler_vortex_mortar.jl/p7_rhs!": {
      "cv": 0.012528418790999,
      "p25_time_ns": 1.131566e6,
      "std_time_ns": 14259.441687129909,
      "median_time_ns": 1.134582e6,
      "allocs": 0,
      "gc_time_ns": 0.0,
      "memory_bytes": 0,
      "iqr_time_ns": 9547.0,
      "p75_time_ns": 1.141113e6,
      "min_time_ns": 1.121126e6,
      "mean_time_ns": 1.1381677069555302e6,
      "max_time_ns": 1.560758e6,
      "p99_time_ns": 1.186238e6,
      "samples": 4385,
      "p95_time_ns": 1.155451e6
    },
    "tree_1d_dgsem/elixir_mhd_ec.jl/p7_rhs!": {
      "cv": 0.07647742262406479,
      "p25_time_ns": 14517.0,
      "std_time_ns": 1123.0758151984703,
      "median_time_ns": 14537.0,
      "allocs": 0,
      "gc_time_ns": 0.0,
      "memory_bytes": 0,
      "iqr_time_ns": 50.0,
      "p75_time_ns": 14567.0,
      "min_time_ns": 14397.0,
      "mean_time_ns": 14685.0636,
      "max_time_ns": 37340.0,
      "p99_time_ns": 22853.0,
      "samples": 10000,
      "p95_time_ns": 14618.0
    },
    "structured_1d_dgsem/elixir_euler_sedov.jl/p3_rhs!": {
      "cv": 0.08372356067863325,
      "p25_time_ns": 11972.0,
      "std_time_ns": 1014.6731676069178,
      "median_time_ns": 11993.0,
      "allocs": 0,
      "gc_time_ns": 0.0,
      "memory_bytes": 0,
      "iqr_time_ns": 51.0,
      "p75_time_ns": 12023.0,
      "min_time_ns": 11882.0,
      "mean_time_ns": 12119.3265,
      "max_time_ns": 30998.0,
      "p99_time_ns": 20158.0,
      "samples": 10000,
      "p95_time_ns": 12083.0
    },
    "tree_2d_dgsem/elixir_euler_ec.jl/p3_analysis": {
      "cv": 0.016814188876821318,
      "p25_time_ns": 2.330547e6,
      "std_time_ns": 39328.92143658662,
      "median_time_ns": 2.333768e6,
      "allocs": 0,
      "gc_time_ns": 0.0,
      "memory_bytes": 0,
      "iqr_time_ns": 9126.0,
      "p75_time_ns": 2.339673e6,
      "min_time_ns": 2.326068e6,
      "mean_time_ns": 2.33903173829588e6,
      "max_time_ns": 3.377153e6,
      "p99_time_ns": 2.402762e6,
      "samples": 2136,
      "p95_time_ns": 2.357567e6
    },
    "structured_1d_dgsem/elixir_euler_sedov.jl/p7_analysis": {
      "cv": 0.12398893397652058,
      "p25_time_ns": 8256.0,
      "std_time_ns": 1059.5479560498793,
      "median_time_ns": 8366.0,
      "allocs": 128,
      "gc_time_ns": 0.0,
      "memory_bytes": 8192,
      "iqr_time_ns": 330.0,
      "p75_time_ns": 8586.0,
      "min_time_ns": 8125.0,
      "mean_time_ns": 8545.5042,
      "max_time_ns": 34043.0,
      "p99_time_ns": 11922.0,
      "samples": 10000,
      "p95_time_ns": 8927.0
    },
    "tree_2d_dgsem/elixir_euler_vortex_mortar.jl/p7_analysis": {
      "cv": 0.013717765945789747,
      "p25_time_ns": 6.350162e6,
      "std_time_ns": 87349.38384124344,
      "median_time_ns": 6.357836e6,
      "allocs": 0,
      "gc_time_ns": 0.0,
      "memory_bytes": 0,
      "iqr_time_ns": 17142.0,
      "p75_time_ns": 6.367304e6,
      "min_time_ns": 6.33279e6,
      "mean_time_ns": 6.36761001656051e6,
      "max_time_ns": 8.06085e6,
      "p99_time_ns": 6.492367e6,
      "samples": 785,
      "p95_time_ns": 6.404203e6
    },
    "tree_2d_dgsem/elixir_euler_vortex_mortar.jl/p3_rhs!": {
      "cv": 0.022561855166172564,
      "p25_time_ns": 359171.0,
      "std_time_ns": 8219.464074672846,
      "median_time_ns": 360354.0,
      "allocs": 0,
      "gc_time_ns": 0.0,
      "memory_bytes": 0,
      "iqr_time_ns": 9728.0,
      "p75_time_ns": 368899.0,
      "min_time_ns": 355716.0,
      "mean_time_ns": 364307.9886,
      "max_time_ns": 604190.0,
      "p99_time_ns": 386392.0,
      "samples": 10000,
      "p95_time_ns": 374200.0
    },
    "tree_2d_dgsem/elixir_advection_amr_nonperiodic.jl/p7_analysis": {
      "cv": 0.010106767193437137,
      "p25_time_ns": 3.937861e6,
      "std_time_ns": 39878.79552691514,
      "median_time_ns": 3.939925e6,
      "allocs": 0,
      "gc_time_ns": 0.0,
      "memory_bytes": 0,