{
  "metadata": {
    "run_number": 25,
    "julia_version": "1.11.9",
    "commit_hash": "d1b459a6f925ddf57cc32e075f07a9dca01bd7a0",
    "git_dirty": true,
    "hostname": "runnervm0kj6c",
    "git_branch": "main",
    "timestamp": "2026-03-07T02:19:17.438",
    "group": "trixi",
    "system": {
      "julia_threads": 1,
      "arch": "x86_64",
      "word_size": 64,
      "os": "Linux",
      "cpu_threads": 4
    }
  },
  "benchmarks": {
    "tree_2d_dgsem/elixir_euler_ec.jl/p7_analysis": {
      "cv": 0.004702700247755647,
      "p25_time_ns": 1.0916739e7,
      "std_time_ns": 51464.32027494483,
      "median_time_ns": 1.0930975e7,
      "allocs": 0,
      "gc_time_ns": 0.0,
      "memory_bytes": 0,
      "iqr_time_ns": 37409.0,
      "p75_time_ns": 1.0954148e7,
      "min_time_ns": 1.0897001e7,
      "mean_time_ns": 1.094356807017544e7,
      "max_time_ns": 1.1435916e7,
      "p99_time_ns": 1.1204745e7,
      "samples": 456,
      "p95_time_ns": 1.1011174e7
    },
    "tree_1d_dgsem/elixir_mhd_ec.jl/p3_analysis": {
      "cv": 0.18335440223106186,
      "p25_time_ns": 3236.0,
      "std_time_ns": 603.0729996120504,
      "median_time_ns": 3246.0,
      "allocs": 0,
      "gc_time_ns": 0.0,
      "memory_bytes": 0,
      "iqr_time_ns": 20.0,
      "p75_time_ns": 3256.0,
      "min_time_ns": 3206.0,
      "mean_time_ns": 3289.1111,
      "max_time_ns": 25418.0,
      "p99_time_ns": 3426.0,
      "samples": 10000,
      "p95_time_ns": 3306.0
    },
    "tree_2d_dgsem/elixir_euler_ec.jl/p3_rhs!": {
      "cv": 0.018011841371387675,
      "p25_time_ns": 1.393188e6,
      "std_time_ns": 25225.840893458877,
      "median_time_ns": 1.397005e6,
      "allocs": 0,
      "gc_time_ns": 0.0,
      "memory_bytes": 0,
      "iqr_time_ns": 9899.0,
      "p75_time_ns": 1.403087e6,
      "min_time_ns": 1.38356e6,
      "mean_time_ns": 1.4005142713243547e6,
      "max_time_ns": 2.148617e6,
      "p99_time_ns": 1.460554e6,
      "samples": 3564,
      "p95_time_ns": 1.41564e6
    },
    "tree_1d_dgsem/elixir_mhd_ec.jl/p3_rhs!": {
      "cv": 0.13477945993024734,
      "p25_time_ns": 5340.0,
      "std_time_ns": 729.2498356161519,
      "median_time_ns": 5350.0,
      "allocs": 0,
      "gc_time_ns": 0.0,
      "memory_bytes": 0,
      "iqr_time_ns": 20.0,
      "p75_time_ns": 5360.0,
      "min_time_ns": 5310.0,
      "mean_time_ns": 5410.6897,
      "max_time_ns": 32912.0,
      "p99_time_ns": 5450.0,
      "samples": 10000,
      "p95_time_ns": 5411.0
    },
    "tree_2d_dgsem/elixir_advection_amr_nonperiodic.jl/p3_analysis": {
      "cv": 0.01403007600666814,
      "p25_time_ns": 837190.0,
      "std_time_ns": 11799.96665122135,
      "median_time_ns": 837851.0,
      "allocs": 0,
      "gc_time_ns": 0.0,
      "memory_bytes": 0,
      "iqr_time_ns": 3857.0,
      "p75_time_ns": 841047.0,
      "min_time_ns": 828544.0,
      "mean_time_ns": 841047.9491068419,
      "max_time_ns": 1.11611e6,
      "p99_time_ns": 877435.0,
      "samples": 5934,
      "p95_time_ns": 861014.0
    },
    "tree_2d_dgsem/elixir_advection_amr_nonperiodic.jl/p7_rhs!": {
      "cv": 0.025743967610932797,
      "p25_time_ns": 322340.0,
      "std_time_ns": 8428.365604684437,
      "median_time_ns": 324134.0,
      "allocs": 0,
      "gc_time_ns": 0.0,
      "memory_bytes": 0,
      "iqr_time_ns": 9218.0,
      "p75_time_ns": 331558.0,
      "min_time_ns": 320237.0,
      "mean_time_ns": 327391.8664,
      "max_time_ns": 495824.0,
      "p99_time_ns": 355703.0,
      "samples": 10000,
      "p95_time_ns": 337088.0
    },
    "tree_2d_dgsem/elixir_euler_ec.jl/p7_rhs!": {
      "cv": 0.005697608549653871,
      "p25_time_ns": 9.446552e6,
      "std_time_ns": 54014.012515553375,
      "median_time_ns": 9.464811e6,
      "allocs": 0,
      "gc_time_ns": 0.0,
      "memory_bytes": 0,
      "iqr_time_ns": 51337.0,
      "p75_time_ns": 9.497889e6,
      "min_time_ns": 9.41313e6,
      "mean_time_ns": 9.480119956439395e6,
      "max_time_ns": 9.816431e6,
      "p99_time_ns": 9.734789e6,
      "samples": 528,
      "p95_time_ns": 9.575924e6
    },
    "tree_2d_dgsem/elixir_euler_vortex_mortar.jl/p7_rhs!": {
      "cv": 0.013499162424771168,
      "p25_time_ns": 1.117202e6,
      "std_time_ns": 15177.166036929426,
      "median_time_ns": 1.120788e6,
      "allocs": 0,
      "gc_time_ns": 0.0,
      "memory_bytes": 0,
      "iqr_time_ns": 10159.0,
      "p75_time_ns": 1.127361e6,
      "min_time_ns": 1.110109e6,
      "mean_time_ns": 1.1243042760252366e6,
      "max_time_ns": 1.501808e6,
      "p99_time_ns": 1.178726e6,
      "samples": 4438,
      "p95_time_ns": 1.141928e6
    },
    "tree_1d_dgsem/elixir_mhd_ec.jl/p7_rhs!": {
      "cv": 0.0776811042678733,
      "p25_time_ns": 14477.0,
      "std_time_ns": 1138.3940399892247,
      "median_time_ns": 14497.0,
      "allocs": 0,
      "gc_time_ns": 0.0,
      "memory_bytes": 0,
      "iqr_time_ns": 50.0,
      "p75_time_ns": 14527.0,
      "min_time_ns": 14367.0,
      "mean_time_ns": 14654.7098,
      "max_time_ns": 37370.0,
      "p99_time_ns": 22201.0,
      "samples": 10000,
      "p95_time_ns": 14587.0
    },
    "structured_1d_dgsem/elixir_euler_sedov.jl/p3_rhs!": {
      "cv": 0.0877759192542968,
      "p25_time_ns": 11882.0,
      "std_time_ns": 1058.0668620206384,
      "median_time_ns": 11912.0,
      "allocs": 0,
      "gc_time_ns": 0.0,
      "memory_bytes": 0,
      "iqr_time_ns": 61.0,
      "p75_time_ns": 11943.0,
      "min_time_ns": 11772.0,
      "mean_time_ns": 12054.1815,
      "max_time_ns": 36929.0,
      "p99_time_ns": 19396.0,
      "samples": 10000,
      "p95_time_ns": 12012.0
    },
    "tree_2d_dgsem/elixir_euler_ec.jl/p3_analysis": {
      "cv": 0.039475430313189945,
      "p25_time_ns": 2.314192e6,
      "std_time_ns": 91884.44194670612,
      "median_time_ns": 2.3175375e6,
      "allocs": 0,
      "gc_time_ns": 0.0,
      "memory_bytes": 0,
      "iqr_time_ns": 8335.0,
      "p75_time_ns": 2.322527e6,
      "min_time_ns": 2.30789e6,
      "mean_time_ns": 2.3276362339235786e6,
      "max_time_ns": 4.639053e6,
      "p99_time_ns": 2.54399e6,
      "samples": 2146,
      "p95_time_ns": 2.337885e6
    },
    "structured_1d_dgsem/elixir_euler_sedov.jl/p7_analysis": {
      "cv": 0.11909833181599316,
      "p25_time_ns": 8175.0,
      "std_time_ns": 1001.2459911787288,
      "median_time_ns": 8266.0,
      "allocs": 128,
      "gc_time_ns": 0.0,
      "memory_bytes": 8192,
      "iqr_time_ns": 231.0,
      "p75_time_ns": 8406.0,
      "min_time_ns": 8035.0,
      "mean_time_ns": 8406.8851,
      "max_time_ns": 29335.0,
      "p99_time_ns": 11611.0,
      "samples": 10000,
      "p95_time_ns": 8666.0
    },
    "tree_2d_dgsem/elixir_euler_vortex_mortar.jl/p7_analysis": {
      "cv": 0.005680194199826315,
      "p25_time_ns": 6.325927e6,
      "std_time_ns": 36006.33602576004,
      "median_time_ns": 6.331135e6,
      "allocs": 0,
      "gc_time_ns": 0.0,
      "memory_bytes": 0,
      "iqr_time_ns": 12203.0,
      "p75_time_ns": 6.33813e6,
      "min_time_ns": 6.315997e6,
      "mean_time_ns": 6.338926937896071e6,
      "max_time_ns": 6.787568e6,
      "p99_time_ns": 6.52181e6,
      "samples": 789,
      "p95_time_ns": 6.378986e6
    },
    "tree_2d_dgsem/elixir_euler_vortex_mortar.jl/p3_rhs!": {
      "cv": 0.04135592035366546,
      "p25_time_ns": 350994.0,
      "std_time_ns": 14748.204923141535,
      "median_time_ns": 352267.0,
      "allocs": 0,
      "gc_time_ns": 0.0,
      "memory_bytes": 0,
      "iqr_time_ns": 9137.0,
      "p75_time_ns": 360131.0,
      "min_time_ns": 347828.0,
      "mean_time_ns": 356616.5327,
      "max_time_ns": 791635.0,
      "p99_time_ns": 390698.0,
      "samples": 10000,
      "p95_time_ns": 365942.0
    },
    "tree_2d_dgsem/elixir_advection_amr_nonperiodic.jl/p7_analysis": {
      "cv": 0.008941062956330358,
      "p25_time_ns": 3.947587e6,
      "std_time_ns": 35373.51970024837,
      "median_time_ns": 3.950473e6,
      "allocs": 0,
      "gc_time_ns": 0.0,
      "memory_bytes": 0,