{
  "metadata": {
    "run_number": 26,
    "julia_version": "1.11.9",
    "commit_hash": "42331d8622cf105ba713390909c10d47bc7ec9b3",
    "git_dirty": true,
    "hostname": "runnervm0kj6c",
    "git_branch": "main",
    "timestamp": "2026-03-07T02:25:15.759",
    "group": "trixi",
    "system": {
      "julia_threads": 1,
      "arch": "x86_64",
      "word_size": 64,
      "os": "Linux",
      "cpu_threads": 4
    }
  },
  "benchmarks": {
    "tree_2d_dgsem/elixir_euler_ec.jl/p7_analysis": {
      "cv": 0.05416930731296382,
      "p25_time_ns": 1.0856577e7,
      "std_time_ns": 592544.8162599601,
      "median_time_ns": 1.08650535e7,
      "allocs": 0,
      "gc_time_ns": 0.0,
      "memory_bytes": 0,
      "iqr_time_ns": 24216.0,
      "p75_time_ns": 1.0880793e7,
      "min_time_ns": 1.0833224e7,
      "mean_time_ns": 1.0938755646929825e7,
      "max_time_ns": 1.8283476e7,
      "p99_time_ns": 1.4220344e7,
      "samples": 456,
      "p95_time_ns": 1.0945002e7
    },
    "tree_1d_dgsem/elixir_mhd_ec.jl/p3_analysis": {
      "cv": 0.16839278571287647,
      "p25_time_ns": 3206.0,
      "std_time_ns": 547.6158481907814,
      "median_time_ns": 3216.0,
      "allocs": 0,
      "gc_time_ns": 0.0,
      "memory_bytes": 0,
      "iqr_time_ns": 20.0,
      "p75_time_ns": 3226.0,
      "min_time_ns": 3165.0,
      "mean_time_ns": 3252.0149,
      "max_time_ns": 24907.0,
      "p99_time_ns": 3306.0,
      "samples": 10000,
      "p95_time_ns": 3266.0
    },
    "tree_2d_dgsem/elixir_euler_ec.jl/p3_rhs!": {
      "cv": 0.024578851172003802,
      "p25_time_ns": 1.387429e6,
      "std_time_ns": 34314.41593517581,
      "median_time_ns": 1.3936855e6,
      "allocs": 0,
      "gc_time_ns": 0.0,
      "memory_bytes": 0,
      "iqr_time_ns": 9941.0,
      "p75_time_ns": 1.39737e6,
      "min_time_ns": 1.38257e6,
      "mean_time_ns": 1.39609519155481e6,
      "max_time_ns": 2.640316e6,
      "p99_time_ns": 1.449808e6,
      "samples": 3576,
      "p95_time_ns": 1.412618e6
    },
    "tree_1d_dgsem/elixir_mhd_ec.jl/p3_rhs!": {
      "cv": 0.13445687374168291,
      "p25_time_ns": 5320.0,
      "std_time_ns": 725.405818962964,
      "median_time_ns": 5330.0,
      "allocs": 0,
      "gc_time_ns": 0.0,
      "memory_bytes": 0,
      "iqr_time_ns": 20.0,
      "p75_time_ns": 5340.0,
      "min_time_ns": 5260.0,
      "mean_time_ns": 5395.0817,
      "max_time_ns": 23203.0,
      "p99_time_ns": 6892.0,
      "samples": 10000,
      "p95_time_ns": 5390.0
    },
    "tree_2d_dgsem/elixir_advection_amr_nonperiodic.jl/p3_analysis": {
      "cv": 0.020822921348787958,
      "p25_time_ns": 840778.0,
      "std_time_ns": 17612.69776662555,
      "median_time_ns": 842043.0,
      "allocs": 0,
      "gc_time_ns": 0.0,
      "memory_bytes": 0,
      "iqr_time_ns": 6904.0,
      "p75_time_ns": 847682.0,
      "min_time_ns": 831071.0,
      "mean_time_ns": 845832.2188135593,
      "max_time_ns": 1.582473e6,
      "p99_time_ns": 878780.0,
      "samples": 5900,
      "p95_time_ns": 866216.0
    },
    "tree_2d_dgsem/elixir_advection_amr_nonperiodic.jl/p7_rhs!": {
      "cv": 0.025795314240997444,
      "p25_time_ns": 325237.0,
      "std_time_ns": 8516.016496741495,
      "median_time_ns": 326831.0,
      "allocs": 0,
      "gc_time_ns": 0.0,
      "memory_bytes": 0,
      "iqr_time_ns": 9628.0,
      "p75_time_ns": 334865.0,
      "min_time_ns": 323143.0,
      "mean_time_ns": 330138.118,
      "max_time_ns": 500624.0,
      "p99_time_ns": 353179.0,
      "samples": 10000,
      "p95_time_ns": 338622.0
    },
    "tree_2d_dgsem/elixir_euler_ec.jl/p7_rhs!": {
      "cv": 0.012613566870628298,
      "p25_time_ns": 9.414929e6,
      "std_time_ns": 119251.18273992963,
      "median_time_ns": 9.438242e6,
      "allocs": 0,
      "gc_time_ns": 0.0,
      "memory_bytes": 0,
      "iqr_time_ns": 38843.0,
      "p75_time_ns": 9.453772e6,
      "min_time_ns": 9.382068e6,
      "mean_time_ns": 9.4541999073724e6,
      "max_time_ns": 1.1313954e7,
      "p99_time_ns": 9.736419e6,
      "samples": 529,
      "p95_time_ns": 9.567153e6
    },
    "tree_2d_dgsem/elixir_euler_vortex_mortar.jl/p7_rhs!": {
      "cv": 0.015702740703504595,
      "p25_time_ns": 1.130169e6,
      "std_time_ns": 17866.782572520206,
      "median_time_ns": 1.133471e6,
      "allocs": 0,
      "gc_time_ns": 0.0,
      "memory_bytes": 0,
      "iqr_time_ns": 10480.0,
      "p75_time_ns": 1.140649e6,
      "min_time_ns": 1.12001e6,
      "mean_time_ns": 1.1378130041039672e6,
      "max_time_ns": 1.56357e6,
      "p99_time_ns": 1.190112e6,
      "samples": 4386,
      "p95_time_ns": 1.158733e6
    },
    "tree_1d_dgsem/elixir_mhd_ec.jl/p7_rhs!": {
      "cv": 0.08466009964639258,
      "p25_time_ns": 14467.0,
      "std_time_ns": 1243.4922422417446,
      "median_time_ns": 14487.0,
      "allocs": 0,
      "gc_time_ns": 0.0,
      "memory_bytes": 0,
      "iqr_time_ns": 51.0,
      "p75_time_ns": 14518.0,
      "min_time_ns": 14357.0,
      "mean_time_ns": 14688.0555,
      "max_time_ns": 43130.0,
      "p99_time_ns": 22172.0,
      "samples": 10000,
      "p95_time_ns": 14587.0
    },
    "structured_1d_dgsem/elixir_euler_sedov.jl/p3_rhs!": {
      "cv": 0.09487704617952851,
      "p25_time_ns": 11832.0,
      "std_time_ns": 1136.8203157246376,
      "median_time_ns": 11852.0,
      "allocs": 0,
      "gc_time_ns": 0.0,
      "memory_bytes": 0,
      "iqr_time_ns": 51.0,
      "p75_time_ns": 11883.0,
      "min_time_ns": 11752.0,
      "mean_time_ns": 11982.0374,
      "max_time_ns": 58710.0,
      "p99_time_ns": 19457.0,
      "samples": 10000,
      "p95_time_ns": 11952.0
    },
    "tree_2d_dgsem/elixir_euler_ec.jl/p3_analysis": {
      "cv": 0.009282908407277152,
      "p25_time_ns": 2.291427e6,
      "std_time_ns": 21340.50037716785,
      "median_time_ns": 2.294864e6,
      "allocs": 0,
      "gc_time_ns": 0.0,
      "memory_bytes": 0,
      "iqr_time_ns": 9267.0,
      "p75_time_ns": 2.300694e6,
      "min_time_ns": 2.285816e6,
      "mean_time_ns": 2.298902395766222e6,
      "max_time_ns": 2.687864e6,
      "p99_time_ns": 2.355837e6,
      "samples": 2173,
      "p95_time_ns": 2.313568e6
    },
    "structured_1d_dgsem/elixir_euler_sedov.jl/p7_analysis": {
      "cv": 0.1312014228101661,
      "p25_time_ns": 7965.0,
      "std_time_ns": 1085.1661546140626,
      "median_time_ns": 8085.0,
      "allocs": 128,
      "gc_time_ns": 0.0,
      "memory_bytes": 8192,
      "iqr_time_ns": 371.0,
      "p75_time_ns": 8336.0,
      "min_time_ns": 7835.0,
      "mean_time_ns": 8270.9938,
      "max_time_ns": 26761.0,
      "p99_time_ns": 11020.0,
      "samples": 10000,
      "p95_time_ns": 8676.0
    },
    "tree_2d_dgsem/elixir_euler_vortex_mortar.jl/p7_analysis": {
      "cv": 0.012199554961329516,
      "p25_time_ns": 6.296639e6,
      "std_time_ns": 77023.62763749935,
      "median_time_ns": 6.3026135e6,
      "allocs": 0,
      "gc_time_ns": 0.0,
      "memory_bytes": 0,
      "iqr_time_ns": 13873.0,
      "p75_time_ns": 6.310512e6,
      "min_time_ns": 6.274735e6,
      "mean_time_ns": 6.313642414141414e6,
      "max_time_ns": 8.015793e6,
      "p99_time_ns": 6.533938e6,
      "samples": 792,
      "p95_time_ns": 6.353131e6
    },
    "tree_2d_dgsem/elixir_euler_vortex_mortar.jl/p3_rhs!": {
      "cv": 0.10212221960153245,
      "p25_time_ns": 352246.0,
      "std_time_ns": 36782.20501779781,
      "median_time_ns": 353549.0,
      "allocs": 0,
      "gc_time_ns": 0.0,
      "memory_bytes": 0,
      "iqr_time_ns": 9208.0,
      "p75_time_ns": 361454.0,
      "min_time_ns": 349241.0,
      "mean_time_ns": 360178.2762,
      "max_time_ns": 1.495237e6,
      "p99_time_ns": 434740.0,
      "samples": 10000,
      "p95_time_ns": 368977.0
    },
    "tree_2d_dgsem/elixir_advection_amr_nonperiodic.jl/p7_analysis": {
      "cv": 0.026240563190732646,
      "p25_time_ns": 3.979385e6,
      "std_time_ns": 105245.96642712357,
      "median_time_ns": 3.985117e6,
      "allocs": 0,
      "gc_time_ns": 0.0,