{
  "metadata": {
    "run_number": 61,
    "julia_version": "1.11.9",
    "commit_hash": "9a0db6b56c85a0d840fef9fdce4b490ea3d2487a",
    "git_dirty": false,
    "hostname": "runnervmwffz4",
    "git_branch": "main",
    "timestamp": "2026-02-11T09:46:00.356",
    "group": "enzyme",
    "system": {
      "julia_threads": 1,
      "arch": "x86_64",
      "word_size": 64,
      "os": "Linux",
      "cpu_threads": 4
    }
  },
  "benchmarks": {
    "basics/make_zero/array": {
      "cv": 0.8023453423124461,
      "p25_time_ns": 60.0,
      "std_time_ns": 64.35315122911474,
      "median_time_ns": 60.0,
      "allocs": 2,
      "gc_time_ns": 0.0,
      "memory_bytes": 928,
      "iqr_time_ns": 10.0,
      "p75_time_ns": 70.0,
      "min_time_ns": 50.0,
      "mean_time_ns": 80.2063,
      "max_time_ns": 1012.0,
      "p99_time_ns": 381.0,
      "samples": 10000,
      "p95_time_ns": 221.0
    },
    "basics/make_zero/namedtuple": {
      "cv": 4.157463022960018,
      "p25_time_ns": 30.0,
      "std_time_ns": 135.86173412731043,
      "median_time_ns": 30.0,
      "allocs": 0,
      "gc_time_ns": 0.0,
      "memory_bytes": 0,
      "iqr_time_ns": 0.0,
      "p75_time_ns": 30.0,
      "min_time_ns": 30.0,
      "mean_time_ns": 32.679,
      "max_time_ns": 13610.0,
      "p99_time_ns": 40.0,
      "samples": 10000,
      "p95_time_ns": 40.0
    },
    "autodiff/reverse/complex": {
      "cv": 0.14399936423873183,
      "p25_time_ns": 26010.0,
      "std_time_ns": 4128.3426420504065,
      "median_time_ns": 28863.0,
      "allocs": 3,
      "gc_time_ns": 0.0,
      "memory_bytes": 8072,
      "iqr_time_ns": 3044.0,
      "p75_time_ns": 29054.0,
      "min_time_ns": 24817.0,
      "mean_time_ns": 28669.1727,
      "max_time_ns": 245340.0,
      "p99_time_ns": 38488.0,
      "samples": 10000,
      "p95_time_ns": 32399.0
    },
    "autodiff/forward/complex": {
      "cv": 0.15109630517891695,
      "p25_time_ns": 17286.0,
      "std_time_ns": 2676.7091829519413,
      "median_time_ns": 17366.0,
      "allocs": 3,
      "gc_time_ns": 0.0,
      "memory_bytes": 8072,
      "iqr_time_ns": 180.0,
      "p75_time_ns": 17466.0,
      "min_time_ns": 16865.0,
      "mean_time_ns": 17715.2524,
      "max_time_ns": 225311.0,
      "p99_time_ns": 26860.0,
      "samples": 10000,
      "p95_time_ns": 18508.0
    },
    "basics/make_zero/struct": {
      "cv": 0.9154764396382237,
      "p25_time_ns": 190.0,
      "std_time_ns": 228.07063135890346,
      "median_time_ns": 211.0,
      "allocs": 7,
      "gc_time_ns": 0.0,
      "memory_bytes": 496,
      "iqr_time_ns": 90.0,
      "p75_time_ns": 280.0,
      "min_time_ns": 170.0,
      "mean_time_ns": 249.1278,
      "max_time_ns": 11357.0,
      "p99_time_ns": 551.0,
      "samples": 10000,
      "p95_time_ns": 441.0
    },
    "autodiff/forward/simple": {
      "cv": 0.8113699396860073,
      "p25_time_ns": 151.0,
      "std_time_ns": 1318.768407442037,
      "median_time_ns": 2134.0,
      "allocs": 4,
      "gc_time_ns": 0.0,
      "memory_bytes": 2720,
      "iqr_time_ns": 2112.0,
      "p75_time_ns": 2263.0,
      "min_time_ns": 120.0,
      "mean_time_ns": 1625.3602,
      "max_time_ns": 30646.0,
      "p99_time_ns": 5579.0,
      "samples": 10000,
      "p95_time_ns": 2513.0
    },
    "autodiff/reverse/simple": {
      "cv": 0.7088004004891018,
      "p25_time_ns": 301.0,
      "std_time_ns": 1243.9657542302682,
      "median_time_ns": 2273.0,
      "allocs": 4,
      "gc_time_ns": 0.0,
      "memory_bytes": 2720,
      "iqr_time_ns": 2093.0,
      "p75_time_ns": 2394.0,
      "min_time_ns": 270.0,
      "mean_time_ns": 1755.0297,
      "max_time_ns": 19759.0,
      "p99_time_ns": 5689.0,
      "samples": 10000,
      "p95_time_ns": 2624.0
    }
  }
}