{
  "metadata": {
    "run_number": 1,
    "julia_version": "1.11.9",
    "commit_hash": "c105fa5adadea12369bba62be390719e74edc09b",
    "git_dirty": true,
    "hostname": "runnervmwffz4",
    "git_branch": "main",
    "timestamp": "2026-02-11T10:36:19.844",
    "group": "trixi",
    "system": {
      "julia_threads": 1,
      "arch": "x86_64",
      "word_size": 64,
      "os": "Linux",
      "cpu_threads": 4
    }
  },
  "benchmarks": {
    "tree_2d_dgsem/elixir_euler_ec.jl/p7_analysis": {
      "cv": 0.013460613793747205,
      "p25_time_ns": 1.1026064e7,
      "std_time_ns": 148818.00261473894,
      "median_time_ns": 1.1032597e7,
      "allocs": 0,
      "gc_time_ns": 0.0,
      "memory_bytes": 0,
      "iqr_time_ns": 19407.0,
      "p75_time_ns": 1.1045471e7,
      "min_time_ns": 1.1011828e7,
      "mean_time_ns": 1.1055811042128604e7,
      "max_time_ns": 1.3260474e7,
      "p99_time_ns": 1.1397474e7,
      "samples": 451,
      "p95_time_ns": 1.1105412e7
    },
    "tree_1d_dgsem/elixir_mhd_ec.jl/p3_analysis": {
      "cv": 0.18155081724334296,
      "p25_time_ns": 3206.0,
      "std_time_ns": 590.4882053027395,
      "median_time_ns": 3216.0,
      "allocs": 0,
      "gc_time_ns": 0.0,
      "memory_bytes": 0,
      "iqr_time_ns": 20.0,
      "p75_time_ns": 3226.0,
      "min_time_ns": 3166.0,
      "mean_time_ns": 3252.4679,
      "max_time_ns": 29795.0,
      "p99_time_ns": 3306.0,
      "samples": 10000,
      "p95_time_ns": 3266.0
    },
    "tree_2d_dgsem/elixir_euler_ec.jl/p3_rhs!": {
      "cv": 0.019843876460139104,
      "p25_time_ns": 1.380484e6,
      "std_time_ns": 27538.998101727328,
      "median_time_ns": 1.38373e6,
      "allocs": 0,
      "gc_time_ns": 0.0,
      "memory_bytes": 0,
      "iqr_time_ns": 8686.0,
      "p75_time_ns": 1.38917e6,
      "min_time_ns": 1.375474e6,
      "mean_time_ns": 1.387783186266333e6,
      "max_time_ns": 2.238277e6,
      "p99_time_ns": 1.4382e6,
      "samples": 3597,
      "p95_time_ns": 1.400451e6
    },
    "tree_1d_dgsem/elixir_mhd_ec.jl/p3_rhs!": {
      "cv": 0.13333336546045807,
      "p25_time_ns": 5339.0,
      "std_time_ns": 720.6239336367707,
      "median_time_ns": 5340.0,
      "allocs": 0,
      "gc_time_ns": 0.0,
      "memory_bytes": 0,
      "iqr_time_ns": 11.0,
      "p75_time_ns": 5350.0,
      "min_time_ns": 5299.0,
      "mean_time_ns": 5404.6782,
      "max_time_ns": 30356.0,
      "p99_time_ns": 5440.0,
      "samples": 10000,
      "p95_time_ns": 5410.0
    },
    "tree_2d_dgsem/elixir_advection_amr_nonperiodic.jl/p3_analysis": {
      "cv": 0.014160576790479737,
      "p25_time_ns": 847534.0,
      "std_time_ns": 12076.799004663812,
      "median_time_ns": 849863.0,
      "allocs": 0,
      "gc_time_ns": 0.0,
      "memory_bytes": 0,
      "iqr_time_ns": 6462.0,
      "p75_time_ns": 853996.0,
      "min_time_ns": 835351.0,
      "mean_time_ns": 852846.5459671908,
      "max_time_ns": 1.12533e6,
      "p99_time_ns": 890584.0,
      "samples": 5852,
      "p95_time_ns": 874093.0
    },
    "tree_2d_dgsem/elixir_advection_amr_nonperiodic.jl/p7_rhs!": {
      "cv": 0.02188627281739114,
      "p25_time_ns": 318822.0,
      "std_time_ns": 7076.93401728283,
      "median_time_ns": 320399.5,
      "allocs": 0,
      "gc_time_ns": 0.0,
      "memory_bytes": 0,
      "iqr_time_ns": 9428.0,
      "p75_time_ns": 328250.0,
      "min_time_ns": 317008.0,
      "mean_time_ns": 323350.3519,
      "max_time_ns": 495380.0,
      "p99_time_ns": 342736.0,
      "samples": 10000,
      "p95_time_ns": 331606.0
    },
    "tree_2d_dgsem/elixir_euler_ec.jl/p7_rhs!": {
      "cv": 0.008604082387302984,
      "p25_time_ns": 9.429721e6,
      "std_time_ns": 81394.23109417199,
      "median_time_ns": 9.442685e6,
      "allocs": 0,
      "gc_time_ns": 0.0,
      "memory_bytes": 0,
      "iqr_time_ns": 34465.0,
      "p75_time_ns": 9.464186e6,
      "min_time_ns": 9.40691e6,
      "mean_time_ns": 9.459954871455576e6,
      "max_time_ns": 1.0703597e7,
      "p99_time_ns": 9.79515e6,
      "samples": 529,
      "p95_time_ns": 9.535418e6
    },
    "tree_2d_dgsem/elixir_euler_vortex_mortar.jl/p7_rhs!": {
      "cv": 0.014124312532037026,
      "p25_time_ns": 1.13073e6,
      "std_time_ns": 16067.43515984694,
      "median_time_ns": 1.1352135e6,
      "allocs": 0,
      "gc_time_ns": 0.0,
      "memory_bytes": 0,
      "iqr_time_ns": 9838.0,
      "p75_time_ns": 1.140568e6,
      "min_time_ns": 1.117946e6,
      "mean_time_ns": 1.1375728994528044e6,
      "max_time_ns": 1.542404e6,
      "p99_time_ns": 1.18471e6,
      "samples": 4386,
      "p95_time_ns": 1.154875e6
    },
    "tree_1d_dgsem/elixir_mhd_ec.jl/p7_rhs!": {
      "cv": 0.07686412616107281,
      "p25_time_ns": 14507.0,
      "std_time_ns": 1129.3445364613021,
      "median_time_ns": 14527.0,
      "allocs": 0,
      "gc_time_ns": 0.0,
      "memory_bytes": 0,
      "iqr_time_ns": 50.0,
      "p75_time_ns": 14557.0,
      "min_time_ns": 14397.0,
      "mean_time_ns": 14692.7389,
      "max_time_ns": 38601.0,
      "p99_time_ns": 21991.0,
      "samples": 10000,
      "p95_time_ns": 14617.0
    },
    "structured_1d_dgsem/elixir_euler_sedov.jl/p3_rhs!": {
      "cv": 0.09373199726821017,
      "p25_time_ns": 11882.0,
      "std_time_ns": 1131.2856778358318,
      "median_time_ns": 11912.0,
      "allocs": 0,
      "gc_time_ns": 0.0,
      "memory_bytes": 0,
      "iqr_time_ns": 70.0,
      "p75_time_ns": 11952.0,
      "min_time_ns": 11792.0,
      "mean_time_ns": 12069.3649,
      "max_time_ns": 40345.0,
      "p99_time_ns": 19286.0,
      "samples": 10000,
      "p95_time_ns": 12032.0
    },
    "tree_2d_dgsem/elixir_euler_ec.jl/p3_analysis": {
      "cv": 0.009004831443707086,
      "p25_time_ns": 2.29246e6,
      "std_time_ns": 20717.122135077156,
      "median_time_ns": 2.296237e6,
      "allocs": 0,
      "gc_time_ns": 0.0,
      "memory_bytes": 0,
      "iqr_time_ns": 9508.0,
      "p75_time_ns": 2.301968e6,
      "min_time_ns": 2.28707e6,
      "mean_time_ns": 2.3006673988945186e6,
      "max_time_ns": 2.774422e6,
      "p99_time_ns": 2.354405e6,
      "samples": 2171,
      "p95_time_ns": 2.326925e6
    },
    "structured_1d_dgsem/elixir_euler_sedov.jl/p7_analysis": {
      "cv": 0.12472827242798284,
      "p25_time_ns": 8025.0,
      "std_time_ns": 1044.5529450311494,
      "median_time_ns": 8275.0,
      "allocs": 128,
      "gc_time_ns": 0.0,
      "memory_bytes": 8192,
      "iqr_time_ns": 401.0,
      "p75_time_ns": 8426.0,
      "min_time_ns": 7845.0,
      "mean_time_ns": 8374.6285,
      "max_time_ns": 42258.0,
      "p99_time_ns": 11652.0,
      "samples": 10000,
      "p95_time_ns": 8766.0
    },
    "tree_2d_dgsem/elixir_euler_vortex_mortar.jl/p7_analysis": {
      "cv": 0.009706310598417343,
      "p25_time_ns": 6.292318e6,
      "std_time_ns": 61212.50423693174,
      "median_time_ns": 6.297639e6,
      "allocs": 0,
      "gc_time_ns": 0.0,
      "memory_bytes": 0,
      "iqr_time_ns": 13445.0,
      "p75_time_ns": 6.305763e6,
      "min_time_ns": 6.280346e6,
      "mean_time_ns": 6.306464605296343e6,
      "max_time_ns": 7.392411e6,
      "p99_time_ns": 6.410588e6,
      "samples": 793,
      "p95_time_ns": 6.33823e6
    },
    "tree_2d_dgsem/elixir_euler_vortex_mortar.jl/p3_rhs!": {
      "cv": 0.030681241111221797,
      "p25_time_ns": 350340.0,
      "std_time_ns": 10891.333841628677,
      "median_time_ns": 351472.0,
      "allocs": 0,
      "gc_time_ns": 0.0,
      "memory_bytes": 0,
      "iqr_time_ns": 8536.0,
      "p75_time_ns": 358876.0,
      "min_time_ns": 347846.0,
      "mean_time_ns": 354983.4833,
      "max_time_ns": 640710.0,
      "p99_time_ns": 377200.0,
      "samples": 10000,
      "p95_time_ns": 363665.0
    },
    "tree_2d_dgsem/elixir_advection_amr_nonperiodic.jl/p7_analysis": {
      "cv": 0.004530037981514217,
      "p25_time_ns": 3.943864e6,
      "std_time_ns": 17896.609821299146,
      "median_time_ns": 3.946449e6,
      "allocs": 0,
      "gc_time_ns": 0.0,
      "memory_bytes": 0,