{
  "metadata": {
    "run_number": 64,
    "julia_version": "1.11.9",
    "commit_hash": "0b8dd93cc66465870759104d1b30c99a4accad75",
    "git_dirty": true,
    "hostname": "runnervm0kj6c",
    "git_branch": "main",
    "timestamp": "2026-03-14T03:03:32.355",
    "group": "trixi",
    "system": {
      "julia_threads": 1,
      "arch": "x86_64",
      "word_size": 64,
      "os": "Linux",
      "cpu_threads": 4
    }
  },
  "benchmarks": {
    "tree_2d_dgsem/elixir_euler_ec.jl/p7_analysis": {
      "cv": 0.038196385314745056,
      "p25_time_ns": 1.1104434e7,
      "std_time_ns": 426767.23078239465,
      "median_time_ns": 1.112339e7,
      "allocs": 0,
      "gc_time_ns": 0.0,
      "memory_bytes": 0,
      "iqr_time_ns": 42300.0,
      "p75_time_ns": 1.1146734e7,
      "min_time_ns": 1.1079088e7,
      "mean_time_ns": 1.1172974281879194e7,
      "max_time_ns": 1.8061071e7,
      "p99_time_ns": 1.2115824e7,
      "samples": 447,
      "p95_time_ns": 1.1230492e7
    },
    "tree_1d_dgsem/elixir_mhd_ec.jl/p3_analysis": {
      "cv": 0.1704085511291538,
      "p25_time_ns": 3346.0,
      "std_time_ns": 582.7866965723911,
      "median_time_ns": 3376.0,
      "allocs": 0,
      "gc_time_ns": 0.0,
      "memory_bytes": 0,
      "iqr_time_ns": 71.0,
      "p75_time_ns": 3417.0,
      "min_time_ns": 3206.0,
      "mean_time_ns": 3419.9381,
      "max_time_ns": 22002.0,
      "p99_time_ns": 3567.0,
      "samples": 10000,
      "p95_time_ns": 3496.0
    },
    "tree_2d_dgsem/elixir_euler_ec.jl/p3_rhs!": {
      "cv": 0.016971918248253493,
      "p25_time_ns": 1.388113e6,
      "std_time_ns": 23709.502355658937,
      "median_time_ns": 1.393633e6,
      "allocs": 0,
      "gc_time_ns": 0.0,
      "memory_bytes": 0,
      "iqr_time_ns": 10130.0,
      "p75_time_ns": 1.398243e6,
      "min_time_ns": 1.383454e6,
      "mean_time_ns": 1.3969842423733557e6,
      "max_time_ns": 1.942899e6,
      "p99_time_ns": 1.465298e6,
      "samples": 3573,
      "p95_time_ns": 1.417629e6
    },
    "tree_1d_dgsem/elixir_mhd_ec.jl/p3_rhs!": {
      "cv": 0.12800728512835144,
      "p25_time_ns": 5339.0,
      "std_time_ns": 691.5814519633318,
      "median_time_ns": 5340.0,
      "allocs": 0,
      "gc_time_ns": 0.0,
      "memory_bytes": 0,
      "iqr_time_ns": 11.0,
      "p75_time_ns": 5350.0,
      "min_time_ns": 5300.0,
      "mean_time_ns": 5402.6726,
      "max_time_ns": 23684.0,
      "p99_time_ns": 5450.0,
      "samples": 10000,
      "p95_time_ns": 5410.0
    },
    "tree_2d_dgsem/elixir_advection_amr_nonperiodic.jl/p3_analysis": {
      "cv": 0.018535123903561712,
      "p25_time_ns": 839108.0,
      "std_time_ns": 15647.113618555546,
      "median_time_ns": 839829.0,
      "allocs": 0,
      "gc_time_ns": 0.0,
      "memory_bytes": 0,
      "iqr_time_ns": 3566.0,
      "p75_time_ns": 842674.0,
      "min_time_ns": 830011.0,
      "mean_time_ns": 844187.1605481306,
      "max_time_ns": 1.33281e6,
      "p99_time_ns": 878040.0,
      "samples": 5911,
      "p95_time_ns": 868533.0
    },
    "tree_2d_dgsem/elixir_advection_amr_nonperiodic.jl/p7_rhs!": {
      "cv": 0.04371523211110811,
      "p25_time_ns": 318084.0,
      "std_time_ns": 14157.130606186647,
      "median_time_ns": 320027.0,
      "allocs": 0,
      "gc_time_ns": 0.0,
      "memory_bytes": 0,
      "iqr_time_ns": 9528.0,
      "p75_time_ns": 327612.0,
      "min_time_ns": 315108.0,
      "mean_time_ns": 323848.9177,
      "max_time_ns": 562572.0,
      "p99_time_ns": 361395.0,
      "samples": 10000,
      "p95_time_ns": 333713.0
    },
    "tree_2d_dgsem/elixir_euler_ec.jl/p7_rhs!": {
      "cv": 0.010776017684558168,
      "p25_time_ns": 9.465423e6,
      "std_time_ns": 102463.82100428497,
      "median_time_ns": 9.483969e6,
      "allocs": 0,
      "gc_time_ns": 0.0,
      "memory_bytes": 0,
      "iqr_time_ns": 58922.0,
      "p75_time_ns": 9.524345e6,
      "min_time_ns": 9.428876e6,
      "mean_time_ns": 9.508505275665399e6,
      "max_time_ns": 1.1048011e7,
      "p99_time_ns": 9.83726e6,
      "samples": 526,
      "p95_time_ns": 9.613651e6
    },
    "tree_2d_dgsem/elixir_euler_vortex_mortar.jl/p7_rhs!": {
      "cv": 0.08528535635770214,
      "p25_time_ns": 1.139308e6,
      "std_time_ns": 98655.16902515161,
      "median_time_ns": 1.1442325e6,
      "allocs": 0,
      "gc_time_ns": 0.0,
      "memory_bytes": 0,
      "iqr_time_ns": 11742.0,
      "p75_time_ns": 1.15105e6,
      "min_time_ns": 1.126334e6,
      "mean_time_ns": 1.1567656305658626e6,
      "max_time_ns": 2.914795e6,
      "p99_time_ns": 1.465197e6,
      "samples": 4312,
      "p95_time_ns": 1.173122e6
    },
    "tree_1d_dgsem/elixir_mhd_ec.jl/p7_rhs!": {
      "cv": 0.08664662334851374,
      "p25_time_ns": 14537.0,
      "std_time_ns": 1277.1428080646342,
      "median_time_ns": 14557.0,
      "allocs": 0,
      "gc_time_ns": 0.0,
      "memory_bytes": 0,
      "iqr_time_ns": 50.0,
      "p75_time_ns": 14587.0,
      "min_time_ns": 14407.0,
      "mean_time_ns": 14739.672,
      "max_time_ns": 43231.0,
      "p99_time_ns": 22352.0,
      "samples": 10000,
      "p95_time_ns": 14647.0
    },
    "structured_1d_dgsem/elixir_euler_sedov.jl/p3_rhs!": {
      "cv": 0.08808844524457674,
      "p25_time_ns": 12453.0,
      "std_time_ns": 1111.678742360315,
      "median_time_ns": 12483.0,
      "allocs": 0,
      "gc_time_ns": 0.0,
      "memory_bytes": 0,
      "iqr_time_ns": 61.0,
      "p75_time_ns": 12514.0,
      "min_time_ns": 12373.0,
      "mean_time_ns": 12620.0291,
      "max_time_ns": 41007.0,
      "p99_time_ns": 20208.0,
      "samples": 10000,
      "p95_time_ns": 12584.0
    },
    "tree_2d_dgsem/elixir_euler_ec.jl/p3_analysis": {
      "cv": 0.008130041792872513,
      "p25_time_ns": 2.320264e6,
      "std_time_ns": 18931.709301408013,
      "median_time_ns": 2.324371e6,
      "allocs": 0,
      "gc_time_ns": 0.0,
      "memory_bytes": 0,
      "iqr_time_ns": 9648.0,
      "p75_time_ns": 2.329912e6,
      "min_time_ns": 2.315365e6,
      "mean_time_ns": 2.3286115599067598e6,
      "max_time_ns": 2.645312e6,
      "p99_time_ns": 2.399131e6,
      "samples": 2145,
      "p95_time_ns": 2.352183e6
    },
    "structured_1d_dgsem/elixir_euler_sedov.jl/p7_analysis": {
      "cv": 0.1440946849951403,
      "p25_time_ns": 8146.0,
      "std_time_ns": 1222.7690095206758,
      "median_time_ns": 8345.0,
      "allocs": 128,
      "gc_time_ns": 0.0,
      "memory_bytes": 8192,
      "iqr_time_ns": 390.0,
      "p75_time_ns": 8536.0,
      "min_time_ns": 7904.0,
      "mean_time_ns": 8485.8717,
      "max_time_ns": 38072.0,
      "p99_time_ns": 11983.0,
      "samples": 10000,
      "p95_time_ns": 8906.0
    },
    "tree_2d_dgsem/elixir_euler_vortex_mortar.jl/p7_analysis": {
      "cv": 0.004768036150009418,
      "p25_time_ns": 6.304847e6,
      "std_time_ns": 30131.26356855301,
      "median_time_ns": 6.311841e6,
      "allocs": 0,
      "gc_time_ns": 0.0,
      "memory_bytes": 0,
      "iqr_time_ns": 18265.0,
      "p75_time_ns": 6.323112e6,
      "min_time_ns": 6.290832e6,
      "mean_time_ns": 6.319428506953224e6,
      "max_time_ns": 6.665531e6,
      "p99_time_ns": 6.438668e6,
      "samples": 791,
      "p95_time_ns": 6.362274e6
    },
    "tree_2d_dgsem/elixir_euler_vortex_mortar.jl/p3_rhs!": {
      "cv": 0.08493400900544708,
      "p25_time_ns": 360133.0,
      "std_time_ns": 31230.906183401443,
      "median_time_ns": 361415.5,
      "allocs": 0,
      "gc_time_ns": 0.0,
      "memory_bytes": 0,
      "iqr_time_ns": 9397.0,
      "p75_time_ns": 369530.0,
      "min_time_ns": 357378.0,
      "mean_time_ns": 367707.9011,
      "max_time_ns": 1.162722e6,
      "p99_time_ns": 439571.0,
      "samples": 10000,
      "p95_time_ns": 378276.0
    },
    "tree_2d_dgsem/elixir_advection_amr_nonperiodic.jl/p7_analysis": {
      "cv": 0.02735544371025501,
      "p25_time_ns": 3.957573e6,
      "std_time_ns": 109088.82826434117,
      "median_time_ns": 3.971168e6,
      "allocs": 0,
      "gc_time_ns": 0.0,